id,title,year
35423,Kate & Leopold,2001
64177,Colossus: The Forbin Project,1970
64510,Jenny,1970
64598,London Affair,1970
64949,Scream and Scream Again,1970
65134,Two Mules for Sister Sara,1970
65161,La vacanza,1971
65370,Act of the Heart,1970
65377,Airport,1970
65380,Alex in Wonderland,1970
65384,All the Way Up,1970
65439,The Confession,1970
65441,The Baby Maker,1970
65446,The Ballad of Cable Hogue,1970
65454,The Boat on the Grass,1971
65481,Bloody Mama,1970
65492,Brewster McCloud,1970
65520,Cannon for Cordoba,1970
65528,Catch-22,1970
65542,The Cheyenne Social Club,1970
65553,Five Dolls for an August Moon,1970
65555,Violent City,1970
65581,Brotherly Love,1970
65582,Cover Me Babe,1970
65593,Cromwell,1970
65636,Diary of a Mad Housewife,1970
65642,Dirty Dingus Magee,1970
65692,End of the Road,1970
65700,Entertaining Mr Sloane,1970
65703,First Love,1970
65711,The Executioner,1970
65720,Figures in a Landscape,1970
65724,Five Easy Pieces,1970
65731,Fools,1970
65760,Gas! -Or- It Became Necessary to Destroy the World in Order to Save It.,1970
65775,Getting Straight,1970
65782,Sunflower,1970
65797,The Great White Hope,1970
65820,The Hawaiians,1970
65830,Langlois,1970
65832,Hercules in New York,1970
65836,"Hi, Mom!",1970
65842,Mr. Superinvisible,1970
65867,Husbands,1970
65871,I Love My Wife,1970
65916,Joe,1970
65922,Julius Caesar,1970
65938,Kelly's Heroes,1970
65944,King: A Filmed Record... Montgomery to Memphis,1970
65957,The Lady in the Car with Glasses and a Gun,1970
65967,The Last Grenade,1970
65969,The Last Valley,1971
65970,The Lawyer,1970
65988,Little Big Man,1970
65989,Little Fauss and Big Halsy,1970
65990,Tvár pod maskou,1970
66011,Love Story,1970
66017,Loving,1970
66026,MASH,1970
66043,The Making of 'Butch Cassidy and the Sundance Kid',1970
66080,The Mind of Mr. Soames,1970
66090,The Molly Maguires,1970
66093,Monte Walsh,1970
66096,The Moonshine War,1970
66113,"My Lover, My Son",1970
66115,Myra Breckinridge,1970
66141,The Night Visitor,1971
66181,On a Clear Day You Can See Forever,1970
66193,The Out of Towners,1970
66195,The Owl and the Pussycat,1970
66209,The People Next Door,1970
66222,Pieces of Dreams,1970
66262,Puzzle of a Downfall Child,1970
66266,Quackser Fortune Has a Cousin in the Bronx,1970
66273,R.P.M.,1970
66274,"Rabbit, Run",1970
66286,The Rebel Rousers,1970
66296,The Revolutionary,1970
66312,"Rosolino Paternò, soldato...",1970
66319,Ryan's Daughter,1970
66344,Scrooge,1970
66384,Skullduggery,1970
66390,Soldier Blue,1970
66392,Something for Everyone,1970
66402,Start the Revolution Without Me,1970
66410,Story of a Woman,1970
66415,The Strawberry Statement,1970
66422,Suppose They Gave a War and Nobody Came?,1970
66434,THX 1138,1971
66448,There Was a Crooked Man...,1970
66450,They Call Me Mister Tibbs!,1970
66454,Three Sisters,1970
66471,Too Late the Hero,1970
66485,The Traveling Executioner,1970
66491,Tristana,1970
66494,Tropic of Cancer,1970
66495,The Twelve Chairs,1970
66518,The Vampire Lovers,1970
66528,The Virgin and the Gypsy,1970
66540,WUSA,1970
66543,The Walking Stick,1970
66549,Waterloo,1970
66563,Where's Poppa?,1970
66580,Woodstock,1970
66605,Zig Zag,1970
66728,The Million Dollar Duck,1971
66730,10 Rillington Place,1971
66765,And Now for Something Completely Different,1971
66767,The Anderson Tapes,1971
66793,As Far as Love Can Go,1971
66808,Bananas,1971
66811,The Barefoot Executive,1971
66817,Bedknobs and Broomsticks,1971
66819,The Beguiled,1971
66822,Believe in Me,1971
66826,The Touch,1971
66829,The Sin,1972
66856,Born to Win,1971
66892,Carnal Knowledge,1971
66898,The House Without Frontiers,1972
66900,Catlow,1971
66907,Chato's Land,1972
66920,Clay Pigeon,1971
66929,The Dove Must Not Fly,1970
66967,Danny Jones,1972
66970,Cold Sweat,1970
66986,Desperate Characters,1971
66993,The Devils,1971
66997,Directed by John Ford,1971
66999,Dirty Harry,1971
67003,'Doc',1971
67004,Doctors' Wives,1971
67065,Escape from the Planet of the Apes,1971
67109,Fools' Parade,1971
67116,The French Connection,1971
67119,Fright,1971
67140,"Duck, You Sucker",1971
67146,Going Home,1971
67168,A Gunfight,1971
67180,"Happy Birthday, Wanda June",1971
67204,The Hired Hand,1971
67216,The Horsemen,1971
67217,The Hospital,1971
67219,How to Frame a Figg,1971
67224,The Hunting Party,1971
67228,Hændeligt uheld,1971
67243,In the Devil's Garden,1971
67245,The Incredible 2-Headed Transplant,1971
67248,Inn of the Frightened People,1971
67258,J W Coop,1971
67277,Johnny Got His Gun,1971
67297,Catch Me a Spy,1971
67302,Kidnapped,1971
67303,Don't Turn the Other Cheek,1971
67309,Klute,1971
67328,The Last Picture Show,1971
67333,Lawman,1971
67345,The Light at the Edge of the World,1971
67350,Little Murders,1971
67359,The Love Machine,1971
67382,The Deadly Trap,1971
67388,Man in the Wilderness,1971
67402,"Mary, Queen of Scots",1971
67411,McCabe & Mrs. Miller,1971
67419,The Mephisto Waltz,1971
67433,Minnie and Moskowitz,1971
67437,The Priest's Wife,1970
67457,Murders in the Rue Morgue,1971
67531,One More Train to Rob,1971
67535,The Organization,1971
67549,The Panic in Needle Park,1971
67568,Percy,1971
67589,Plaza Suite,1971
67634,The Pursuit of Happiness,1971
67645,Quest for Love,1971
67659,Red Sky at Morning,1971
67699,A Safe Place,1971
67710,Angel's Leap,1971
67713,Scars of Dracula,1970
67719,Scipio the African,1971
67738,A Severed Head,1971
67756,Silent Running,1972
67763,Skin Game,1971
67773,Someone Behind the Door,1971
67774,Sometimes a Great Notion,1971
67791,The Statue,1971
67800,Straw Dogs,1971
67801,Such Good Friends,1971
67804,Summertree,1971
67805,Sunday Bloody Sunday,1971
67817,T.R. Baskin,1971
67838,Telegramma,1972
67870,A Town Called Hell,1971
67881,The Trojan Women,1971
67900,Un Flic,1972
67914,Ripped-Off,1972
67919,The Emigrants,1971
67921,Valdez Is Coming,1971
67927,Vanishing Point,1971
67958,WR: Mysteries of the Organism,1971
67975,What's the Matter with Helen?,1971
67976,When Eight Bells Toll,1971
67980,Who Is Harry Kellerman and Why Is He Saying Those Terrible Things About Me?,1971
67989,Wild Rovers,1971
67991,Willard,1971
68005,You'll Like My Mother,1972
68011,Zachariah,1971
68022,Something Big,1971
68026,It Only Happens to Others,1971
68173,The Adventures of Barry McKenzie,1972
68207,Anna and the Wolves,1973
68226,The Assassination of Trotsky,1972
68240,Avanti!,1972
68274,The Big Game,1973
68309,Boxcar Bertha,1972
68317,Brother John,1971
68326,Butterflies Are Free,1972
68332,Cancel My Reservation,1972
68334,The Candidate,1972
68337,The Carey Treatment,1972
68347,The Burglars,1971
68356,Chandler,1971
68384,Cisco Pike,1972
68408,Conquest of the Planet of the Apes,1972
68413,Corky,1972
68421,The Cowboys,1972
68424,The Creeping Flesh,1973
68429,"Cry for Me, Billy",1972
68435,The Culpepper Cattle Co.,1972
68441,César and Rosalie,1972
68452,Deadhead Miles,1972
68473,Deliverance,1972
68488,Dirty Weekend,1973
68498,Doomwatch,1972
68505,Dracula A.D. 1972,1972
68509,"Drive, He Said",1971
68521,Ten Days Wonder,1971
68555,Everything You Always Wanted to Know About Sex * But Were Afraid to Ask,1972
68562,FTA,1972
68571,A Fan's Notes,1972
68575,Fat City,1972
68576,Fear Is the Key,1972
68577,Fear in the Night,1972
68615,Frogs,1972
68617,Fuzz,1972
68637,Get to Know Your Rabbit,1972
68640,Girls on the Road,1972
68646,The Godfather,1972
68661,The Great Northfield Minnesota Raid,1972
68663,The Groundstar Conspiracy,1972
68669,Gumshoe,1971
68674,Hammersmith Is Out,1972
68675,Hannie Caulder,1971
68687,The Heartbreak Kid,1972
68694,The Hero,1970
68699,High Plains Drifter,1973
68702,Sonny and Jed,1972
68711,The Honkers,1972
68713,Horror Express,1972
68718,The Hot Rock,1972
68726,I Want What I Want,1972
68727,"I, Monster",1971
68742,Innocent Bystanders,1972
68763,The Jerusalem File,1972
68768,Joe Kidd,1972
68774,Journey,1972
68789,Justin Morgan Had a Horse,1972
68805,The King of Marvin Gardens,1972
68806,"King, Queen, Knave",1972
68850,Love and Pain and the Whole Damn Thing,1973
68863,Lisa and the Devil,1973
68868,Liza,1972
68873,The Loners,1972
68883,Ludwig,1973
68903,Malcolm X,1972
68909,Man of La Mancha,1972
68912,The Man,1972
68920,Antony and Cleopatra,1972
68931,The Mechanic,1972
68962,Molly and Lawless John,1972
68970,Lady Liberty,1971
68984,My Old Man's Place,1971
68990,Napoleon and Samantha,1972
68991,Nathalie Granger,1972
68994,Necromancy,1972
68997,The New Centurions,1972
69007,The Nightcomers,1971
69024,Nothing But the Night,1973
69031,"Now You See Him, Now You Don't",1972
69035,The New Land,1972
69079,My Name Is Rocco Papaleo,1971
69080,Pete 'n' Tillie,1972
69084,Pickup on 101,1972
69097,"Play It Again, Sam",1972
69098,Play It As It Lays,1972
69103,Pocket Money,1972
69112,Portnoy's Complaint,1972
69113,The Poseidon Adventure,1972
69121,Prime Cut,1972
69131,The Public Eye,1972
69158,Rage,1972
69159,"A Reason to Live, a Reason to Die",1972
69212,The Salzburg Connection,1972
69220,Without Appeal,1973
69225,Savage Messiah,1972
69229,Treasure Island,1972
69248,Senza ragione,1973
69278,Skyjacked,1972
69280,Slaughterhouse-Five,1972
69282,Slither,1973
69291,Snowball Express,1972
69303,Sounder,1972
69307,Stand Up and Be Counted,1972
69318,Straight on Till Morning,1972
69341,Tales from the Crypt,1972
69371,They Only Kill Their Masters,1972
69385,To Find a Man,1972
69386,To Kill a Clown,1972
69398,Tout Va Bien,1972
69404,Travels with My Aunt,1972
69414,Trouble Man,1972
69436,Ulzana's Raid,1972
69457,Summertime Killer,1972
69483,The War Between Men and Women,1972
69487,Watched!,1974
69489,Wedding in White,1972
69495,"What's Up, Doc?",1972
69496,When the Legends Die,1972
69515,The Wrath of God,1972
69524,You and Me,1974
69528,Young Winston,1972
69530,Z.P.G.,1972
69676,Ace Eli and Rodger of the Skies,1973
69678,'Tis Pity She's a Whore,1971
69688,Alien Thunder,1974
69762,Badlands,1973
69765,Bang the Drum Slowly,1973
69805,Blueblood,1974
69808,Blume in Love,1973
69824,"Brother Sun, Sister Moon",1972
69841,Cannibal Girls,1973
69866,Charley and the Angel,1973
69883,Cinderella Liberty,1973
69912,Le complot,1973
69923,Cotter,1973
69960,Il delitto Matteotti,1973
69976,Dillinger,1973
69979,Mean Frank and Crazy Tony,1973
69987,A Doll's House,1973
69988,A Doll's House,1973
69989,The Don Is Dead,1973
70022,Electra Glide in Blue,1973
70030,Emperor of the North,1973
70040,The Spirit of the Beehive,1973
70047,The Exorcist,1973
70068,40 Carats,1973
70077,The Friends of Eddie Coyle,1973
70078,From Beyond the Grave,1974
70083,The Outside Man,1972
70102,Prologue to Wounded Knee,1973
70157,The Harrad Experiment,1973
70158,Harry in Your Pocket,1973
70162,Hay que matar a B.,1974
70164,Happy as the Grass Was Green,1973
70170,Henry VIII and His Six Wives,1972
70174,Hex,1973
70183,Hit!,1973
70238,Jeremy,1973
70263,Kamouraska,1973
70267,Kid Blue,1973
70284,Lady Ice,1973
70287,The Last American Hero,1973
70289,The Final Programme,1973
70290,The Last Detail,1973
70291,The Last of Sheila,1973
70292,The Laughing Policeman,1973
70294,The Legend of Hell House,1973
70332,Lolly-Madonna XXX,1973
70334,The Long Goodbye,1973
70337,Lost Horizon,1973
70351,The MacKintosh Man,1973
70355,Magnum Force,1973
70379,Mean Streets,1973
70438,The Neptune Factor,1973
70446,Nightmare Honeymoon,1974
70460,Day for Night,1973
70468,The Offence,1973
70472,Oklahoma Crude,1973
70481,One Little Indian,1973
70509,The Paper Chase,1973
70510,Paper Moon,1973
70518,Pat Garrett & Billy the Kid,1973
70524,Penny Gold,1973
70552,High Crime,1973
70578,The Pyx,1973
70599,A Reflection of Fear,1972
70600,Die Reise nach Wien,1973
70605,Rhinoceros,1974
70616,Running Wild,1973
70625,Salut l'artiste,1973
70634,The Satanic Rites of Dracula,1973
70640,Save the Tiger,1973
70643,Scarecrow,1973
70672,The Seven-Ups,1973
70680,Shamus,1973
70698,Sisters,1972
70707,Sleeper,1973
70716,Superdad,1973
70721,The Soul of Nigger Charley,1973
70731,Steelyard Blues,1973
70735,The Sting,1973
70739,Story of a Love Story,1973
70794,The Thief Who Came to Dinner,1973
70819,A Touch of Class,1973
70827,Shock Treatment,1973
70835,The Triple Echo,1972
70903,The Way We Were,1973
70915,White Lightning,1973
70916,"Wicked, Wicked",1973
70919,Orville and Wilbur,1973
70928,The World's Greatest Athlete,1973
70945,Your Three Minutes Are Up,1973
70948,Zardoz,1974
70960,L'événement le plus important depuis que l'homme a marché sur la Lune,1973
71080,11 Harrowhouse,1974
71089,99 and 44/100% Dead!,1974
71110,Airport 1975,1974
71115,Alice Doesn't Live Here Anymore,1974
71133,The Love of Captain Brando,1974
71154,Appassionata,1974
71155,The Apprenticeship of Duddy Kravitz,1974
71162,"Run, Run, Joe!",1974
71196,Barry McKenzie Holds His Own,1974
71211,Between Wars,1974
71216,Big Bad Mama,1974
71222,Black Christmas,1974
71229,The Black Windmill,1974
71233,Blood for Dracula,1974
71258,Buster and Billie,1974
71259,Busting,1974
71260,Butley,1974
71269,California Split,1974
71288,The Castaway Cowboy,1974
71292,Open Season,1974
71312,Child Under a Leaf,1974
71315,Chinatown,1974
71334,Claudine,1974
71338,Cockfighter,1974
71358,Conrack,1974
71360,The Conversation,1974
71369,Crazy Joe,1974
71370,The Crazy World of Julius Vrooder,1974
71379,El cumpleaños del perro,1975
71385,Daisy Miller,1974
71391,Dark Places,1974
71398,Deadly Strangers,1975
71402,Death Wish,1974
71424,Dirty Mary Crazy Larry,1974
71438,The Dove,1974
71455,Earthquake,1974
71459,One or the Other,1974
71483,Wrong Move,1975
71508,Flesh for Frankenstein,1973
71519,Frankenstein and the Monster from Hell,1974
71521,Freebie and the Bean,1974
71524,The Front Page,1974
71532,The Gambler,1974
71550,The Slap,1974
71554,The Girl from Petrovka,1974
71562,The Godfather: Part II,1974
71566,Gold,1974
71575,The Gravy Train,1974
71577,The Great Gatsby,1974
71583,The Groove Tube,1974
71594,Hangup,1974
71598,Harry and Tonto,1974
71599,Chance and Violence,1974
71648,Il faut vivre dangereusement,1975
71663,The Internecine Project,1974
71677,It's Not the Size That Counts,1974
71706,Juggernaut,1974
71746,Lenny,1974
71760,Little Malcolm and His Struggle Against the Eunuchs,1974
71762,The Little Prince,1974
71772,The Lords of Flatbush,1974
71777,Love at First Sight,1977
71780,Lovin' Molly,1974
71798,The Maids,1975
71806,Man on a Swing,1974
71838,The Midnight Man,1974
71853,Monty Python and the Holy Grail,1975
71864,Love at the Top,1974
71867,Mr. Sycamore,1975
71877,Murder on the Orient Express,1974
71880,The Last 4 Days,1974
71902,Newman's Law,1974
71910,The Night Porter,1974
71935,The Odessa File,1974
71942,One by One,1974
71956,Written Off,1974
71960,The Outfit,1973
71991,Petersen,1974
72007,What Have They Done to Your Daughters?,1974
72025,Acting Hamlet in the Village of Mrdusa Donja,1974
72034,The Prisoner of Second Avenue,1975
72036,Processo per direttissima,1974
72107,S*P*Y*S,1974
72123,The Flower in His Mouth,1975
72130,The Second Coming of Suzanne,1974
72189,Son of Dracula,1973
72206,Steppenwolf,1974
72226,The Sugarland Express,1974
72228,The Super Cops,1974
72251,The Taking of Pelham One Two Three,1974
72253,The Tamarind Seed,1974
72267,The Terminal Man,1974
72274,Thieves Like Us,1974
72281,The Three Musketeers,1973
72288,Thunderbolt and Lightfoot,1974
72305,Don't Touch the White Woman!,1974
72308,The Towering Inferno,1974
72364,The Voyage,1974
72368,"Vincent, François, Paul and the Others",1974
72386,W,1974
72403,The White Dawn,1974
72405,Who?,1974
72417,A Woman Under the Influence,1974
72431,Young Frankenstein,1974
72435,Zandy's Bride,1974
72594,92 in the Shade,1975
72600,Crime and Passion,1976
72608,The Adventure of Sherlock Holmes' Smarter Brother,1975
72653,The Apple Dumpling Gang,1975
72665,At Long Last Love,1975
72705,Bite the Bullet,1975
72725,Boss Nigger,1974
72730,A Boy and His Dog,1975
72732,Brannigan,1975
72735,Breakheart Pass,1975
72737,Breakout,1975
72747,Bucktown,1975
72761,Capone,1975
72785,Cipolla Colt,1975
72812,Conduct Unbecoming,1975
72837,Dog's Heart,1976
72848,The Day of the Locust,1975
72855,The Death Collector,1976
72856,Death Race 2000,1975
72867,Sharon's Baby,1975
72869,The Devil's Rain,1975
72876,Diagnosis: Murder,1975
72877,Diamonds,1975
72883,Distance,1975
72886,Doc Savage: The Man of Bronze,1975
72887,Docteur Françoise Gailland,1976
72893,Doktor Mladen,1975
72912,The Drowning Pool,1975
72926,The Eiger Sanction,1975
72951,Escape to Witch Mountain,1975
72973,"Farewell, My Lovely",1975
73001,The Twist,1976
73008,The Fortune,1975
73011,The Four Deuces,1975
73012,The Four Musketeers: Milady's Revenge,1974
73014,Foxtrot,1976
73026,Funny Lady,1975
73029,Galileo,1975
73039,The Gentleman Tramp,1976
73042,The Ghoul,1975
73069,The Great Adventure,1975
73074,The Great MacArthy,1975
73075,The Great Waldo Pepper,1975
73092,Hard Times,1975
73096,Hearts of the West,1975
73103,Hennessy,1975
73107,Hester Street,1975
73113,The Hindenburg,1975
73131,The 'Human' Factor,1975
73133,Hustle,1975
73158,In Celebration,1975
73169,Dirty Hands,1975
73172,Inserts,1975
73190,Once Is Not Enough,1975
73195,Jaws,1975
73213,Journey Into Fear,1975
73240,The Killer Elite,1975
73241,Killer Force,1976
73244,"King Arthur, the Young Warlord",1975
73278,Leonor,1975
73282,Let's Do It Again,1975
73298,Lisztomania,1975
73312,Love and Death,1975
73317,Lucky Lady,1975
73335,Mahogany,1975
73341,The Man Who Would Be King,1975
73345,The Man in the Glass Booth,1975
73399,The Money,1976
73426,The Cape of Good Hope,1975
73440,Nashville,1975
73453,Night Moves,1975
73458,Nishant,1975
73480,Mr. Quilp,1975
73486,One Flew Over the Cuckoo's Nest,1975
73501,Out of Season,1975
73507,Paco,1976
73526,Peeper,1975
73559,Posse,1975
73590,La pupa del gangster,1975
73600,Race with the Devil,1975
73605,Rancho Deluxe,1975
73615,The Reincarnation of Peter Proud,1975
73624,Return to Macon County,1975
73629,The Rocky Horror Picture Show,1975
73634,The Romantic Englishwoman,1975
73637,Rosebud,1975
73639,Royal Flash,1975
73646,Russian Roulette,1975
73660,The Assassination at Sarajevo,1975
73663,Le Sauvage,1975
73698,Sheila Levine Is Dead and Living in New York,1975
73722,Smile,1975
73733,The Devil Is a Woman,1974
73739,The Spiral Staircase,1975
73760,The Strongest Man in the World,1975
73765,Sunday Too Far Away,1975
73766,The Sunshine Boys,1975
73767,Supercock,1975
73802,Three Days of the Condor,1975
73812,Tommy,1975
73858,The Lost Honor of Katharina Blum,1975
73878,W.W. and the Dixie Dancekings,1975
73901,The Wilby Conspiracy,1975
73906,The Wind and the Lion,1975
73918,The Yakuza,1974
74083,Strange Shadows in an Empty Room,1976
74084,1900,1976
74112,Alex & the Gypsy,1976
74119,All the President's Men,1976
74173,Baby Blue Marine,1976
74184,Barocco,1976
74205,The Big Bus,1976
74207,The Bingo Long Traveling All-Stars & Motor Kings,1976
74225,The Blue Bird,1976
74235,Bound for Glory,1976
74254,"Buffalo Bill and the Indians, or Sitting Bull's History Lesson",1976
74258,Burnt Offerings,1976
74285,Carrie,1976
74292,The Cassandra Crossing,1976
74332,Come una rosa al naso,1976
74360,Cría Cuervos,1976
74381,Deadly Hero,1975
74409,A Dirty Knight's Work,1976
74423,The Sunday Woman,1975
74437,Drum,1976
74441,The Duchess and the Dirtwater Fox,1976
74452,The Eagle Has Landed,1976
74459,Echoes of a Summer,1976
74466,Eliza Fraser,1976
74475,Embryo,1976
74483,The Enforcer,1976
74512,Family Plot,1976
74559,Futureworld,1976
74562,Gable and Lombard,1976
74564,Gator,1976
74589,The Great Smokey Roadblock,1977
74597,The Gumball Rally,1976
74599,Gus,1976
74603,Hamlet,1976
74608,Harry and Walter Go to New York,1976
74611,The Haunting of Julia,1977
74659,I Will... I Will... For Now,1976
74695,Cross of Iron,1977
74706,Jackson County Jail,1976
74740,Keoma,1976
74749,The Killing of a Chinese Bookie,1976
74751,King Kong,1976
74769,Land of the Minotaur,1976
74776,The Last Hard Men,1976
74777,The Last Tycoon,1976
74798,Lifeguard,1976
74802,Lipstick,1976
74806,The Little Girl Who Lives Down the Lane,1976
74812,Logan's Run,1976
74826,Lumiere,1976
74836,Mad Dog Morgan,1976
74843,Death Rite,1976
74851,The Man Who Fell to Earth,1976
74860,Marathon Man,1976
74885,Mean Johnny Barrows,1975
74899,Midway,1976
74901,Mikey and Nicky,1976
74906,The Missouri Breaks,1976
74923,"Mother, Jugs & Speed",1976
74937,Murder by Death,1976
74958,Network,1976
74964,Nickelodeon,1976
74968,"No Deposit, No Return",1976
74991,Obsession,1976
74995,Ode to Billy Joe,1976
75013,One Away,1976
75014,Dragonfly,1976
75019,Operation: Daybreak,1975
75029,The Outlaw Josey Wales,1976
75043,The Passover Plot,1976
75089,Las poquianchis (De los pormenores y otros sucedidos del dominio público que acontecieron a las hermanas de triste memoria a quienes la maledicencia así las bautizó),1976
75091,The Last Mission of Demolitions Man Cloud,1978
75094,The Written Off Return,1976
75132,The Return of a Man Called Horse,1976
75140,End of the Game,1975
75145,The River Niger,1976
75147,Robin and Marian,1976
75148,Rocky,1976
75188,The Sell-Out,1976
75194,The Seven-Per-Cent Solution,1976
75212,Shoot,1976
75213,The Shootist,1976
75215,Si c'était à refaire,1976
75223,Silver Streak,1976
75235,A Small Town in Texas,1976
75238,Smuga cienia,1976
75263,St. Ives,1976
75265,A Star Is Born,1976
75268,Stay Hungry,1976
75294,Swashbuckler,1976
75307,Target of an Assassin,1977
75314,Taxi Driver,1976
75334,To the Devil a Daughter,1976
75345,Tracks,1976
75350,The Trespassers,1976
75357,Tunnel Vision,1976
75359,Two-Minute Warning,1976
75364,The Last Woman,1976
75393,Vigilante Force,1976
75406,Voyage of the Damned,1976
75409,W.C. Fields and Me,1976
75612,3 Women,1977
75614,The Psychic,1977
75627,Aces High,1976
75640,Age of Innocence,1977
75654,Alambrista!,1977
75675,The American Friend,1977
75677,The Amsterdam Kill,1977
75681,Angela,1977
75682,Anima persa,1977
75686,Annie Hall,1977
75716,Backroads,1977
75718,The Bad News Bears in Breaking Training,1977
75744,Between the Lines,1977
75745,Beyond Reason,1985
75753,Bilitis,1977
75763,Black Oak Conspiracy,1977
75765,Black Sunday,1977
75774,Bobby Deerfield,1977
75784,A Bridge Too Far,1977
75807,Candleshoe,1977
75809,The Car,1977
75815,Beach House,1977
75845,The Choirboys,1977
75848,Bye Bye Monkey,1978
75860,Close Encounters of the Third Kind,1977
75909,Damnation Alley,1977
75921,Death Game,1977
75925,The Deep,1977
75930,God Told Me To,1976
75944,The Disappearance,1977
75950,The Domino Principle,1977
75968,The Duellists,1977
75993,An Enemy of the People,1978
75995,Equus,1977
76009,Exorcist II: The Heretic,1977
76029,Fire Sale,1977
76033,First Love,1977
76038,Bloodbath,1979
76054,Freaky Friday,1976
76059,Fun with Dick and Jane,1977
76070,The Gauntlet,1977
76085,A Special Day,1977
76091,Golden Rendezvous,1977
76092,Goldenrod,1976
76099,Black Journal,1977
76102,The Biggest Battle,1978
76106,Greased Lightning,1977
76107,The Great Bank Hoax,1978
76113,Group Portrait with a Lady,1977
76123,Citizens Band,1977
76137,Herbie Goes to Monte Carlo,1977
76138,Heroes,1977
76141,High Anxiety,1977
76144,High Rolling in a Hot Corvette,1977
76145,High Velocity,1976
76161,The Hound of the Baskervilles,1978
76172,I Never Promised You a Rose Garden,1977
76175,March or Die,1977
76210,The Island of Dr. Moreau,1977
76221,Jabberwocky,1977
76234,Joseph Andrews,1977
76239,Joyride,1977
76245,Julia,1977
76276,Who's Singin' Over There?,1980
76297,The Last Remake of Beau Geste,1977
76301,The Late Show,1977
76308,Butterfly Cloud,1977
76316,The Left-Handed Woman,1978
76325,A Look at Liv,1979
76326,Looking Up,1977
76327,Looking for Mr. Goodbar,1977
76400,Wifemistress,1977
76401,Stop Calling Me Baby!,1977
76406,Monsieur Papa,1977
76409,Moonshine County Express,1977
76416,The Mouse and His Child,1977
76440,Nasty Habits,1977
76489,"Oh, God!",1977
76500,One on One,1977
76504,Orca,1977
76507,The Other Side of Midnight,1977
76543,A Piece of the Action,1977
76554,Magnum Cop,1978
76561,Portrait of a Hitman,1979
76567,The Private Files of J. Edgar Hoover,1977
76574,Providence,1977
76578,Pumping Iron,1977
76598,Assault in Paradise,1977
76618,The Rescuers,1977
76630,Rituals,1977
76636,Rollercoaster,1977
76637,Rolling Thunder,1977
76686,The Serpent's Egg,1977
76696,The Chess Players,1977
76697,She Came to the Valley,1979
76704,Shock Waves,1977
76715,Silver Bears,1977
76721,Skateboard,1978
76723,Slap Shot,1977
76725,Sleeping Dogs,1977
76729,Smokey and the Bandit,1977
76733,Sois belle et tais-toi,1981
76734,Soldier of Orange,1977
76755,The Squeeze,1977
76759,Star Wars: Episode IV - A New Hope,1977
76760,Starship Invasions,1977
76770,The Strange Case of the End of Civilization as We Know It,1977
76776,Stunts,1977
76780,Summer City,1977
76782,Summerfield,1977
76788,Sweeney!,1977
76789,Sweet Revenge,1976
76804,Telefon,1977
76809,Tentacles,1977
76815,Thieves,1977
76818,Three Warriors,1977
76832,Tomorrow Never Comes,1978
76843,The Turning Point,1977
76845,Twilight's Last Gleaming,1977
76847,"Another Man, Another Chance",1977
76851,The Purple Taxi,1977
76853,The Uncanny,1977
76890,Viva Knievel!,1977
76909,Welcome to Blood City,1977
76910,Welcome to L.A.,1976
76915,The White Buffalo,1977
76920,Why Shoot the Teacher?,1977
76933,The World's Greatest Lover,1977
77189,Avalanche,1978
77228,The Betsy,1978
77233,The Big Fix,1978
77234,The Big Sleep,1978
77235,Big Wednesday,1978
77248,Blue Collar,1978
77272,Brass Target,1978
77275,The Brink's Job,1978
77289,California Suite,1978
77294,Capricorn One,1977
77296,Caravans,1978
77303,Casey's Shadow,1978
77304,The Cat and the Canary,1978
77308,Le cavaleur,1979
77321,The Cheap Detective,1978
77324,The Dogs,1979
77327,"China 9, Liberty 37",1978
77341,The Class of Miss MacMichael,1978
77355,Coma,1978
77360,Comes a Horseman,1978
77362,Coming Home,1978
77369,Convoy,1978
77372,Corvette Summer,1978
77373,Stay as You Are,1978
77381,Crossed Swords,1977
77405,Days of Heaven,1978
77413,Death on the Nile,1978
77416,The Deer Hunter,1978
77428,It Rained All Night the Day I Left,1980
77450,Dominique,1979
77459,Double Murder,1977
77473,A Dream of Passion,1978
77474,The Driver,1978
77504,The End,1978
77523,Every Which Way but Loose,1978
77530,Eyes of Laura Mars,1978
77531,F.I.S.T.,1978
77534,Fairy Tales,1978
77548,A Night Full of Rain,1978
77572,Force 10 from Navarone,1978
77575,Speed Fever,1978
77578,Foul Play,1978
77588,The Fury,1978
77611,Atrocious Tales of Love and Death,1979
77613,Girlfriends,1978
77614,The Glove,1979
77620,Goin' Coconuts,1978
77621,Goin' South,1978
77629,Gray Lady Down,1978
77631,Grease,1978
77636,The Greek Tycoon,1978
77651,Halloween,1978
77669,A Hero Ain't Nothin' But a Sandwich,1978
77679,High-Ballin',1978
77686,Son of Hitler,1979
77696,Hooper,1978
77698,Hot Lead and Cold Feet,1978
77699,House Calls,1978
77711,Autumn Sonata,1978
77716,Ice Castles,1978
77728,In Praise of Older Women,1978
77742,Interiors,1978
77743,International Velvet,1978
77745,Invasion of the Body Snatchers,1978
77756,It Lives Again,1978
77758,Ja jsem stena smrti,1979
77766,Jaws 2,1978
77800,Killer Fish,1979
77807,King of the Gypsies,1978
77856,Little Boy Lost,1978
77872,Love and the Midnight Auto Supply,1977
77886,Madman,1978
77889,Magic,1978
77893,Mais où et donc Ornicar,1979
77917,Matilda,1978
77924,Knife in the Head,1978
77928,Midnight Express,1978
77932,Killer's Delight,1978
77942,Moment by Moment,1978
77943,Mon premier amour,1978
77952,Movie Movie,1978
77975,National Lampoon's Animal House,1978
77986,Newsfront,1978
78012,Viva Italia!,1977
78024,Oliver's Story,1978
78028,On a Paving Stone Mounted,1978
78032,The One Man Jury,1978
78034,The One and Only,1978
78038,"Last In, First Out",1978
78056,Paradise Alley,1978
78105,Power Play,1978
78111,Pretty Baby,1978
78150,Remember My Name,1978
78156,Los restos del naufragio,1978
78199,"Same Time, Next Year",1978
78227,Semi-Tough,1977
78231,"September 30, 1955",1977
78256,Blood Feud,1978
78259,The Shout,1978
78269,The Silent Partner,1978
78278,Slow Dancing in the Big City,1978
78313,The Squeeze,1978
78321,Stevie,1978
78323,Stingray,1978
78326,Straight Time,1978
78333,The Stud,1978
78346,Superman,1978
78350,The Swarm,1978
78351,Sweeney 2,1978
78358,Take Down,1979
78400,Tilt,1979
78444,An Unmarried Woman,1978
78446,Up in Smoke,1978
78481,A Wedding,1978
78488,Who Is Killing the Great Chefs of Europe?,1978
78490,Who'll Stop the Rain,1978
78522,Zero to Sixty,1978
78549,Écoute voir...,1979
78721,10,1979
78723,1941,1979
78736,Agatha,1979
78748,Alien,1979
78754,All That Jazz,1979
78757,An Almost Perfect Affair,1979
78765,The American Success Company,1980
78766,Americathon,1979
78767,The Amityville Horror,1979
78780,Animalympics,1980
78788,Apocalypse Now,1979
78790,The Apple Dumpling Gang Rides Again,1979
78792,Arabian Adventure,1979
78801,Ashanti,1979
78806,The Attic,1980
78812,Avalanche Express,1979
78836,Bear Island,1979
78843,The Bell Jar,1979
78856,Beyond the Poseidon Adventure,1979
78869,The Black Hole,1979
78878,Bloodbrothers,1978
78902,Breaking Away,1979
78908,The Brood,1979
78919,Butch and Sundance: The Early Days,1979
78925,The Shark Hunter,1979
78928,California Dreaming,1979
78943,The Carradines Together,1979
78950,The Champ,1979
78966,The China Syndrome,1979
78975,Circle of Iron,1978
78976,City on Fire,1979
78978,Womanlight,1979
79003,Courage fuyons,1979
79013,Cuba,1979
79019,From Hell to Victory,1979
79070,The Double McGuffin,1979
79073,Dracula,1979
79090,The Conductor,1980
79094,Eagle's Wing,1979
79100,The Electric Horseman,1979
79117,Escape to Athena,1979
79137,Fast Charlie... the Moonbeam Rider,1979
79138,Fast Company,1979
79153,Firepower,1979
79168,A Force of One,1979
79176,French Postcards,1979
79180,The Frisco Kid,1979
79191,Game for Vultures,1979
79219,Going in Style,1979
79228,"Good Luck, Miss Wyckoff",1979
79231,Grandison,1979
79239,The Great Santini,1979
79240,The Great Train Robbery,1978
79256,HealtH,1980
79261,Hair,1979
79268,Hanover Street,1979
79278,Chilly Scenes of Winter,1979
79285,Saturn 3,1980
79302,Home Movies,1979
79308,Hot Stuff,1979
79319,Hurricane,1979
79334,In Search of Anna,1978
79336,The In-Laws,1979
79362,Jaguar Lives!,1979
79367,The Jerk,1979
79374,The Journalist,1979
79383,Just Out of Reach,1979
79384,"Just You and Me, Kid",1979
79417,Kramer vs. Kramer,1979
79428,The Lady Vanishes,1979
79429,The Lady in Red,1979
79437,Last Embrace,1979
79442,The Last Word,1979
79450,The Legacy,1978
79470,Monty Python's Life of Brian,1979
79477,A Little Romance,1979
79486,Lost and Found,1979
79488,Love and Bullets,1979
79501,Mad Max,1979
79504,The Magician of Lublin,1979
79510,The Main Event,1979
79517,Mama Turns 100,1979
79520,"A Man, a Woman and a Bank",1979
79522,Manhattan,1979
79532,Marie Ann,1978
79542,Meetings with Remarkable Men,1979
79550,Meteor,1979
79576,More American Graffiti,1979
79583,Mr. Mike's Mondo Video,1979
79592,Murder by Decree,1979
79596,My Brilliant Career,1979
79613,Natural Enemies,1979
79626,Night Creature,1978
79630,A Nightingale Sang in Berkeley Square,1979
79631,Nightwing,1979
79638,Norma Rae,1979
79639,The North Avenue Irregulars,1979
79640,North Dallas Forty,1979
79641,Nosferatu the Vampyre,1979
79660,Old Boyfriends,1979
79665,On the Yard,1978
79668,The Onion Field,1979
79672,Opening Night,1977
79688,Over the Edge,1979
79723,Players,1979
79757,Promises in the Dark,1979
79758,Prophecy,1979
79770,Quintet,1979
79777,Ravagers,1979
79797,Return to the Beloved,1979
79817,Rocky II,1979
79826,The Rose,1979
79831,The Runner Stumbles,1979
79832,Running,1979
79838,La Sabina,1979
79843,Saint Jack,1979
79854,Every Man for Himself,1980
79867,Just a Gigolo,1978
79874,Never Never Land,1980
79875,The Seduction of Joe Tynan,1979
79917,One More Minute,1979
79920,The Brontë Sisters,1979
79931,Something Short of Paradise,1979
79945,Star Trek: The Motion Picture,1979
79948,Starting Over,1979
79966,Sunburn,1979
79985,The Secret Life of Nikola Tesla,1980
80009,Tess,1979
80016,Thirst,1979
80024,Tim,1979
80025,Time After Time,1979
80030,Together?,1979
80039,A Touch of the Sun,1979
80069,Usijanje,1979
80097,The Villain,1979
80100,The Visitor,1979
80103,Voices,1979
80110,Woman Between Wolf and Dog,1979
80116,Wanda Nevada,1979
80117,The Wanderers,1979
80120,The Warriors,1979
80130,When a Stranger Calls,1979
80139,Winter Kills,1979
80140,Wise Blood,1979
80157,Yanks,1979
80164,Your Ticket Is No Longer Valid,1981
80180,Zulu Dawn,1979
80310,Breaker Morant,1980
80311,...Maybe This Time,1981
80319,9 to 5,1980
80339,Airplane!,1980
80360,Altered States,1980
80365,American Gigolo,1980
80377,Any Which Way You Can,1980
80388,Atlantic City,1980
80408,Bad Timing,1980
80412,The Baltimore Bullet,1980
80421,Battle Beyond the Stars,1980
80431,Beyond Evil,1980
80432,Beyond Reasonable Doubt,1981
80436,Battle Creek Brawl,1980
80437,The Big Red One,1980
80439,The Taming of the Scoundrel,1980
80453,The Blue Lagoon,1980
80455,The Blues Brothers,1980
80465,Borderline,1980
80469,Breaking Glass,1980
80472,Bronco Billy,1980
80474,Brubaker,1980
80485,Cabo Blanco,1980
80487,Caddyshack,1980
80491,Caligula,1979
80500,Carny,1980
80515,A Change of Seasons,1980
80520,Cheech and Chong's Next Movie,1980
80541,Clara et les Chics Types,1981
80545,Cloud Dancer,1980
80546,The Club,1980
80549,Coal Miner's Daughter,1980
80550,Coast to Coast,1980
80556,The Competition,1980
80569,Cruising,1980
80603,Death Ship,1980
80605,Defiance,1980
80610,The Last Metro,1980
80626,Diary of the Dead,1976
80627,Die Laughing,1980
80630,Dirty Tricks,1981
80641,The Dogs of War,1980
80656,Double Negative,1980
80678,The Elephant Man,1980
80684,Star Wars: Episode V - The Empire Strikes Back,1980
80691,The Inventor,1980
80711,Fade to Black,1980
80714,Falling in Love Again,1980
80724,Fatso,1980
80732,The Fifth Floor,1978
80735,Final Assignment,1980
80736,The Final Countdown,1980
80739,First Family,1980
80741,"Fist of Fear, Touch of Death",1980
80745,Flash Gordon,1980
80749,The Fog,1980
80750,Foolin' Around,1980
80754,The Formula,1980
80785,Getting Wasted,1980
80836,Hangar 18,1980
80854,Heart Beat,1980
80855,Heaven's Gate,1980
80861,Herbie Goes Bananas,1980
80863,Hero at Large,1980
80872,Highpoint,1982
80880,Hog Wild,1980
80881,The Hollywood Knights,1980
80888,Honeysuckle Rose,1980
80889,Hopscotch,1980
80895,How to Beat the High Cost of Living,1980
80903,The Human Factor,1979
80913,The Idolmaker,1980
80917,In God We Trust (or Gimme That Prime Time Religion),1980
80928,Inside Moves,1980
80934,The Island,1980
80936,It's My Turn,1980
80940,J-Men Forever,1979
80950,Rat Race,1980
80951,Je vous aime,1980
80997,The Kidnapping of the President,1980
81001,Heartbreak High,1981
81031,The Last Flight of Noah's Ark,1980
81032,The Last Married Couple in America,1980
81059,Lion of the Desert,1980
81060,Little Darlings,1980
81063,Little Miss Marker,1980
81070,The Long Good Friday,1980
81071,The Long Riders,1980
81073,Loophole,1981
81076,Loulou,1980
81080,Loving Couples,1980
81083,The Lucky Star,1980
81124,Maravillas,1981
81145,Me and the Kid,1993
81150,Melvin and Howard,1980
81157,Middle Age Crazy,1980
81163,The Mirror Crack'd,1980
81182,Death Watch,1980
81187,The Mountain Men,1980
81192,Mr. Patman,1980
81207,My Bodyguard,1980
81237,The Ninth Configuration,1980
81246,Nothing Personal,1980
81269,Oh Heavenly Dog,1980
81280,One-Trick Pony,1980
81283,Ordinary People,1980
81331,Petria's Wreath,1980
81353,Popeye,1980
81375,Private Benjamin,1980
81385,La provinciale,1980
81398,Raging Bull,1980
81400,Raise the Titanic,1980
81414,Resurrection,1980
81421,The Return,1980
81435,Romaneto,1980
81439,Rough Cut,1980
81445,Running Scared,1980
81470,The Sea Wolves,1980
81480,Seems Like Old Times,1980
81505,The Shining,1980
81518,Simon,1980
81528,A Small Circle of Friends,1980
81529,Smokey and the Bandit II,1980
81534,Somewhere in Time,1980
81546,Poseban tretman,1980
81554,Stardust Memories,1980
81558,Steel,1979
81562,Stir Crazy,1980
81568,The Stunt Man,1980
81573,Superman II,1980
81578,Suzanne,1980
81585,Sweet William,1980
81616,La terrazza,1980
81617,Terror Train,1980
81625,"Those Lips, Those Eyes",1980
81633,Time Bandits,1981
81645,Touch and Go,1980
81646,Touched by Love,1980
81656,Tribute,1980
81674,UFOria,1985
81686,Une semaine de vacances,1980
81695,Up the Academy,1980
81696,Urban Cowboy,1980
81729,Le voyage en douce,1980
81747,When Time Ran Out...,1980
81748,Where the Buffalo Roam,1980
81751,Wholly Moses!,1980
81753,Why Would I Lie?,1980
81758,Willie & Phil,1980
81760,Windwalker,1980
81764,Without Warning,1980
81809,ffolkes,1980
81820,Opera Prima,1980
81974,Absence of Malice,1981
81978,Acting: Lee Strasberg and the Actors Studio,1981
81989,Agency,1980
82001,All Night Long,1981
82005,The Amateur,1981
82010,An American Werewolf in London,1981
82011,Americana,1981
82017,Amy,1981
82031,Arthur,1981
82042,Back Roads,1981
82043,Bad Blood,1981
82063,The Best of Friends,1982
82085,Blow Out,1981
82089,Body Heat,1981
82111,Buddy Buddy,1981
82122,Butterfly,1982
82136,The Cannonball Run,1981
82145,Cattle Annie and Little Britches,1981
82146,Caveman,1981
82158,Chariots of Fire,1981
82163,Nice Dreams,1981
82173,Choice of Arms,1981
82175,The Chosen,1981
82177,Chu Chu and the Philly Flash,1981
82183,La Chevre,1981
82186,Clash of the Titans,1981
82198,Conan the Barbarian,1982
82199,Condorman,1981
82200,Continental Divide,1981
82220,Cutter's Way,1981
82230,Lady of the Camelias,1981
82243,Strange Behavior,1981
82250,Death Wish II,1982
82263,The Devil and Max Devlin,1981
82282,Dostih,1982
82329,Endless Love,1981
82332,Enter the Ninja,1981
82334,The Entity,1982
82340,Escape from New York,1981
82346,Evilspeak,1981
82348,Excalibur,1981
82350,An Eye for an Eye,1981
82351,Eye of the Needle,1981
82353,Eyewitness,1981
82356,Banovic Strahinja,1981
82362,The Fan,1981
82364,Fantasma d'amore,1981
82377,The Final Conflict,1981
82382,First Monday in October,1981
82402,Fort Apache the Bronx,1981
82405,The Four Seasons,1981
82416,The French Lieutenant's Woman,1981
82432,Gallipoli,1981
82434,Gangster Wars,1981
82440,Gas,1981
82457,Going Ape!,1981
82476,Green Ice,1981
82478,Grendel Grendel Grendel,1981
82484,Quest for Fire,1981
82494,Hadí jed,1981
82495,Halloween II,1981
82497,The Hand,1981
82499,Hard Country,1981
82503,Harry's War,1981
82506,Heartaches,1981
82507,Heartbeeps,1981
82510,Hécate,1982
82516,High Risk,1981
82517,History of the World: Part I,1981
82525,Honky Tonk Freeway,1981
82526,Hoodwink,1981
82552,Improper Channels,1981
82558,The Incredible Shrinking Woman,1981
82562,Madly in Love,1981
82592,Just Before Dawn,1981
82619,King of the Mountain,1981
82639,"Ladies and Gentlemen, the Fabulous Stains",1982
82648,The Legend of the Lone Ranger,1981
82671,Lola,1981
82677,Looker,1981
82680,Looping,1981
82694,Mad Max 2: The Road Warrior,1981
82736,Mephisto,1981
82763,Modern Problems,1981
82769,Mystery on Monster Island,1981
82799,Movie Madness,1982
82801,Neighbors,1981
82810,Night Crossing,1982
82816,The Night the Lights Went Out in Georgia,1981
82817,Nighthawks,1981
82848,On n'est pas des anges... elles non plus,1981
82850,One More Chance,1983
82869,Outland,1981
82886,Paternity,1981
82894,Pennies from Heaven,1981
82933,Possession,1981
82934,The Postman Always Rings Twice,1981
82947,Prisoners,1983
82958,The Pursuit of D.B. Cooper,1981
82964,Quartet,1981
82968,Treasure of the Yankee Zephyr,1981
82969,Raggedy Man,1981
82970,Ragtime,1981
82971,Raiders of the Lost Ark,1981
82979,Reds,1981
82992,Rich and Famous,1981
83000,Road Games,1981
83006,Rollover,1981
83041,Second-Hand Hearts,1981
83052,Separate Ways,1981
83064,Sharky's Machine,1981
83070,Shoot the Sun Down,1981
83079,Silence of the North,1981
83107,Some Kind of Hero,1982
83111,Southern Comfort,1981
83113,Sphinx,1981
83131,Stripes,1981
83160,Day of the Idiots,1981
83163,Take This Job and Shove It,1981
83169,Taps,1981
83170,Tarzan the Ape Man,1981
83189,They All Laughed,1981
83190,Thief,1981
83197,Threshold,1981
83201,Ticket to Heaven,1981
83219,All Fired Up,1982
83232,True Confessions,1981
83236,Tulips,1981
83254,Under the Rainbow,1981
83257,Strange Affair,1981
83266,Utilities,1983
83284,Victory,1981
83286,La vie continue,1981
83287,"Viens chez moi, j'habite chez une copine",1981
83296,Visiting Hours,1982
83324,The White Lions,1981
83326,Whose Life Is It Anyway?,1981
83336,Wolfen,1981
83356,From a Far Country,1981
83366,Zorro: The Gay Blade,1981
83449,The Missionary,1982
83507,13. jul,1982
83511,48 Hrs.,1982
83530,Airplane II: The Sequel,1982
83542,Alone in the Dark,1982
83560,Angel,1982
83564,Annie,1982
83591,Attack Force Z,1981
83598,Author! Author!,1982
83630,The Beastmaster,1982
83641,Best Friends,1982
83642,The Best Little Whorehouse in Texas,1982
83643,Best Revenge,1984
83647,Better Late Than Never,1983
83648,Beyond the Door,1982
83658,Blade Runner,1982
83661,Bloodtide,1982
83678,The Border,1982
83686,The Party 2,1982
83693,Brimstone & Treacle,1982
83694,Britannia Hospital,1982
83717,Cannery Row,1982
83722,Cat People,1982
83740,The Clinic,1982
83743,La colmena,1982
83745,"Come Back to the 5 & Dime, Jimmy Dean, Jimmy Dean",1982
83767,Creepshow,1982
83798,Dead Men Don't Wear Plaid,1982
83804,Dear Mr. Wonderful,1982
83805,Death Valley,1982
83806,Deathtrap,1982
83813,Demonios en el jardín,1982
83832,Dies rigorose Leben,1983
83833,Diner,1982
83843,"Don't Cry, It's Only Thunder",1982
83860,Dusty,1983
83866,E.T. the Extra-Terrestrial,1982
83869,Eating Raoul,1982
83885,Endangered Species,1982
83891,Enigma,1982
83900,The Escape Artist,1982
83906,Eureka,1983
83908,Evil Under the Sun,1982
83916,Viadukt,1983
83929,Fast Times at Ridgemont High,1982
83936,Fighting Back,1982
83941,The Final Option,1982
83943,Firefox,1982
83944,First Blood,1982
83947,Five Days One Summer,1982
83962,Forty Deuce,1982
83967,Frances,1982
83978,The Funny Farm,1983
83987,Gandhi,1982
84019,Le grand frère,1982
84021,Grease 2,1982
84030,Grog,1982
84033,Killing Heat,1981
84049,Hanky Panky,1982
84052,Harry Tracy: The Last of the Wild Bunch,1982
84058,Heat and Dust,1983
84059,Heatwave,1982
84096,The House Where Evil Dwells,1982
84099,Human Highway,1982
84109,I Ought to Be in Pictures,1982
84111,I'm Dancing as Fast as I Can,1982
84112,"I, the Jury",1982
84132,Inchon,1981
84135,L'indiscrétion,1982
84136,The Flight of the Eagle,1982
84156,It Came from Hollywood,1982
84158,J'ai épousé une ombre,1983
84173,Jinxed!,1982
84181,Hit Man,1982
84204,Cyclops,1982
84210,Kiss Me Goodbye,1982
84211,Kiss My Grits,1982
84236,The Last Fight,1983
84237,The Last Unicorn,1982
84259,A Little Sex,1982
84268,Lookin' to Get Out,1982
84273,Love Child,1982
84274,Love & Money,1981
84293,Making Love,1982
84296,The Man from Snowy River,1982
84316,Megaforce,1982
84318,Melanie,1982
84329,A Midsummer Night's Sex Comedy,1982
84335,Missing,1982
84346,Moj tata na odredjeno vreme,1982
84350,Monkey Grip,1982
84351,Monsignor,1982
84352,Monty Python Live at the Hollywood Bowl,1982
84356,Vatican Conspiracy,1982
84359,Mother Lode,1982
84412,Night Shift,1982
84423,La nuit de Varennes,1982
84431,O'Hara's Wife,1982
84434,An Officer and a Gentleman,1982
84445,One from the Heart,1981
84473,Pares y nones,1982
84477,Partners,1982
84485,Penitentiary II,1982
84489,Personal Best,1982
84504,The Pirate Movie,1982
84509,The Plague Dogs,1982
84556,Q,1982
84562,Que les gros salaires lèvent le doigt!,1982
84565,Querelle,1982
84579,Regina Roma,1983
84589,The Return of Martin Guerre,1982
84590,The Return of the Soldier,1982
84591,"Reuben, Reuben",1983
84602,Rocky III,1982
84625,Safari 3000,1980
84649,The Secret of NIMH,1982
84675,Shoot the Moon,1982
84684,Silent Rage,1982
84690,Six Pack,1982
84691,Six Weeks,1982
84707,Sophie's Choice,1982
84714,Split Image,1982
84726,Star Trek II: The Wrath of Khan,1982
84730,Stepenice za nebo,1983
84732,Still of the Night,1982
84737,Summer Lovers,1982
84745,Swamp Thing,1982
84750,Sword of the Valiant: The Legend of Sir Gawain and the Green Knight,1984
84756,Tag: The Assassination Game,1982
84761,Talk to Me,1984
84776,Tempest,1982
84783,Tex,1982
84784,That Championship Season,1982
84787,The Thing,1982
84805,Tootsie,1982
84814,Trail of the Pink Panther,1982
84825,Trick or Treats,1982
84826,Triumphs of a Man Called Horse,1983
84827,TRON,1982
84829,La Truite (The Trout),1982
84855,The Verdict,1982
84865,Victor Victoria,1982
84867,Vigilante,1982
84887,Battletruck,1982
84917,The World According to Garp,1982
84920,Wrong Is Right,1982
84938,Young Doctors in Love,1982
85154,All the Right Moves,1983
85159,Amityville 3-D,1983
85208,Baby It's You,1983
85210,Bad Boys,1983
85212,Bajo en nicotina,1984
85220,Bearn o la sala de las muñecas,1983
85224,The Being,1983
85234,Betrayal,1983
85236,Beyond the Limit,1983
85244,The Big Chill,1983
85245,The Big Score,1983
85248,The Black Stallion Returns,1983
85254,Blue Skies Again,1983
85255,Blue Thunder,1983
85271,Brainstorm,1983
85276,Breathless,1983
85278,Buddies,1983
85333,Christine,1983
85334,A Christmas Story,1983
85346,Class,1983
85354,The ComDads,1983
85375,Cracking Up,1983
85380,Cross Creek,1983
85384,Curse of the Pink Panther,1983
85385,Curtains,1983
85387,D.C. Cab,1983
85396,Dance of the Dwarfs,1983
85398,Daniel,1983
85407,The Dead Zone,1983
85409,Deadly Force,1983
85412,Deal of the Century,1983
85450,Doctor Detroit,1983
85461,The Dresser,1983
85470,Easy Money,1983
85475,Eddie and the Cruisers,1983
85494,Enormous Changes at the Last Minute,1983
85513,Exposed,1983
85526,The Hawk,1983
85549,Flashdance,1983
85551,Get Crazy,1983
85568,Spring Symphony,1983
85603,Going Berserk,1983
85615,Gorky Park,1983
85622,The Grey Fox,1982
85627,I guerrieri dell'anno 2072,1984
85640,Hammett,1982
85642,Hanna K.,1983
85688,Brady's Escape,1983
85693,House of the Long Shadows,1983
85701,The Hunger,1983
85724,Independence Day,1983
85750,Jaws 3-D,1983
85755,The Jigsaw Man,1983
85780,The Keep,1983
85811,Krull,1983
85823,Last Plane Out,1983
85846,Lies,1983
85859,Local Hero,1983
85862,Lone Wolf McQuade,1983
85866,Loose Connections,1983
85867,The Lords of Discipline,1983
85868,Losin' It,1983
85871,Love Letters,1983
85873,Lovesick,1983
85878,The Moon in the Gutter,1983
85880,Skyline,1983
85891,The Man Who Loved Women,1983
85892,The Man Who Wasn't There,1983
85894,The Man with Two Brains,1983
85895,"Man, Woman and Child",1983
85896,Mandi,1983
85911,Al-mas' Ala Al-Kubra,1983
85919,Max Dugan Returns,1983
85933,Merry Christmas Mr. Lawrence,1983
85959,The Meaning of Life,1983
85970,Mr. Mom,1983
85994,Nate and Hayes,1983
85995,Vacation,1983
86004,Something in Between,1982
86006,Never Say Never Again,1983
86011,A Night in Heaven,1983
86036,Of Unknown Origin,1983
86037,Off the Wall,1983
86058,The Osterman Weekend,1983
86066,The Outsiders,1983
86077,Pankow '95,1983
86102,Phar Lap,1983
86112,The Pirates of Penzance,1983
86122,The Ploughman's Lunch,1983
86130,Portfolio,1983
86143,Private School,1983
86154,Psycho II,1983
86165,The Girl from Trieste,1982
86172,Il ras del quartiere,1983
86189,The Return of Captain Invincible,1983
86190,Star Wars: Episode VI - Return of the Jedi,1983
86197,The Right Stuff,1983
86200,Risky Business,1983
86205,Romantic Comedy,1983
86216,Rumble Fish,1983
86220,Running Brave,1983
86232,Sahara,1983
86234,Coarse Salt,1984
86250,Scarface,1983
86285,The Settlement,1984
86312,Silkwood,1983
86320,Sleepaway Camp,1983
86335,Soldados de plomo,1983
86336,Something Wicked This Way Comes,1983
86346,Spacehunter: Adventures in the Forbidden Zone,1983
86349,Spasms,1983
86355,Star 80,1983
86356,The Star Chamber,1983
86361,Staying Alive,1983
86366,Still Smokin,1983
86370,The Sting II,1983
86372,The Story of Piera,1983
86373,Strange Brew,1983
86377,Streamers,1983
86379,Stroker Ace,1983
86383,Sudden Impact,1983
86393,Superman III,1983
86397,The Survivors,1983
86405,Table for Five,1983
86409,Taking Tiger Mountain,1983
86410,Tales of Ordinary Madness,1981
86422,Tell Me That You Love Me,1983
86423,Tender Mercies,1983
86425,Terms of Endearment,1983
86429,Testament,1983
86442,A Time to Die,1982
86443,Timerider: The Adventure of Lyle Swann,1982
86445,Tin Man,1983
86460,Touched,1983
86461,Tough Enough,1983
86465,Trading Places,1983
86476,Trenchcoat,1983
86478,Trial by Terror,1983
86494,Two of a Kind,1983
86508,Uncommon Valor,1983
86510,Under Fire,1983
86525,Valley Girl,1983
86541,Videodrome,1983
86542,Life Is a Bed of Roses,1983
86560,Vortex,1982
86567,WarGames,1983
86582,The Wicked Lady,1983
86586,The Wild Duck,1984
86593,Without a Trace,1983
86617,The Year of Living Dangerously,1982
86618,Yellowbeard,1983
86619,Yentl,1983
86625,Young Warriors,1983
86630,Zadah tela,1983
86637,Zelig,1983
86837,2010: The Year We Make Contact,1984
86847,Access Code,1984
86856,The Adventures of Buckaroo Banzai Across the 8th Dimension,1984
86859,Against All Odds,1984
86873,All of Me,1984
86876,Almost You,1985
86877,Alphabet City,1984
86879,Amadeus,1984
86884,The Ambassador,1984
86886,American Dreamer,1984
86904,Another Country,1984
86927,Bachelor Party,1984
86942,The Bay Boy,1984
86955,Best Defense,1984
86960,Beverly Hills Cop,1984
86969,Birdy,1984
86973,Blame It on Rio,1984
86978,Blind Date,1984
86979,Blood Simple,1984
86992,The Bostonians,1984
86993,The Bounty,1984
87001,A Breed Apart,1984
87003,Broadway Danny Rose,1984
87004,The Brother from Another Planet,1984
87006,The Buddy System,1984
87015,C.H.U.D.,1984
87019,Cal,1984
87032,Cannonball Run II,1984
87042,Cheech & Chong's The Corsican Brothers,1984
87050,Children of the Corn,1984
87054,Choose Me,1984
87062,City Heat,1984
87065,Cloak & Dagger,1984
87070,Cold Feet,1983
87073,Coming Out Alive,1980
87075,The Company of Wolves,1984
87089,The Cotton Club,1984
87091,Country,1984
87092,Courage,1984
87096,Crackers,1984
87100,Crimes of Passion,1984
87166,Door to Door,1984
87175,Dreamscape,1984
87182,Dune,1984
87197,Electric Dreams,1984
87198,Ellie,1984
87222,The Evil That Men Do,1984
87231,The Falcon and the Snowman,1985
87233,Falling in Love,1984
87237,Fanny Hill,1983
87247,Fear City,1984
87250,La femme publique,1984
87251,Hubert the Smart Boy,1985
87260,Finders Keepers,1984
87262,Firestarter,1984
87263,Firstborn,1984
87265,The Flamingo Kid,1984
87268,Flashpoint,1984
87277,Footloose,1984
87284,Fort Saganne,1984
87304,Fuego eterno,1985
87313,Garbo Talks,1984
87332,Ghostbusters,1984
87359,"Grandview, U.S.A.",1984
87365,"Greystoke: The Legend of Tarzan, Lord of the Apes",1984
87374,The Gunrunner,1989
87378,Hadley's Rebellion,1983
87379,Hambone and Hillie,1983
87386,Harry & Son,1984
87397,Heartbreakers,1984
87428,The Hotel New Hampshire,1984
87451,The Ice Pirates,1984
87464,Impulse,1984
87466,In Our Hands,1984
87469,Indiana Jones and the Temple of Doom,1984
87472,The Initiation,1984
87482,Irreconcilable Differences,1984
87495,How Poets Are Losing Their Illusions,1985
87507,Johnny Dangerously,1984
87513,Joy of Sex,1984
87525,Just the Way You Are,1984
87538,The Karate Kid,1984
87553,The Killing Fields,1984
87589,Lassiter,1984
87633,The Little Sister,1986
87635,The Lonely Guy,1984
87644,Love Streams,1984
87648,Lovelines,1984
87682,Maria's Lovers,1984
87685,Martin's Day,1985
87688,Mass Appeal,1984
87718,Micki + Maude,1984
87730,Misunderstood,1984
87746,Mortuary,1983
87747,Moscow on the Hudson,1984
87751,Mrs. Soffel,1984
87776,The Naked Country,1985
87777,The Naked Face,1984
87781,The Natural,1984
87788,The Next One,1984
87796,Mutant,1984
87800,A Nightmare on Elm Street,1984
87803,1984,1984
87810,No Small Affair,1984
87816,Notes from Under the Volcano,1984
87821,Full Moon in Paris,1984
87826,Observations Under the Volcano,1984
87835,"Oh, God! You Devil",1984
87843,Once Upon a Time in America,1984
87852,Ordeal by Innocence,1984
87864,Over the Brooklyn Bridge,1984
87866,Oxford Blues,1984
87884,"Paris, Texas",1984
87885,Paroles et musique,1984
87892,A Passage to India,1984
87909,Phenomena,1985
87921,Places in the Heart,1984
87928,Police Academy,1984
87932,The Pope of Greenwich Village,1984
87942,Prime Risk,1985
87956,Purple Hearts,1984
87968,Racing with the Moon,1984
87980,The Razor's Edge,1984
87981,Razorback,1984
87983,Reckless,1984
87985,Red Dawn,1984
87989,Reflections,1984
87995,Repo Man,1984
88000,Revenge of the Nerds,1984
88001,Rhinestone,1984
88003,Rita Ritter,1984
88004,"Rive droite, rive gauche",1984
88006,The River Rat,1984
88007,The River,1984
88008,Roadhouse 66,1984
88011,Romancing the Stone,1984
88019,The Rosebud Beach Hotel,1984
88024,Runaway,1984
88025,Running Hot,1984
88027,On the Line,1984
88038,The Blood of Others,1984
88046,Scandalous,1984
88070,Secerna vodica,1983
88073,The Secret Diary of Sigmund Freud,1984
88076,The Secret Policeman's Private Parts,1984
88089,The Sea Serpent,1985
88111,The Shooting Party,1985
88128,Sixteen Candles,1984
88146,A Soldier's Story,1984
88153,Songwriter,1984
88161,Splash,1984
88167,Les spécialistes,1985
88170,Star Trek III: The Search for Spock,1984
88171,Starring... the Actors,1984
88172,Starman,1984
88176,The Stone Boy,1984
88185,Strangers Kiss,1983
88192,Street Hero,1984
88194,Streets of Fire,1984
88195,Streetwalkin',1985
88198,Strikebound,1984
88206,Supergirl,1984
88207,Surf II,1984
88213,Swing Shift,1984
88224,Tank,1984
88242,Teachers,1984
88247,The Terminator,1984
88256,Thief of Hearts,1984
88258,This Is Spinal Tap,1984
88271,Springtime in Vienna,1984
88272,Tightrope,1984
88286,Top Secret!,1984
88315,Swann in Love,1984
88322,Under the Volcano,1984
88326,Unfaithfully Yours,1984
88355,Vigil,1984
88379,The Warrior and the Sorceress,1984
88380,Warrior of the Lost World,1983
88392,What Waits Below,1984
88402,The Wild Life,1984
88404,Wildrose,1984
88414,The Woman in Red,1984
88443,Los zancos,1984
88679,After Darkness,1985
88680,After Hours,1985
88683,Agnes of God,1985
88689,Alamo Bay,1985
88701,Always,1985
88705,American Commandos,1985
88707,American Flyers,1985
88714,L'amour braque,1985
88715,Love on the Quiet,1985
88716,L'amour ou presque,1985
88746,The Assisi Underground,1985
88758,The Aviator,1985
88760,Baby: Secret of the Lost Legend,1985
88763,Back to the Future,1985
88765,Bad Medicine,1985
88781,Beer,1985
88787,The Beniker Gang,1984
88794,Better Off Dead...,1985
88807,Billy the Kid and the Green Baize Vampire,1987
88814,The Black Cauldron,1985
88816,Blackout,1985
88844,Bras de fer,1985
88846,Brazil,1985
88847,The Breakfast Club,1985
88851,The Bride,1985
88857,Broken Rainbow,1985
88866,Burke & Wills,1985
88889,Cat's Eye,1985
88892,Cease Fire,1985
88915,A Chorus Line,1985
88925,City Limits,1984
88930,Clue,1985
88931,The Coca-Cola Kid,1985
88933,Cocoon,1985
88934,Code Name: Emerald,1985
88939,The Color Purple,1985
88944,Commando,1985
88945,The Communists Are Comfortable,1985
88947,Compromising Positions,1985
88954,La corte de Faraón,1985
88960,Creator,1985
88967,Crimewave,1985
88968,Crossover Dreams,1985
88979,D.A.R.Y.L.,1985
88987,Dance with a Stranger,1985
89003,Death Wish 3,1985
89009,Defense of the Realm,1985
89015,Desert Hearts,1985
89017,Desperately Seeking Susan,1985
89034,The Doctor and the Devils,1985
89052,Dreamchild,1985
89057,Le due vite di Mattia Pascal,1985
89079,Eleni,1985
89092,Enemy Mine,1985
89118,F/X,1986
89124,Falsk som vatten,1985
89126,Fandango,1985
89139,Fever Pitch,1985
89146,Tristan and Isolde,1981
89151,Flagrant désir,1986
89153,Flesh+Blood,1985
89160,Fool for Love,1985
89161,Forbidden,1984
89199,Get Out of My Room,1985
89207,Days of Hell,1986
89210,Glut,1983
89218,The Goonies,1985
89221,The Gospel According to Vic,1986
89222,Gotcha!,1985
89256,Harem,1985
89264,Heaven Help Us,1985
89269,Hellhole,1985
89271,The Adventures of Hercules,1985
89308,Howling II: ... Your Sister Is a Werewolf,1985
89331,Impure Thoughts,1986
89336,An Indecent Obsession,1985
89340,Ingrid,1984
89343,Insignificance,1985
89346,Into the Night,1985
89360,Jagged Edge,1985
89361,Jagode u grlu,1985
89365,Lily in Love,1984
89370,The Jewel of the Nile,1985
89383,Joshua Then and Now,1985
89385,The Journey of Natty Gann,1985
89409,Keeping Track,1986
89411,Key Exchange,1985
89420,King David,1985
89424,Kiss of the Spider Woman,1985
89451,Rainy Day Friends,1985
89457,Ladyhawke,1985
89469,Legend,1985
89470,The Legend of Billie Jean,1985
89471,Bialy smok,1987
89477,Letter to Brezhnev,1985
89489,Lifeforce,1985
89491,The Lightship,1985
89496,Little Treasure,1985
89499,Lola,1986
89521,Lulú de noche,1986
89529,Macaroni,1985
89543,The Man with One Red Shoe,1985
89555,Marie,1985
89560,Mask,1985
89561,Mask of Murder,1988
89569,Maxie,1985
89572,The Mean Season,1985
89577,Le meilleur de la vie,1985
89628,Movers & Shakers,1985
89643,Murphy's Romance,1985
89652,My Science Project,1985
89670,National Lampoon's European Vacation,1985
89679,The New Kids,1985
89686,A Nightmare on Elm Street 2: Freddy's Revenge,1985
89687,Nije lako sa muskarcima,1985
89715,O.C. and Stiggs,1985
89716,Colonel Redl,1985
89726,He Died with His Eyes Open,1985
89730,Once Bitten,1985
89731,One Magic Christmas,1985
89755,Out of Africa,1985
89766,Palace,1985
89767,Pale Rider,1985
89770,Papa Was a Preacher,1985
89772,Paradigma,1985
89798,Perfect,1985
89816,Plenty,1985
89821,Police,1985
89822,Police Academy 2: Their First Assignment,1985
89838,A Private Function,1984
89839,Private Resort,1985
89841,Prizzi's Honor,1985
89847,The Protector,1985
89853,The Purple Rose of Cairo,1985
89876,La ragazza dei lillà,1986
89880,Rambo: First Blood Part II,1985
89886,Real Genius,1985
89888,Rebel,1985
89901,Remo Williams: The Adventure Begins,1985
89907,The Return of the Living Dead,1985
89908,Return to Oz,1985
89913,Revolution,1985
89927,Rocky IV,1985
89941,Runaway Train,1985
89945,Rustlers' Rhapsody,1985
89961,Santa Claus: The Movie,1985
89963,Savage Dawn,1985
89981,Secret Admirer,1985
90003,Shadey,1985
90006,Shaker Run,1985
90021,Silver Bullet,1985
90022,Silverado,1985
90036,The Slugger's Wife,1985
90037,Smooth Talk,1985
90055,Speriamo che sia femmina,1986
90056,Spies Like Us,1985
90060,St. Elmo's Fire,1985
90062,Stand Alone,1985
90073,Stick,1985
90094,The Stuff,1985
90095,Subway,1985
90098,Summer Rental,1985
90103,The Sure Thing,1985
90110,Sweet Dreams,1985
90116,Sé infiel y no mires con quién,1985
90130,Target,1985
90148,Terminal Choice,1985
90151,That Was Then... This Is Now,1985
90179,To Kill a Stranger,1986
90180,To Live and Die in L.A.,1985
90193,Slices of Life,1985
90196,Transylvania 6-5000,1985
90199,Treasure Island,1985
90200,Treasure of Doom,1985
90203,The Trip to Bountiful,1985
90209,Trouble in Mind,1985
90213,Tuff Turf,1985
90217,Turk 182,1985
90219,Turtle Diary,1985
90223,Twice in a Lifetime,1985
90233,Underworld,1985
90235,One Woman or Two,1985
90251,Variety,1983
90263,The Old Music,1985
90264,A View to a Kill,1985
90270,Vision Quest,1985
90274,Volunteers,1985
90286,Walls of Glass,1985
90293,Warning Sign,1985
90297,Water,1985
90305,Weird Science,1985
90310,Wetherby,1985
90311,What Comes Around,1985
90319,White Nights,1985
90323,Wild Geese II,1985
90329,Witness,1985
90360,Za srecu je potrebno troje,1985
90374,Life Is Beautiful,1985
90556,"'night, Mother",1986
90564,3:15,1986
90567,52 Pick-Up,1986
90568,8 Million Ways to Die,1986
90570,84 Charing Cross Road,1987
90583,About Last Night...,1986
90585,Absolute Beginners,1986
90605,Aliens,1986
90633,An American Tail,1986
90660,Armed and Dangerous,1986
90668,Así como habían sido,1987
90670,At Close Range,1986
90679,Year of Enlightment,1986
90693,Band of the Hand,1986
90710,Belizaire the Cajun,1986
90713,The Best of Times,1986
90727,Big Trouble,1986
90728,Big Trouble in Little China,1986
90735,Black Moon Rising,1986
90738,Black Widow,1987
90743,Bleu comme l'enfer,1986
90748,Blindside,1987
90753,Blue City,1986
90756,Blue Velvet,1986
90767,The Boss' Wife,1986
90769,The Boy in Blue,1986
90770,The Boys Next Door,1985
90774,Brighton Beach Memoirs,1986
90782,Busted Up,1986
90784,Cactus,1986
90798,Caravaggio,1986
90818,The Check Is in the Mail...,1986
90830,Children of a Lesser God,1986
90840,The Christmas Star,1986
90848,The Clan of the Cave Bear,1986
90851,The Climb,1986
90856,Club Paradise,1986
90859,Cobra,1986
90863,The Color of Money,1986
90871,"Camorra (A Story of Streets, Women and Crime)",1985
90873,Confidential,1986
90877,Corps et biens,1986
90882,Crazy Moon,1987
90886,Crimes of the Heart,1986
90887,Critters,1986
90888,Crossroads,1986
90933,Descent Into Hell,1986
90934,Desert Bloom,1986
90966,Down and Out in Beverly Hills,1986
90968,Dr. Otto and the Riddle of the Gloom Beam,1985
90970,Dream Lover,1986
90997,The Education of Allison Tate,1986
90998,Egomania - Island Without Hope,1986
91008,Emma's War,1987
91024,Extremities,1986
91027,Eye of the Tiger,1986
91042,Ferris Bueller's Day Off,1986
91051,A Fine Mess,1986
91053,Fire with Fire,1986
91055,Firewalker,1986
91064,The Fly,1986
91065,Flying,1986
91067,For Love Alone,1986
91068,Foreign Body,1986
91092,Fuegos,1987
91123,GoBots: Battle of the Rock Lords,1986
91128,Going Sane,1987
91129,The Golden Child,1986
91138,Good to Go,1986
91142,Gothic,1986
91159,Gung Ho,1986
91164,Half Moon Street,1986
91167,Hannah and Her Sisters,1986
91178,Haunted Honeymoon,1986
91183,Head Office,1985
91188,Heartburn,1986
91203,Highlander,1986
91209,The Hitcher,1986
91217,Hoosiers,1986
91225,Howard the Duck,1986
91268,Inside Out,1986
91276,Invaders from Mars,1986
91282,Jake Speed,1986
91288,Jean de Florette,1986
91306,Jumpin' Jack Flash,1986
91310,Just Between Friends,1986
91325,Kangaroo,1986
91326,The Karate Kid Part II,1986
91336,Kidnapped,1987
91343,The Kindred,1987
91344,King Kong Lives,1986
91369,Labyrinth,1986
91370,The Ladies Club,1986
91374,Lady Jane,1986
91396,Legal Eagles,1986
91398,The Beauty of Vice,1986
91400,Let's Get Harry,1986
91415,Link,1986
91429,Les longs manteaux,1986
91434,Lost!,1986
91445,Lucas,1986
91464,Malcolm,1986
91468,Man Outside,1987
91472,The Manhattan Project,1986
91474,Manhunter,1986
91480,Manon of the Spring,1986
91498,Max mon amour,1986
91499,Maximum Overdrive,1986
91508,The Men's Club,1986
91513,My Letter to George,1985
91524,Miracles,1986
91530,The Mission,1986
91531,La mitad del cielo,1986
91534,Modern Girls,1986
91537,Momo,1986
91538,Mona Lisa,1986
91541,The Money Pit,1986
91548,Via Montenapoleone,1987
91554,The Morning After,1986
91557,The Mosquito Coast,1986
91575,Murphy's Law,1986
91578,My Beautiful Laundrette,1985
91579,My Chauffeur,1986
91583,My Little Girl,1986
91584,My Little Pony: The Movie,1986
91605,The Name of the Rose,1986
91613,Native Son,1986
91635,9½ Weeks,1986
91637,No Mercy,1986
91642,Nobody's Fool,1986
91647,Nomads,1986
91651,Vampire in Venice,1988
91652,Not Quite Paradise,1985
91653,Nothing in Common,1986
91668,Off Beat,1986
91669,Off the Mark,1987
91671,From a Whisper to a Scream,1987
91677,On the Edge,1986
91680,One Crazy Summer,1986
91688,Opposing Force,1986
91712,Oviri,1986
91738,Peggy Sue Got Married,1986
91744,The Repenter,1985
91763,Platoon,1986
91777,Police Academy 3: Back in Training,1986
91786,Power,1986
91790,Pretty in Pink,1986
91799,Psycho III,1986
91801,La puritaine,1986
91810,The Quest,1985
91814,Quicksilver,1986
91815,Quiet Cool,1986
91817,Rad,1986
91818,Radioactive Dreams,1985
91828,Raw Deal,1986
91860,River's Edge,1986
91867,A Room with a View,1985
91875,Running Scared,1986
91877,Ruthless People,1986
91882,El río de oro,1986
91886,Salvador,1986
91920,Seize the Day,1986
91923,Separate Vacations,1986
91931,Shadow Play,1986
91934,Shanghai Surprise,1986
91949,Short Circuit,1986
91954,Sid and Nancy,1986
91964,Sky Pirates,1986
91981,Solarbabies,1986
91983,Something Wild,1986
91991,Soul Man,1986
91993,SpaceCamp,1986
91998,La sposa era bellissima,1987
92005,Stand by Me,1986
92007,Star Trek IV: The Voyage Home,1986
92010,A State of Emergency,1986
92011,The Statue of Liberty,1985
92022,Streets of Gold,1986
92034,Sweet Country,1987
92035,Sweet Liberty,1986
92067,Castle in the Sky,1986
92070,Terminus,1987
92071,The Numbers Game,1987
92074,TerrorVision,1986
92076,The Texas Chainsaw Massacre 2,1986
92079,That's Life!,1986
92085,Thrashin',1986
92086,¡Three Amigos!,1986
92093,Tiempo de silencio,1986
92099,Top Gun,1986
92104,Touch and Go,1986
92105,Tough Guys,1986
92106,The Transformers: The Movie,1986
92111,Grosso guaio a Cartagena,1987
92117,True Stories,1986
92122,Twisted,1986
92133,Under the Cherry Moon,1986
92138,L'unique,1986
92147,Vamp,1986
92150,Vasectomy: A Delicate Matter,1986
92153,Vecernja zvona,1986
92165,Very Close Quarters,1986
92172,The Vindicator,1986
92173,Violets Are Blue...,1986
92184,Horvatov izbor,1985
92195,Weekend Warriors,1986
92204,Where Are the Children?,1986
92205,Where the River Runs Black,1986
92206,The Whistle Blower,1986
92210,The Whoopee Boys,1986
92214,Wildcats,1986
92220,Windrider,1986
92222,Winners Take All,1987
92225,Wisdom,1986
92226,Wise Guys,1986
92240,The Wraith,1986
92272,Youngblood,1986
92494,*batteries not included,1987
92513,Adventures in Babysitting,1987
92516,Aenigma,1987
92534,Allan Quatermain and the Lost City of Gold,1986
92537,The Allnighter,1987
92546,Amazon Women on the Moon,1987
92559,And God Created Woman,1988
92563,Angel Heart,1987
92569,Anna,1987
92580,Aria,1987
92597,Australian Dream,1987
92605,Baby Boom,1987
92609,Backfire,1987
92618,Barfly,1987
92626,Beauty and the Beast,1987
92627,The Bedroom Window,1987
92632,The Believers,1987
92637,The Belly of an Architect,1987
92641,Best Seller,1987
92644,Beverly Hills Cop II,1987
92646,Beyond Therapy,1987
92654,The Big Easy,1986
92655,Big Shots,1987
92656,The Big Town,1987
92662,The Bit Part,1987
92666,Blind Date,1987
92675,Bloodsport,1988
92690,Born in East L.A.,1987
92699,Broadcast News,1987
92710,Burglar,1987
92718,Can't Buy Me Love,1987
92721,Captive Hearts,1987
92725,Caribe,1987
92732,Castaway,1986
92733,Catch the Heat,1987
92746,Cherry 2000,1987
92752,The Chipmunk Adventure,1987
92757,Bushfire Moon,1987
92758,Chuck Berry Hail! Hail! Rock 'n' Roll,1987
92767,Cold Steel,1987
92781,Control,1987
92783,Cop,1988
92798,Critical Condition,1987
92800,Chronicle of a Death Foretold,1987
92802,Cross My Heart,1987
92804,Cry Freedom,1987
92809,The Curse,1987
92812,Cyclone,1987
92815,Daddy,1987
92830,Dark Age,1987
92834,Date with an Angel,1987
92841,Dead Man Walking,1988
92842,Dead of Winter,1987
92857,Death Wish 4: The Crackdown,1987
92858,Death of a Soldier,1986
92890,Dirty Dancing,1987
92900,Distortions,1987
92901,Divinas palabras,1987
92921,Double Target,1987
92925,Dragnet,1987
92929,Drowning by Numbers,1988
92931,Strange Place for an Encounter,1988
92933,Dudes,1987
92934,Duet for One,1986
92948,Eddie Murphy: Raw,1987
92965,Empire of the Sun,1987
92967,End of the Line,1987
92974,Ernest Goes to Camp,1987
92997,Extreme Prejudice,1987
93006,Family Viewing,1987
93010,Fatal Attraction,1987
93011,Fatal Beauty,1987
93023,My Dearest Son,1985
93029,Five Corners,1987
93036,Flowers in the Attic,1987
93042,"Forever, Lulu",1987
93044,The Fourth Protocol,1987
93050,Friendship's Death,1987
93051,From the Hip,1987
93058,Full Metal Jacket,1987
93067,Gaby: A True Story,1987
93073,Gardens of Stone,1987
93092,Julia and Julia,1987
93093,The Glass Menagerie,1987
93103,The Good Father,1985
93104,Good Morning Babylon,1987
93105,"Good Morning, Vietnam",1987
93106,The Good Wife,1987
93107,Goofballs,1987
93113,Django Strikes Again,1987
93119,Grizzly II: The Concert,1983
93120,Ground Zero,1987
93145,Happy New Year,1987
93148,Harry and the Hendersons,1987
93161,Heart,1987
93163,Hearts of Fire,1987
93164,Heat,1986
93175,Hello Again,1987
93185,The Hidden,1987
93186,Hiding Out,1987
93213,Hostage,1986
93215,Hot Pursuit,1987
93217,Hotel Colonial,1987
93220,House II: The Second Story,1987
93223,House of Games,1987
93232,Hunter's Blood,1986
93253,In the Mood,1987
93255,The Inquiry,1987
93260,Innerspace,1987
93277,Ironweed,1987
93278,Ishtar,1987
93285,It Was 20 Years Ago Today,1987
93300,Jaws: The Revenge,1987
93311,Jim & piraterna Blom,1987
93317,John and the Missus,1987
93320,El juego más divertido,1988
93347,The Killing Time,1987
93351,Kiss Daddy Goodnight,1987
93378,La Bamba,1987
93379,Lady Beware,1987
93394,"Laura, del cielo llega la noche",1987
93403,Lemon Sky,1988
93406,Les Patterson Saves the World,1987
93407,Less Than Zero,1987
93409,Lethal Weapon,1987
93415,Light of Day,1987
93418,Like Father Like Son,1987
93424,Lionheart,1987
93431,The Lonely Passion of Judith Hearne,1987
93437,The Lost Boys,1987
93438,Flight of the Spruce Goose,1986
93443,Love at Stake,1987
93446,Distant Lights,1987
93453,The Gold Rimmed Glasses,1987
93458,El Lute: Run for Your Life,1987
93467,Made in Heaven,1987
93476,Maid to Order,1987
93477,Making Mr. Right,1987
93481,Malady of Love,1987
93483,Malone,1987
93489,Man on Fire,1987
93493,Mannequin,1987
93496,Run for Your Life,1988
93504,Mascara,1987
93507,Masters of the Universe,1987
93509,Matewan,1987
93512,Maurice,1987
93516,Meatballs III: Summer Job,1986
93517,Medium Rare,1987
93535,I miei primi 40 anni,1987
93538,Milan noir,1988
93543,Mio in the Land of Faraway,1987
93546,The Misfit Brigade,1987
93562,A Month in the Country,1987
93565,Moonstruck,1987
93596,Nadine,1987
93605,Near Dark,1987
93629,A Nightmare on Elm Street 3: Dream Warriors,1987
93638,No Man's Land,1987
93640,No Way Out,1987
93654,Nowhere to Hide,1987
93658,Number One with a Bullet,1987
93660,Nuts,1987
93662,Object of Desire,1990
93671,Omega Syndrome,1986
93676,Open House,1987
93683,Orphans,1987
93685,Osudjeni,1987
93690,Outrageous Fortune,1987
93692,Over the Top,1987
93693,Overboard,1987
93701,Les pyramides bleues,1988
93702,Paramedics,1988
93712,Freckled Max and the Spooks,1987
93737,The Pick-up Artist,1987
93742,"Pink Palace, Paradise Beach",1987
93747,El placer de matar,1988
93748,"Planes, Trains & Automobiles",1987
93756,Police Academy 4: Citizens on Patrol,1987
93771,A Prayer for the Dying,1987
93776,Prick Up Your Ears,1987
93777,Prince of Darkness,1987
93779,The Princess Bride,1987
93780,The Principal,1987
93793,Project X,1987
93802,Put More Blood Into the Music,1987
93818,Radio Days,1987
93821,Rage to Kill,1988
93822,Raising Arizona,1987
93828,Real Men,1987
93840,Rowing with the Wind,1988
93861,The Right Hand Man,1987
93870,RoboCop,1987
93876,Rolling Vengeance,1987
93881,The Rosary Murders,1987
93886,Roxanne,1987
93891,Rumpelstiltskin,1987
93894,The Running Man,1987
93895,Running Out of Luck,1987
93912,Salvation!: Have You Said Your Prayers Today?,1987
93932,Scorpion,1986
93936,The Secret of My Success,1987
93940,September,1987
93952,Shame,1988
93964,Shy People,1987
93966,The Sicilian,1987
93969,Siesta,1987
93980,"Sister, Sister",1987
93983,Skeleton Coast,1988
93988,"Slate, Wyn & Me",1987
94006,Some Kind of Wonderful,1987
94007,Someone to Love,1987
94008,Someone to Watch Over Me,1987
94011,Under the Sun of Satan,1987
94012,Spaceballs,1987
94020,Square Dance,1987
94021,The Squeeze,1987
94025,Stakeout,1987
94034,Steele Justice,1987
94046,Stormquest,1987
94048,Straight to Hell,1987
94050,Stranded,1987
94056,Street Smart,1987
94071,Summer Heat,1987
94072,Summer School,1987
94073,The Sun and the Moon,1990
94074,Superman IV: The Quest for Peace,1987
94078,Surrender,1987
94082,Suspect,1987
94118,Teen Wolf Too,1987
94130,Devil's Paradise,1987
94137,3 Men and a Baby,1987
94140,Three for the Road,1987
94142,Throw Momma from the Train,1987
94144,Thunder III,1988
94148,A Tiger's Tale,1987
94152,The Time Guardian,1987
94155,Tin Men,1987
94169,Tough Guys Don't Dance,1987
94172,Trading Hearts,1988
94188,The Trouble with Spies,1987
94208,A Man in Love,1987
94215,Under Cover,1987
94217,The Under Achievers,1987
94220,Unfinished Business,1987
94226,The Untouchables,1987
94234,Vado a riprendermi il gatto,1987
94236,Valentino Returns,1989
94288,Walk Like a Man,1987
94289,A Walk on the Moon,1987
94291,Wall Street,1987
94293,Wanted: Dead or Alive,1986
94304,Weeds,1987
94317,White Mischief,1987
94318,White Water Summer,1987
94320,White of the Eye,1987
94321,Who's That Girl,1987
94323,The Wild Pair,1987
94325,Wild Thing,1987
94332,The Witches of Eastwick,1987
94336,Withnail & I,1987
94347,The Year My Voice Broke,1987
94383,Zombie High,1987
94395,Zärtliche Chaoten,1987
94593,18 Again!,1988
94594,1969,1988
94599,Fist Fighter,1989
94602,Above the Law,1988
94606,The Accidental Tourist,1988
94608,The Accused,1988
94631,Alien Nation,1988
94643,Season of Fear,1989
94646,The Girlfriend,1988
94648,Love of a Woman,1988
94663,Another Woman,1988
94666,Any Man's Death,1990
94667,Apartment Zero,1988
94669,Appointment with Death,1988
94671,Apprentice to Murder,1988
94676,Arizona Heat,1988
94678,Arthur 2: On the Rocks,1988
94712,Bat*21,1988
94715,Beaches,1988
94716,The Beast of War,1988
94721,Beetlejuice,1988
94731,Betrayed,1988
94737,Big,1988
94739,Big Business,1988
94744,Big Top Pee-wee,1988
94746,Biloxi Blues,1988
94747,Bird,1988
94761,The Blob,1988
94764,The Blood of Heroes,1989
94768,The Blue Iguana,1988
94770,Blueberry Hill,1988
94783,The Boost,1988
94785,Born to Race,1988
94787,The Jeweller's Shop,1988
94789,Boulevard of Broken Dreams,1988
94790,Boundaries of the Heart,1988
94794,The Brain,1988
94799,"Bright Lights, Big City",1988
94812,Bull Durham,1988
94816,Burning Secret,1988
94822,Baton Rouge,1988
94824,Caddyshack II,1988
94827,Call Me,1988
94828,Camille Claudel,1988
94830,Camino largo a Tijuana,1988
94834,Cannibal Women in the Avocado Jungle of Death,1989
94835,Captive Rage,1988
94844,A Case of Honor,1989
94854,City War,1988
94862,Child's Play,1988
94870,The Choice,1988
94871,A Chorus of Disapproval,1989
94881,Cinq jours en juin,1989
94882,Clara's Heart,1988
94884,Clean and Sober,1988
94889,Cocktail,1988
94894,Colors,1988
94900,Committed,1991
94907,Consuming Passions,1988
94910,The Couch Trip,1988
94911,La couleur du vent,1988
94912,The Courier,1988
94914,Covjek koji je volio sprovode,1989
94918,Crime Zone,1988
94919,Critters 2,1988
94921,Crossing Delancey,1988
94924,A Cry in the Dark,1988
94933,D.O.A.,1988
94934,Da,1988
94942,Dance of the Damned,1989
94947,Dangerous Liaisons,1988
94950,Dark Mission: Evil Flowers,1988
94955,The Dawning,1988
94961,Dead Heat,1988
94963,The Dead Pool,1988
94964,Dead Ringers,1988
94979,The Deceivers,1988
95008,Deux,1989
95016,Die Hard,1988
95031,Dirty Rotten Scoundrels,1988
95036,Distant Thunder,1988
95050,Dominick and Eugene,1988
95066,The Dressmaker,1988
95067,The Drifter,1988
95115,Esquilache,1989
95117,The Everlasting Secret Family,1988
95119,Everybody's All-American,1988
95125,Faceless,1987
95135,Far North,1988
95159,A Fish Called Wanda,1988
95169,For Keeps?,1988
95174,Frantic,1988
95177,Freeway,1988
95178,Fresh Horses,1988
95180,Friends,1988
95182,The Frog Prince,1988
95186,Full Moon in Blue Water,1988
95188,Funny Farm,1988
95233,Going Undercover,1985
95238,The Good Mother,1988
95243,Gorillas in the Mist,1988
95250,The Big Blue,1988
95253,The Great Outdoors,1988
95255,Grievous Bodily Harm,1988
95271,Halloween: The Return of Michael Myers,1988
95274,A Handful of Dust,1988
95275,Hanna's War,1988
95276,Hanussen,1988
95280,Haunted Summer,1988
95286,Heart of Midnight,1988
95288,Heartbreak Hotel,1988
95303,High Season,1987
95304,High Spirits,1988
95305,High Tide,1987
95311,Hit List,1989
95316,Homeboy,1988
95322,Hostile Takeover,1988
95326,Hot to Trot,1988
95332,The House of Usher,1989
95333,The House on Carroll Street,1987
95342,I Love N.Y.,1987
95357,Illegally Yours,1988
95362,The In Crowd,1988
95363,In Dangerous Company,1988
95364,In a Shallow Grave,1988
95382,Iron Eagle II,1988
95384,It Takes Two,1988
95389,Jack's Back,1988
95408,"John Huston: The Man, the Movies, the Maverick",1988
95409,Johnny Be Good,1988
95415,Judgment in Berlin,1988
95428,Kansas,1988
95438,Keys to Freedom,1988
95445,A Killing Affair,1986
95484,Lady in White,1988
95488,The Lair of the White Worm,1988
95489,The Land Before Time,1988
95496,Last Rites,1988
95497,The Last Temptation of Christ,1988
95503,The Lawless Land,1988
95519,License to Drive,1988
95525,Gandahar,1987
95530,Little Dorrit,1987
95532,Little Nikita,1988
95559,El Lute II: Tomorrow I'll Be Free,1988
95560,Mac and Me,1988
95563,Mad About You,1989
95564,Madame Sousatzka,1988
95565,Made in U.S.A.,1987
95568,La maison de jade,1988
95584,"Manika, une vie plus tard",1989
95593,Married to the Mob,1988
95598,La maschera,1988
95599,Masquerade,1988
95613,Memories of Me,1988
95629,Midnight Crossing,1988
95631,Midnight Run,1988
95638,The Milagro Beanfield War,1988
95640,Miles from Home,1988
95645,Miss Right,1982
95647,Mississippi Burning,1988
95649,The Moderns,1988
95654,Moon Over Parador,1988
95665,Mr. North,1988
95684,My Best Friend Is a Vampire,1987
95687,My Stepmother Is an Alien,1988
95690,Mystic Pizza,1988
95721,Never Say Die,1988
95726,A New Life,1988
95730,The Night Before,1988
95736,A Night in the Life of Jimmy Reardon,1988
95752,Norman's Awesome Experience,1988
95759,The Bengali Night,1988
95774,Off Limits,1988
95776,Oliver & Company,1988
95801,Bagdad Cafe,1987
95806,The Outside Chance of Maximilian Glick,1988
95814,Smokescreen,1988
95823,Paris by Night,1988
95827,Pascali's Island,1988
95832,Pass the Ammo,1988
95836,Patty Hearst,1988
95839,Three Sisters,1988
95845,The Penitent,1988
95853,Permanent Record,1988
95857,Pestonjee,1988
95875,Plain Clothes,1987
95881,Little Sweetheart,1989
95882,Police Academy 5: Assignment: Miami Beach,1988
95897,The Presidio,1988
95903,The Prince of Pennsylvania,1988
95904,Prison,1987
95905,Women in Prison,1988
95916,Promised Land,1987
95924,Pulse,1988
95927,Punchline,1988
95930,Purple People Eater,1988
95940,High Frequency,1988
95943,A Few Days with Me,1988
95951,The Raggedy Rawney,1988
95953,Rain Man,1988
95956,Rambo III,1988
95958,Rampage,1987
95963,Red Heat,1988
95977,Rent-a-Cop,1987
95978,Rented Lips,1988
95981,The Rescue,1988
95985,Return from the River Kwai,1989
95989,Return of the Killer Tomatoes!,1988
95993,Return to Snowy River,1988
96003,Rocket Gibraltar,1988
96018,Running on Empty,1988
96037,Satisfaction,1988
96054,School Daze,1988
96056,Crime and Punishment,2002
96061,Scrooged,1988
96067,El secreto de Romelia,1988
96071,The Serpent and the Rainbow,1988
96072,Seven Hours to Judgment,1988
96073,The Seventh Sign,1988
96084,Shadows in the Storm,1988
96087,Shakedown,1988
96094,She's Having a Baby,1988
96098,Shoot to Kill,1988
96101,Short Circuit 2,1988
96109,Silent Assassins,1988
96131,A Soldier's Tale,1989
96147,South of Reno,1988
96148,Souvenir,1989
96152,Spellbinder,1988
96154,Spies Inc.,1992
96161,Split Decisions,1988
96166,Stars and Bars,1988
96170,Stealing Heaven,1988
96171,Stealing Home,1988
96176,Sticky Fingers,1988
96180,Stormy Monday,1988
96186,The Suicide Club,1988
96189,A Summer Story,1988
96193,Sunset,1988
96200,Sweet Hearts Dance,1988
96201,Sweet Lies,1987
96203,Switching Channels,1988
96219,Talk Radio,1988
96223,Tapeheads,1988
96241,The Telephone,1988
96244,Tequila Sunrise,1988
96259,Things Change,1988
96267,Tiger Warsaw,1988
96270,Time Out,1988
96271,A Time of Destiny,1988
96280,To Kill a Priest,1988
96287,Top Line,1988
96289,Torch Song Trilogy,1988
96294,Track 29,1988
96309,Three Seats for the 26th,1988
96316,Tucker: The Man and His Dream,1988
96320,Twins,1988
96321,Twister,1989
96322,Two Brothers Running,1988
96324,Two Moon Junction,1988
96332,The Unbearable Lightness of Being,1988
96340,The Unholy,1988
96378,Vibes,1988
96380,Vice Versa,1988
96405,Vroom,1988
96409,Walker,1987
96410,Walking After Midnight,1988
96419,Warlords,1988
96420,Warm Nights on a Slow Moving Train,1987
96425,Watchers,1988
96427,We Think the World of You,1988
96438,Who Framed Roger Rabbit,1988
96445,Wildfire,1988
96446,Willow,1988
96454,Without a Clue,1988
96455,The Wizard of Loneliness,1988
96463,Working Girl,1988
96464,A World Apart,1988
96466,The Wrong Guys,1988
96487,Young Guns,1988
96493,Zai jian ying xiong,1988
96501,Zelly and Me,1988
96514,Lovable Zanies II,1988
96734,The 'Burbs,1989
96754,The Abyss,1989
96755,Torrents of Spring,1989
96760,Ada in the Jungle,1988
96764,The Adventures of Baron Munchausen,1988
96786,Alienator,1990
96787,All Dogs Go to Heaven,1989
96789,All's Fair,1989
96794,Always,1989
96817,Angels,1990
96820,Animal Behavior,1989
96824,Another Chance,1989
96854,Australia,1989
96870,Going Overboard,1989
96874,Back to the Future Part II,1989
96875,Catchfire,1990
96877,Esmeralda Bay,1989
96890,Bankomatt,1989
96895,Batman,1989
96913,Best of the Best,1989
96921,Beyond the Stars,1989
96926,The Big Picture,1989
96928,Bill & Ted's Excellent Adventure,1989
96933,Black Rain,1989
96935,Tennessee Waltz,1989
96943,Blaze,1989
96951,Blood Red,1989
96953,Bloodhounds of Broadway,1989
96970,Born to Fight,1989
96976,Breaking In,1989
96995,Burndown,1990
96997,Buy & Cell,1988
97027,Casualties of War,1989
97028,Cat Chaser,1989
97044,Chances Are,1989
97051,What Time Is It?,1989
97052,Checking Out,1989
97063,La cintura,1989
97074,Cohen and Tate,1988
97075,Cold Comfort,1989
97076,Cold Feet,1989
97077,Cold Front,1989
97079,Cold Justice,1991
97100,Communion,1989
97101,Love Comedy,1989
97107,Continental,1990
97109,Cookie,1989
97116,Cousins,1989
97123,Crimes and Misdemeanors,1989
97125,Criminal Law,1988
97136,Cutting Class,1989
97142,Dad,1989
97158,Dark Obsession,1989
97162,Dead Calm,1989
97165,Dead Poets Society,1989
97166,Dead Bang,1989
97172,Dealers,1989
97207,Dirty Games,1989
97211,Disorganized Crime,1989
97216,Do the Right Thing,1989
97235,The Dream Team,1989
97236,Dream a Little Dream,1989
97239,Driving Miss Daisy,1989
97240,Drugstore Cowboy,1989
97243,A Dry White Season,1989
97257,Earth Girls Are Easy,1988
97276,"Enemies, A Love Story",1989
97279,Les enfants du désordre,1989
97289,Erik the Viking,1989
97298,Eternity,1990
97314,The Experts,1989
97322,The Fabulous Baker Boys,1989
97323,Face of the Enemy,1989
97328,Family Business,1989
97334,Farewell to the King,1989
97336,Fat Man and Little Boy,1989
97351,Field of Dreams,1989
97353,The 15 Year Old Girl,1989
97366,Fletch Lives,1989
97368,The Fly II,1989
97375,Forbidden Sun,1988
97376,Force majeure,1989
97382,Helmut Newton: Frames from the Edge,1989
97383,Francesco,1989
97389,"Friends, Lovers, & Lunatics",1989
97390,Fright Night Part 2,1988
97403,Funny,1988
97417,Seven Minutes,1989
97419,George's Island,1989
97424,Getting It Right,1989
97428,Ghostbusters II,1989
97433,Massacre Play,1989
97435,The Girl in a Swing,1988
97438,Gleaming the Cube,1989
97441,Glory,1989
97448,Brown Bread Sandwiches,1989
97457,Great Balls of Fire!,1989
97458,Gross Anatomy,1989
97462,Guerriers et captives,1990
97474,Halloween: The Revenge of Michael Myers,1989
97478,Happy Together,1989
97481,Harlem Nights,1989
97487,Hawks,1988
97490,Heart of Dixie,1989
97493,Heathers,1988
97499,Henry V,1989
97500,Her Alibi,1989
97503,Hider in the House,1989
97506,High Score,1990
97507,High Stakes,1989
97524,China White,1989
97527,The Horror Show,1989
97530,How I Got Into College,1989
97567,Immediate Family,1989
97570,In Country,1989
97574,Up to Date,1989
97576,Indiana Jones and the Last Crusade,1989
97579,An Innocent Man,1989
97597,Island,1989
97599,Istanbul,1989
97607,Jacknife,1989
97613,The January Man,1989
97617,Jeniec Europy,1989
97626,Johnny Handsome,1989
97631,Hitz,1992
97634,Justice Denied,1989
97647,The Karate Kid Part III,1989
97662,Kill Me Again,1989
97667,Killing Dad or How to Love Your Mother,1990
97668,King of the Wind,1990
97678,Kokoda Crescent,1989
97695,The Women on the Roof,1989
97714,Last Exit to Brooklyn,1989
97731,Let It Ride,1989
97733,Lethal Weapon 2,1989
97737,Leviathan,1989
97756,Listen to Me,1989
97757,The Little Mermaid,1989
97758,Little Monsters,1989
97769,The Local Stigmatic,1990
97770,Lock Up,1989
97778,Look Who's Talking,1989
97782,Lost Angels,1989
97792,The Luckiest Man in the World,1989
97794,Luigi's Ladies,1989
97800,Mack the Knife,1989
97802,"Mado, poste restante",1990
97804,Magdalene,1988
97814,Kiki's Delivery Service,1989
97815,Major League,1989
97818,Malarek,1988
97826,Manifesto,1988
97871,Mes meilleurs copains,1989
97880,The Mighty Quinn,1989
97883,Millennium,1989
97885,Mind Games,1989
97886,Mindfield,1989
97887,Ministry of Vengeance,1989
97888,Outback,1989
97889,Miracle Mile,1988
97892,Miss Firecracker,1989
97910,Moon 44,1990
97913,Mortacci,1989
97938,My Mom's a Werewolf,1989
97958,National Lampoon's Christmas Vacation,1989
97964,New Year's Day,1989
97965,New York Stories,1989
97967,Next of Kin,1989
97971,Night Game,1989
97972,Night Life,1989
97987,No Holds Barred,1989
98005,Nowhere to Run,1989
98022,Old Gringo,1989
98027,One Man Out,1989
98042,Out Cold,1989
98043,"Out of Sight, Out of Mind",1990
98050,Ovejas negras,1990
98051,The Package,1989
98054,Paint It Black,1989
98059,"Papa est parti, maman aussi",1989
98067,Parenthood,1989
98068,Parents,1989
98084,Pet Sematary,1989
98090,The Phantom of the Opera,1989
98093,Physical Evidence,1989
98097,Pink Cadillac,1989
98105,Police Academy 6: City Under Siege,1989
98115,Prancer,1989
98122,Priceless Beauty,1988
98128,Prisoners of Inertia,1989
98141,The Punisher,1989
98154,Quicker Than the Eye,1988
98160,The Rachel Papers,1989
98165,The Rainbow,1989
98172,Reason to Die,1990
98173,Rebus,1989
98180,Red Scorpion,1988
98184,Relentless,1989
98185,A Fool and His Money,1989
98188,Renegades,1989
98190,Resurrected,1989
98194,The Return of the Musketeers,1989
98205,River of Death,1989
98206,Road House,1989
98219,Romero,1989
98220,"Mama, There's a Man in Your Bed",1989
98222,Rooftops,1989
98224,Rosalie Goes Shopping,1989
98225,The Rose Garden,1989
98230,Rude Awakening,1989
98236,The Third Solution,1988
98241,s/y Glädjen,1989
98251,Blood and Sand,1989
98258,Say Anything...,1989
98260,Scandal,1989
98261,Scenes from the Class Struggle in Beverly Hills,1989
98273,Sea of Love,1989
98276,Second Sight,1989
98282,"See No Evil, Hear No Evil",1989
98283,See You in the Morning,1989
98300,Shag,1989
98306,She's Back,1989
98308,She's Out of Control,1989
98309,She-Devil,1989
98319,Shirley Valentine,1989
98324,If They Tell You I Fell,1989
98330,Signs of Life,1989
98335,Sing,1989
98343,Skin Deep,1989
98347,Slaves of New York,1989
98350,Slipstream,1989
98356,Some Girls,1988
98368,Speaking Parts,1989
98369,Speed Zone,1989
98370,Spider's Web,1989
98382,Star Trek V: The Final Frontier,1989
98383,Staying Together,1989
98384,Steel Magnolias,1989
98394,Strapless,1989
98396,Street of No Return,1989
98398,Strike Commando 2,1988
98407,Twisted Obsession,1989
98412,Sundown: The Vampire in Retreat,1989
98415,Survival Quest,1988
98433,Cognac,1988
98435,Tale of Two Sisters,1989
98436,The Tall Guy,1989
98439,Tango & Cash,1989
98454,Ten Little Indians,1989
98463,That Summer of White Roses,1989
98464,That's Adequate,1989
98471,Three Fugitives,1989
98487,Tolérance,1989
98489,Tong Tana - En resa till Borneos inre,1989
98513,Triumph of the Spirit,1989
98521,Tropical Snow,1988
98524,True Believer,1989
98525,True Blood,1989
98528,True Love,1989
98536,Turner & Hooch,1989
98552,Love Without Pity,1989
98554,Uncle Buck,1989
98558,Under the Gun,1988
98575,Valmont,1989
98577,Vampire's Kiss,1988
98578,Vanille fraise,1989
98586,Venus Peter,1989
98615,"Wait Until Spring, Bandini",1989
98621,The War of the Roses,1989
98622,Warlock,1989
98623,Warm Summer Rain,1989
98625,We're No Angels,1989
98626,Weatherman '69,1989
98627,Weekend at Bernie's,1989
98631,Welcome Home,1989
98635,When Harry Met Sally...,1989
98638,When the Whales Came,1989
98640,White Hot,1988
98645,Who's Harry Crumb?,1989
98649,Wicked Stepmother,1989
98651,Prisoner of Rio,1988
98655,"The Wilderness Idea: John Muir, Gifford Pinchot, and the First Great Battle for Wilderness",1989
98658,Wings of Fame,1990
98659,Winter People,1989
98660,Wired,1989
98667,Triads: The Inside Story,1989
98678,Worth Winning,1989
98714,The Sleazy Uncle,1989
98721,Silence Like Glass,1989
98724,"Sex, Lies, and Videotape",1989
98959,...Almost,1990
98963,1871,1990
98966,3 Men and a Little Lady,1990
98970,A solas contigo,1990
98983,Act of Piracy,1988
98987,The Adventures of Ford Fairlane,1990
98994,"After Dark, My Sweet",1990
99005,Air America,1990
99012,Alice,1990
99018,Almost an Angel,1990
99026,The Ambulance,1990
99039,Angel Town,1990
99044,Another 48 Hrs.,1990
99052,Arachnophobia,1990
99072,In the Eyes of the World,1991
99073,Avalon,1990
99077,Awakenings,1990
99086,Back to Back,1989
99088,Back to the Future Part III,1990
99091,Bad Influence,1990
99098,Le bal du gouverneur,1990
99127,Bethune: The Making of a Hero,1990
99128,Betsy's Wedding,1990
99130,Beyond the Ocean,1990
99136,Crossing the Line,1990
99141,Bird on a Wire,1990
99143,Black Rainbow,1989
99160,Blue Steel,1990
99165,The Bonfire of the Vanities,1990
99172,Braca po materi,1988
99173,Brain Dead,1990
99174,Le brasier,1991
99177,Breakaway,1990
99187,Buried Alive,1989
99194,Buster's Bedroom,1991
99204,Cadillac Man,1990
99242,Chattahoochee,1989
99250,Chicago Joe and the Showgirl,1990
99255,The Children,1990
99270,Circles in a Forest,1989
99277,Class of 1999,1990
99286,Cold Dog Soup,1990
99291,Come See the Paradise,1990
99292,The Comfort of Strangers,1990
99300,Convicts,1991
99305,Corporate Affairs,1990
99306,Corps perdus,1989
99310,Coupe de Ville,1990
99312,Cover-Up,1991
99316,Crazy People,1990
99323,The Crossing,1990
99327,A Cry in the Wild,1990
99329,Cry-Baby,1990
99334,Cyrano de Bergerac,1990
99337,DMZ,1990
99342,Daddy's Dyin'... Who's Got the Will?,1990
99344,Gallant Ladies,1990
99348,Dances with Wolves,1990
99365,Darkman,1990
99371,Days of Thunder,1990
99384,Death Spa,1989
99385,Death Warrant,1990
99394,Deep Sleep,1990
99395,Def by Temptation,1990
99397,Defenseless,1991
99399,Delta Force 2: The Colombian Connection,1990
99406,La désenchantée,1990
99409,Desperate Hours,1990
99422,Dick Tracy,1990
99423,Die Hard 2,1990
99430,Dimenticare Palermo,1990
99441,Disturbed,1990
99450,The Boyfriend School,1990
99460,Downtown,1990
99472,DuckTales the Movie: Treasure of the Lost Lamp,1990
99474,Dune Warriors,1991
99480,Eating,1990
99487,Edward Scissorhands,1990
99502,Enemy,1990
99506,Enid Is Sleeping,1990
99520,Everybody Wins,1990
99523,Evil Spirits,1990
99527,Exiled in America,1992
99541,False Identity,1990
99546,Far Out Man,1990
99554,Fatal Sky,1990
99557,Fear,1990
99560,La femme fardée,1990
99566,The Field,1990
99572,The Final Alliance,1990
99575,Fire Birds,1990
99577,Firehead,1991
99578,The First Power,1990
99581,Flashback,1990
99582,Flatliners,1990
99587,Flight of the Intruder,1991
99606,The Fourth War,1990
99612,Roger Corman's Frankenstein Unbound,1990
99615,The Freshman,1990
99621,Flight from Paradise,1990
99623,Funny About Love,1990
99636,Gate 2: The Trespassers,1990
99641,Gentile alouette,1990
99653,Ghost,1990
99664,Girlfriend from Hell,1989
99674,The Godfather: Part III,1990
99685,Goodfellas,1990
99699,Green Card,1990
99700,Gremlins 2: The New Batch,1990
99703,The Grifters,1990
99704,Grim Prairie Tales,1990
99726,Hamlet,1990
99731,The Handmaid's Tale,1990
99733,Happily Ever After,1990
99739,Hard to Kill,1990
99740,Hardware,1990
99743,The Haunting of Morella,1990
99747,Havana,1990
99750,Heart Condition,1990
99762,Henry & June,1990
99768,Hidden Agenda,1990
99785,Home Alone,1990
99789,L'homme au masque d'or,1991
99796,Horseplayer,1990
99797,The Hot Spot,1990
99810,The Hunt for Red October,1990
99817,Dark Angel,1990
99819,I Love You to Death,1990
99824,Alex,1991
99827,There Were Days... and Moons,1990
99832,Impulse,1990
99840,In the Shadow of the Sandcastle,1996
99841,In the Spirit,1990
99846,Innocent Victim,1989
99849,Instant Karma,1990
99850,Internal Affairs,1990
99865,Italia-Germania 4-3,1990
99871,Jacob's Ladder,1990
99879,Jezebel's Kiss,1990
99892,Joe Versus the Volcano,1990
99901,Jours tranquilles à Clichy,1990
99908,Just Like in the Movies,1990
99923,"Carnival, Angel and Dust",1990
99938,Kindergarten Cop,1990
99939,King of New York,1990
99951,The Krays,1990
99982,Last Call,1991
99984,The Last Match,1991
99991,The Last of the Finest,1990
99996,Legacy,1993
100003,The Lemon Sisters,1989
100015,Liberty & Bash,1989
100026,A Life of Sin,1979
100036,Little Vegas,1990
100039,Living to Die,1990
100046,The Long Walk Home,1990
100050,Look Who's Talking Too,1990
100053,Loose Cannons,1990
100065,Love at Large,1990
100087,Madhouse,1990
100102,The Man Inside,1990
100107,Maniac Cop 2,1990
100112,The Hairdresser's Husband,1990
100114,Marked for Death,1990
100116,Martians Go Home,1989
100122,A Matter of Degrees,1990
100129,Meet the Applegates,1990
100133,Memphis Belle,1990
100134,Men Don't Leave,1990
100135,Men at Work,1990
100140,Mermaids,1990
100143,Miami Blues,1990
100148,Midnight Ride,1990
100150,Miller's Crossing,1990
100151,Mindwalk,1990
100156,Mirror Mirror,1990
100157,Misery,1990
100161,Mister Frost,1990
100168,Mo' Better Blues,1990
100170,Mob Story,1989
100171,Modern Love,1990
100172,Mom,1991
100175,Money,1991
100190,Notti di paura,1997
100201,Mr. Destiny,1990
100211,Music Box,1989
100212,My Blue Heaven,1990
100222,Naked Tango,1990
100224,Narrow Margin,1990
100232,Navy Seals,1990
100251,Night Eyes,1990
100261,Nightmare at Noon,1988
100281,The Nutcracker Prince,1990
100287,Old Explorers,1990
100301,Opportunity Knocks,1990
100303,Operation Corned Beef,1991
100304,Eagle,1990
100317,Overexposed,1990
100318,Pacific Heights,1990
100319,Pacific Palisades,1990
100330,Paper Mask,1990
100343,Peacemaker,1990
100369,The Pit and the Pendulum,1991
100395,Postcards from the Edge,1990
100403,Predator 2,1990
100404,Presumed Innocent,1990
100405,Pretty Woman,1990
100408,Nel giardino delle rose,1990
100431,Pucker Up and Bark Like a Dog,1989
100436,Pump Up the Volume,1990
100442,Q & A,1990
100449,Quick Change,1990
100456,The Rainbow Thief,1990
100466,Red Blooded American Girl,1990
100468,Red Surf,1989
100477,The Rescuers Down Under,1990
100485,Revenge,1990
100486,Reversal of Fortune,1990
100488,Rich Girl,1991
100502,RoboCop 2,1990
100504,Rock 'n' Roll High School Forever,1991
100507,Rocky V,1990
100512,Romeo.Juliet,1990
100514,The Rookie,1990
100516,Rosamunde,1990
100519,Rosencrantz & Guildenstern Are Dead,1990
100528,The Runestone,1991
100530,The Russia House,1990
100533,Killer Instinct,1989
100536,"No Fear, No Die",1990
100546,Sandino,1991
100550,Satan's Princess,1989
100572,Il segreto,1990
100589,Shakma,1990
100594,The Sheltering Sky,1990
100602,A Shock to the System,1990
100604,Short Time,1990
100606,A Show of Force,1990
100611,Sibling Rivalry,1990
100613,Side Out,1990
100633,Der Skipper,1990
100649,Solar Crisis,1990
100650,Night Sun,1990
100661,Sonny Boy,1989
100680,Stanley & Iris,1990
100683,Stasera a casa di Alice,1990
100685,State of Grace,1990
100688,Steel and Lace,1991
100691,Stella,1990
100699,On Tour,1990
100740,Tales from the Darkside: The Movie,1990
100758,Teenage Mutant Ninja Turtles,1990
100786,Till There Was You,1991
100791,To Sleep with Anger,1990
100802,Total Recall,1990
100814,Tremors,1990
100817,Tripwire,1989
100822,Tune in Tomorrow...,1990
100826,Twisted Justice,1990
100827,Two Evil Eyes,1990
100828,The Two Jakes,1990
100829,Con el amor no se juega,1991
100840,Un week-end sur deux,1990
100873,Vincent & Theo,1990
100878,Una vita scellerata,1990
100879,Vital Signs,1990
100899,Waiting for the Light,1990
100911,"Welcome Home, Roxy Carmichael",1990
100924,Where the Heart Is,1990
100928,White Hunter Black Heart,1990
100929,White Room,1990
100931,Why Me?,1990
100934,Wild Orchid,1989
100935,Wild at Heart,1990
100940,Windprints,1989
100944,The Witches,1990
100994,Young Guns II,1990
101004,Zandalee,1991
101026,Tie Me Up! Tie Me Down!,1989
101250,18 anni tra una settimana,1991
101252,29th Street,1991
101268,Across the Tracks,1990
101272,The Addams Family,1991
101273,The Adjuster,1991
101276,Afraid of the Dark,1991
101301,All I Want for Christmas,1991
101307,Germany Year 90 Nine Zero,1991
101317,Lovers: A True Story,1991
101320,Ambition,1991
101324,American Friends,1991
101329,An American Tail: Fievel Goes West,1991
101335,Amor e Dedinhos de Pé,1992
101337,L'amore necessario,1991
101356,Another You,1991
101368,Severed Ties,1992
101371,Article 99,1992
101373,At Play in the Fields of the Lord,1991
101387,Aya,1990
101393,Backdraft,1991
101404,The Ballad of the Sad Cafe,1991
101410,Barton Fink,1991
101412,Beastmaster 2: Through the Portal of Time,1991
101413,Beautiful Dreamers,1990
101416,Becoming Colette,1991
101452,Bill & Ted's Bogus Journey,1991
101453,Billy Bathgate,1991
101465,Black Robe,1991
101473,Blonde Fist,1991
101478,Blood and Concrete,1991
101481,Bloodfist III: Forced to Fight,1992
101486,Blue Desert,1990
101504,The Boy Who Cried Bitch,1991
101507,Boyz n the Hood,1991
101510,Bright Angel,1990
101516,Bugsy,1991
101518,Bullseye!,1990
101523,The Butcher's Wife,1991
101524,By the Sword,1991
101530,The Cabinet of Dr. Ramirez,1991
101531,Cadence,1990
101540,Cape Fear,1991
101541,Capital Punishment,1991
101545,Career Opportunities,1991
101551,The Wicked,1991
101560,Chains of Gold,1990
101578,China Cry: A True Story,1990
101587,City Slickers,1991
101588,City of Hope,1991
101590,Class Action,1991
101592,Clearcut,1991
101593,A Climate for Killing,1991
101595,Close My Eyes,1991
101596,The Closer,1990
101597,Closet Land,1991
101599,Coldfire,1990
101606,Company Business,1991
101625,Once Upon a Crime...,1992
101629,Crooked Hearts,1991
101635,Curly Sue,1991
101636,Curse III: Blood Sacrifice,1991
101646,En dag i oktober,1991
101660,The Dark Backward,1991
101669,Dead Again,1991
101676,Dead Women in Lingerie,1991
101694,Deceived,1991
101698,Defending Your Life,1991
101701,Delirious,1991
101707,Denial,1990
101725,Diary of a Hitman,1991
101735,Diplomatic Immunity,1991
101736,Diplomatic Immunity,1992
101745,Doc Hollywood,1991
101746,The Doctor,1991
101748,Dogfight,1991
101753,Especially on Sunday,1991
101757,Don't Tell Mom the Babysitter's Dead,1991
101761,The Doors,1991
101764,Double Impact,1991
101773,Drive,1991
101775,Drop Dead Fred,1991
101786,Dutch,1991
101787,Dying Young,1991
101798,Edward II,1991
101808,Emerald City,1988
101809,Eminent Domain,1990
101811,Enchanted April,1991
101812,The End of Innocence,1990
101829,Europa,1991
101831,Eve of Destruction,1991
101834,A Grande Arte,1991
101844,Eyes of an Angel,1991
101846,F/X2,1991
101862,Father of the Bride,1991
101863,"The Favour, the Watch and the Very Big Fish",1991
101866,Femme Fatale,1991
101874,Final Approach,1991
101882,Fires Within,1991
101889,The Fisher King,1991
101891,The Five Heartbeats,1991
101898,Flirting,1991
101902,For the Boys,1991
101909,Frame Up,1991
101912,Frankie and Johnny,1991
101917,Freddy's Dead: The Final Nightmare,1991
101921,Fried Green Tomatoes,1991
101931,Future Kick,1991
101965,The Good Policeman,1991
101969,Grand Canyon,1991
101970,Grand Isle,1991
101983,Guilty as Charged,1991
101984,Guilty by Suspicion,1991
101996,Hammers Over the Anvil,1993
101998,Hangin' with the Homeboys,1991
102002,Hard Promises,1991
102004,The Hard Way,1991
102005,Harley Davidson and the Marlboro Man,1991
102011,"He Said, She Said",1991
102014,Hear My Song,1991
102015,Hearts of Darkness: A Filmmaker's Apocalypse,1991
102032,High Strung,1992
102034,Highlander II: The Quickening,1991
102035,Highway 61,1991
102043,Hired to Kill,1990
102045,The Hitman,1991
102048,Homicide,1991
102057,Hook,1991
102059,Hot Shots!,1991
102070,Hudson Hawk,1991
102076,Hunting,1991
102103,Impromptu,1991
102105,In Between,1991
102107,In Gold We Trust,1990
102116,The Indian Runner,1991
102122,Inner Sanctum,1991
102128,Iron Maze,1991
102130,Isabelle Eberhardt,1991
102137,J'entends plus la guitare,1991
102138,JFK,1991
102170,Julia Has Two Lovers,1990
102174,Jumpin' at the Boneyard,1991
102175,Jungle Fever,1991
102178,K2,1991
102181,Kafka,1991
102216,King Ralph,1991
102220,A Kiss Before Dying,1991
102242,Kuchnia polska,1991
102250,L.A. Story,1991
102265,The Long Winter,1992
102266,The Last Boy Scout,1991
102267,Lifebreath,1997
102283,Legal Tender,1991
102284,Leise Schatten,1992
102285,Lena's Holiday,1991
102288,Let Him Have It,1991
102299,Liebestraum,1991
102303,Life Stinks,1991
102307,Light Sleeper,1992
102313,The Linguini Incident,1991
102316,Little Man Tate,1991
102317,Little Noises,1991
102329,Lonely Hearts,1991
102341,Love Hurts,1990
102343,Love Potion No. 9,1992
102368,Madame Bovary,1991
102388,The Man in the Moon,1991
102395,Mannequin: On the Move,1991
102411,The Marrying Man,1991
102422,McBain,1991
102432,Men of Respect,1990
102439,The Suspended Step of the Stork,1991
102443,A Midnight Clear,1992
102444,Milena,1991
102445,Millions,1991
102449,The Bachelor,1990
102453,Missing Pieces,1991
102460,Mobsters,1991
102465,"Mon père, ce héros.",1991
102469,Mortal Thoughts,1991
102477,Una mujer bajo la lluvia,1992
102489,Mutator,1989
102492,My Girl,1991
102493,My Heroes Have Always Been Cowboys,1991
102494,My Own Private Idaho,1991
102500,Mystery Date,1991
102510,The Naked Gun 2½: The Smell of Fear,1991
102511,Naked Lunch,1991
102512,Naked Obsession,1990
102517,Necessary Roughness,1991
102520,La neige et le feu,1991
102526,New Jack City,1991
102536,Night on Earth,1991
102543,No Secrets,1991
102555,Not Without My Daughter,1991
102558,Nothing But Trouble,1991
102573,The Object of Beauty,1991
102590,Once Around,1991
102592,One False Move,1992
102593,One Good Cop,1991
102598,Only the Lonely,1991
102602,The Siege of Venice,1991
102603,Oscar,1991
102609,Other People's Money,1991
102614,Out for Justice,1991
102616,Out of the Rain,1991
102619,Oxen,1991
102631,Paradise,1991
102638,Paris Trout,1991
102685,Point Break,1991
102703,Prayer of the Rollerboys,1990
102707,Preminger: Anatomy of a Filmmaker,1991
102713,The Prince of Tides,1991
102721,Proof,1991
102729,Pure Luck,1991
102733,Pyrates,1991
102741,Queens Logic,1991
102744,Quigley Down Under,1990
102749,A Rage in Harlem,1991
102750,The Rain Killer,1990
102753,Rambling Rose,1991
102757,The Rapture,1991
102768,Regarding Henry,1991
102770,La reine blanche,1991
102789,Ricochet,1991
102791,Riflessi in un cielo scuro,1991
102793,Ring of Fire,1991
102797,Robin Hood,1991
102798,Robin Hood: Prince of Thieves,1991
102803,The Rocketeer,1991
102817,Rubin and Ed,1991
102818,Run,1991
102820,Rush,1991
102832,Samantha,1991
102849,Scenes from a Mall,1991
102855,Scream of Stone,1991
102860,Scissors,1991
102861,Scorchers,1991
102867,Secret Friends,1991
102882,Servants of Twilight,1991
102900,Shattered,1991
102913,Shout,1991
102915,Showdown in Little Tokyo,1991
102920,Shuttlecock,1993
102926,The Silence of the Lambs,1991
102940,Ski School,1990
102945,Sleeping with the Enemy,1991
102951,Soapdish,1991
102954,Sol Bianca 2,1991
102969,The Efficiency Expert,1992
102975,Star Trek VI: The Undiscovered Country,1991
102984,Stone Cold,1991
103003,Suburban Commando,1991
103006,Sunset Heat,1992
103007,The Super,1991
103015,Sweet Talker,1991
103016,Switch,1991
103035,Taking Care of Business,1990
103055,A Fine Romance,1992
103057,Ted & Venus,1991
103060,Teenage Mutant Ninja Turtles II: The Secret of the Ooze,1991
103064,Terminator 2: Judgment Day,1991
103069,Texasville,1990
103074,Thelma & Louise,1991
103110,Tous les matins du monde,1991
103112,Toy Soldiers,1991
103116,Trancers II,1991
103119,Travis,1991
103125,True Colors,1991
103129,Truly Madly Deeply,1990
103135,Assassin of the Tsar,1991
103141,Turtle Beach,1992
103157,The Unborn,1991
103158,Uncaged,1991
103161,Under Surveillance,1991
103184,V.I. Warshawski,1991
103186,Cows,1992
103200,Towards Evening,1990
103203,The Voyage of Captain Fracassa,1990
103224,Le voleur d'enfants,1991
103231,Waiting,1991
103239,Wedlock,1991
103241,What About Bob?,1991
103243,Where Angels Fear to Tread,1991
103247,White Fang,1991
103251,White Palace,1990
103262,Wild Hearts Can't Be Broken,1991
103265,Wildfeuer,1991
103267,Wilding,1990
103268,The Willies,1990
103273,Wishman,1992
103303,Year of the Gun,1991
103594,1492: Conquest of Paradise,1992
103595,1991: The Year Punk Broke,1992
103609,The Magic Voyage,1992
103615,The Absence,1992
103617,Aces: Iron Eagle III,1992
103629,Age Isn't Everything,1991
103634,Aileen Wuornos: The Selling of a Serial Killer,1992
103644,Alien³,1992
103666,Amazon,1990
103670,American Heart,1992
103681,Lover,1992
103710,Love After Love,1992
103723,As You Like It,1992
103747,The Babe,1992
103752,Back in the U.S.S.R.,1992
103772,Basic Instinct,1992
103776,Batman Returns,1992
103786,Beethoven,1992
103791,Belle Epoque,1992
103805,Beyond the Law,1993
103818,Black Ice,1992
103827,Blame It on the Bellboy,1992
103838,The Inner Circle,1991
103848,Blue Ice,1992
103850,Bob Roberts,1992
103855,The Bodyguard,1992
103859,Boomerang,1992
103874,Bram Stoker's Dracula,1992
103875,Brandnacht,1992
103881,The Bridge,1992
103893,Buffy the Vampire Slayer,1992
103919,Candyman,1992
103923,Captain America,1990
103924,Captain Ron,1992
103933,Center of the Web,1992
103936,Chain of Desire,1992
103939,Chaplin,1992
103948,Chechu y familia,1992
103962,Christopher Columbus: The Discovery,1992
103976,City of Joy,1992
103982,Cold Heaven,1991
103992,Comment font les gens,1993
103994,Like Water for Chocolate,1992
104003,Barjo,1992
104006,Consenting Adults,1992
104009,Cool World,1992
104027,CrissCross,1992
104028,The Black Bomber,1992
104029,Cronos,1993
104030,Crossing the Bridge,1992
104036,The Crying Game,1992
104040,The Cutting Edge,1992
104053,Trauma,1993
104054,Dark Horse,1992
104070,Death Becomes Her,1992
104073,Deep Cover,1992
104080,Delta Heat,1992
104103,Breath of Life,1990
104105,Diên Biên Phú,1992
104107,Diggstown,1992
104112,Distant Justice,1992
104114,The Distinguished Gentleman,1992
104119,Dolly Dearest,1991
104129,The Touch,1992
104135,Double Trouble,1992
104142,Driving Me Crazy,1991
104155,Dust Devil,1992
104181,Wuthering Heights,1992
104187,Encino Man,1992
104200,Behind the Scenes: A Portrait of Pierre Guffroy,1992
104201,Equinox,1992
104213,The Events Leading Up to My Death,1991
104215,Excessive Force,1993
104231,Far and Away,1992
104237,Damage,1992
104240,Fathers & Sons,1992
104251,"Ferdinando, Man of Love",1990
104252,30 Door Key,1991
104254,FernGully: The Last Rainforest,1992
104257,A Few Good Men,1992
104261,La fille de l'air,1992
104265,Final Analysis,1992
104273,The Finishing Touch,1992
104283,Folks!,1992
104290,Forever,1992
104291,Forever Young,1992
104298,Freddie as F.R.O.7.,1992
104299,Freejack,1992
104309,Frozen Assets,1992
104321,Gas Food Lodging,1992
104334,Ghost Ship,1992
104346,Gladiator,1992
104348,Glengarry Glen Ross,1992
104362,Grand Tour: Disaster in Time,1992
104376,The Gun in Betty Lou's Handbag,1992
104377,Guncrazy,1992
104380,Gypsy Eyes,1992
104389,The Hand That Rocks the Cradle,1992
104412,Hero,1992
104427,Hoffa,1992
104428,Hold Me Thrill Me Kiss Me,1992
104431,Home Alone 2: Lost in New York,1992
104438,Honeymoon in Vegas,1992
104443,Hostage,1992
104452,HouseSitter,1992
104454,Howards End,1992
104466,Husbands and Wives,1992
104473,IP5: L'île aux pachydermes,1992
104485,Illicit Behavior,1992
104489,Immaculate Conception,1992
104503,In the Soup,1992
104507,Indochine,1992
104511,Innocent Blood,1992
104516,Interceptor,1992
104521,Into the Sun,1991
104522,Into the West,1992
104540,Cyber Eden,1992
104545,"Jamón, Jamón",1992
104549,Jennifer 8,1992
104550,Jersey Girl,1992
104558,Police Story 3: Super Cop,1992
104576,Just Like a Woman,1992
104613,Killer Image,1992
104627,Knight Moves,1992
104638,Krapatchouk,1992
104647,Kuffs,1992
104676,Lana in Love,1991
104678,Landslide,1992
104682,Lapse of Memory,1991
104685,The Last Days of Chez Nous,1992
104691,The Last of the Mohicans,1992
104692,The Lawnmower Man,1992
104693,Laws of Gravity,1992
104694,A League of Their Own,1992
104695,Leap of Faith,1992
104696,Leather Jackets,1991
104697,Leaving Normal,1992
104714,Lethal Weapon 3,1992
104720,Liar's Edge,1992
104741,Little Sister,1992
104743,Live Wire,1992
104756,Lorenzo's Oil,1992
104762,The Lounge People,1992
104765,Love Field,1992
104766,Love Is Like That,1992
104779,Bitter Moon,1992
104795,Mal de amores,1993
104797,Malcolm X,1992
104802,The Mambo Kings,1992
104804,Man Trouble,1992
104816,The Perfect Husband,1993
104831,Maximum Force,1992
104833,Me and Veronica,1992
104835,Me Myself and I,1992
104839,Medicine Man,1992
104850,Memoirs of an Invisible Man,1992
104860,We Are Not Angels,1992
104864,Midnight Witness,1993
104868,The Mighty Ducks,1992
104897,Mo' Money,1992
104918,Death of a Neapolitan Mathematician,1992
104928,Mr. Saturday Night,1992
104946,Music for the Movies: Bernard Herrmann,1992
104952,My Cousin Vinny,1992
104954,My New Gun,1992
104968,Naked Making Lunch,1992
104981,Neon City,1991
104984,Nervous Ticks,1992
104990,Newsies,1992
104994,Nickel & Dime,1992
104997,South Beach,1993
105001,Night and the City,1992
105009,No Place to Hide,1992
105017,Noises Off...,1992
105045,Dark at Noon,1992
105046,Of Mice and Men,1992
105048,"Oh, What a Night",1992
105052,On My Own,1991
105059,Only You,1992
105063,The Opposite Sex and How to Live with Them,1992
105066,Orquesta Club Virginia,1992
105067,Un orso chiamato Arturo,1992
105078,Out on a Limb,1992
105080,Over the Hill,1992
105103,Passed Away,1992
105104,Passenger 57,1992
105107,Passion Fish,1992
105108,Past Midnight,1991
105112,Patriot Games,1992
105127,The Plague,1992
105128,Pet Sematary II,1992
105130,Peter's Friends,1992
105135,Phantom of the Ritz,1988
105147,Play Nice,1992
105150,The Playboys,1992
105151,The Player,1992
105156,Poison Ivy,1992
105157,The Portrait,1992
105159,The Power of One,1992
105160,Prague,1992
105165,Prelude to a Kiss,1992
105173,Primary Motive,1992
105175,Beyond Justice,1992
105187,The Public Eye,1992
105191,Pure Country,1992
105211,Radio Flyer,1992
105214,The Railway Station Man,1992
105215,Rain Without Thunder,1992
105217,Raising Cain,1992
105219,Rapid Fire,1992
105222,Rebecca's Daughters,1992
105226,Red Rock West,1993
105236,Reservoir Dogs,1992
105256,Rich in Love,1992
105265,A River Runs Through It,1992
105266,The Road to Mecca,1991
105275,Romper Stomper,1992
105291,Ruby,1992
105298,Running Wild,1995
105306,Desire,1992
105323,Scent of a Woman,1992
105327,School Ties,1992
105359,Serpientes y escaleras,1992
105361,The Seventh Coin,1993
105377,Shadow of the Wolf,1992
105378,Shadows and Fog,1991
105391,Shining Through,1992
105396,Shooting Elizabeth,1992
105411,Simple Men,1992
105414,Single White Female,1992
105415,Singles,1992
105417,Sister Act,1992
105428,Sleepwalkers,1992
105435,Sneakers,1992
105437,Soft Top Hard Shoulder,1992
105459,Split Second,1992
105466,Stay Tuned,1992
105477,Stop! Or My Mom Will Shoot,1992
105480,Storyville,1992
105481,Straight Talk,1992
105485,Street Crimes,1992
105515,Tadipaar,1993
105526,The Taking of Beverly Hills,1991
105527,Tale of a Vampire,1992
105560,Tengoku no Taizai,1992
105563,Terra Fria,1992
105572,That Night,1992
105573,There Goes the Neighborhood,1992
105577,This Is My Life,1992
105585,Thunderheart,1992
105593,The Tigress,1992
105597,Timebomb,1991
105602,Tito and Me,1992
105614,Tolgo il disturbo,1990
105616,Tom and Jerry: The Movie,1992
105629,Toys,1992
105631,Traces of Red,1992
105634,Travelling Light,1992
105636,Trespass,1992
105645,Trouble Bound,1993
105660,The Turning,1992
105665,Twin Peaks: Fire Walk with Me,1992
105670,Twogether,1992
105678,Ultimate Desires,1991
105682,Un Coeur en Hiver,1992
105690,Under Siege,1992
105691,Under Suspicion,1991
105695,Unforgiven,1992
105698,Universal Soldier,1992
105699,Unlawful Entry,1992
105706,Used People,1992
105712,Utz,1992
105719,The Vagrant,1992
105729,Venice/Venice,1992
105751,La vie fantôme,1992
105755,Husbands and Lovers,1991
105768,La voix,1992
105789,The Waterdance,1992
105790,Waterland,1992
105793,Wayne's World,1992
105807,When the Party's Over,1993
105809,Where Sleeping Dogs Lie,1991
105810,Where the Day Takes You,1992
105811,Whispers in the Dark,1992
105812,White Men Can't Jump,1992
105813,White Sands,1992
105819,Wild Orchid II: Two Shades of Blue,1991
105824,Wind,1992
105836,"A Woman, Her Men, and Her Futon",1992
105885,Zebrahead,1992
106185,The Innocent,1993
106210,Abissinia,1993
106220,Addams Family Values,1993
106223,The Adventures of Huck Finn,1993
106226,The Age of Innocence,1993
106233,Airborne,1993
106246,Alive,1993
106251,El amante bilingüe,1993
106253,An Ambush of Ghosts,1993
106257,American Ninja 5,1993
106258,American Samurai,1992
106266,Amos & Andrew,1993
106275,Andelské oci,1994
106292,Another Stakeout,1993
106303,Arctic Blue,1993
106307,Arizona Dream,1993
106308,Army of Darkness,1992
106309,Army of One,1993
106323,Auntie Lee's Meat Pies,1992
106335,The Baby of Mâcon,1993
106339,Backbeat,1994
106340,Bad Behaviour,1993
106346,El baile de las ánimas,1994
106350,The Ballad of Little Jo,1993
106353,Bank Robber,1993
106364,Batman: Mask of the Phantasm,1993
106366,Beach Babes from Beyond,1993
106375,Beethoven's 2nd,1993
106379,Being Human,1994
106386,Benefit of the Doubt,1993
106387,Benny & Joon,1993
106393,Best of the Best II,1993
106395,Betrayal of the Dove,1993
106400,The Beverly Hillbillies,1993
106402,Beyond Bedlam,1994
106418,Bitter Harvest,1993
106447,"Bodies, Rest & Motion",1993
106451,Body Shot,1994
106452,Body Snatchers,1993
106453,Body of Evidence,1992
106455,Boiling Point,1993
106464,Bopha!,1993
106466,Born Yesterday,1993
106469,"Blood In, Blood Out",1993
106471,Boxing Helena,1993
106479,Breaking Point,1994
106487,Broken Highway,1993
106489,A Bronx Tale,1993
106500,CB4,1993
106504,Calendar,1993
106505,Calendar Girl,1993
106519,Carlito's Way,1993
106536,The Cemetery Club,1993
106537,Century,1993
106582,Cliffhanger,1993
106586,Cold Sweat,1993
106598,Coneheads,1993
106611,Cool Runnings,1993
106613,Cop & ½,1993
106621,Sister Island,1996
106627,The Crush,1993
106638,The Custodian,1993
106644,Da Vinci's War,1993
106660,Dangerous Game,1993
106661,A Dangerous Woman,1993
106664,The Dark Half,1993
106673,Dave,1993
106677,Dazed and Confused,1993
106684,Deadfall,1993
106696,The Young Girls Turn 25,1993
106697,Demolition Man,1993
106701,Dennis the Menace,1993
106722,Digger,1993
106727,Dirty Weekend,1993
106731,Discretion Assured,1994
106732,Distant Cousins,1993
106753,Doppelganger,1993
106761,Double Dragon,1994
106762,Double Exposure,1994
106796,Eight Hundred Leagues Down the Amazon,1993
106822,Entangled,1993
106827,Ernest Rides Again,1993
106833,Ethan Frome,1993
106834,Even Cowgirls Get the Blues,1993
106837,Every Breath,1994
106843,Expert Weapon,1993
106850,Extreme Justice,1993
106851,Eye of the Stranger,1993
106854,Der Fall Lucona,1993
106856,Falling Down,1993
106860,Family Prayers,1993
106866,Fanfan,1993
106868,A Far Off Place,1993
106873,Fatal Instinct,1993
106877,Father Hood,1993
106881,Fearless,1993
106902,Fifty/Fifty,1992
106908,La fine è nota,1993
106912,Fire in the Sky,1993
106913,Fire on the Amazon,1993
106918,The Firm,1993
106921,Fist of Honor,1993
106925,Flashfire,1994
106926,Flesh and Bone,1993
106941,For Love or Money,1993
106946,Forced to Kill,1994
106950,Fortress,1992
106954,Frame-Up II: The Cover-Up,1992
106963,Frauds,1993
106965,Free Willy,1993
106968,Friends,1993
106977,The Fugitive,1993
106983,Future Shock,1994
107004,Geronimo: An American Legend,1993
107007,Gettysburg,1993
107025,God's Lonely Man,1996
107034,The Good Son,1993
107037,Gorilla Bathes at Noon,1993
107040,Il grande cocomero,1993
107042,Great Moments in Aviation,1994
107045,Grief,1993
107046,Gross Misconduct,1993
107048,Groundhog Day,1993
107050,Grumpy Old Men,1993
107057,Guilty as Sin,1993
107076,Hard Target,1993
107079,Sugar Hill,1993
107090,Hear No Evil,1993
107091,Heart and Souls,1993
107107,Hexed,1993
107110,Hidden Obsession,1993
107117,The Hit List,1993
107120,Hocus Pocus,1993
107123,Hoffman's Hunger,1993
107130,A Home of Our Own,1993
107131,Homeward Bound: The Incredible Journey,1993
107144,Hot Shots! Part Deux,1993
107146,The Advocate,1993
107147,A House in the Hills,1993
107148,House of Cards,1993
107151,The House of the Spirits,1993
107152,Household Saints,1993
107164,Huck and the King of Hearts,1994
107165,Golden Balls,1993
107179,A Man in Uniform,1993
107206,In the Line of Fire,1993
107207,In the Name of the Father,1993
107209,"Faraway, So Close!",1993
107210,Indecent Behavior,1993
107211,Indecent Proposal,1993
107212,Indian Summer,1993
107220,Inside Monkey Zetterland,1992
107224,Intruso,1993
107242,Jack Be Nimble,1993
107247,Jack the Bear,1993
107277,Josh and S.A.M.,1993
107286,Judgment Night,1993
107290,Jurassic Park,1993
107296,Justiz,1993
107302,Kalifornia,1993
107315,Kika,1993
107319,Grey Knight,1993
107322,King of the Hill,1993
107330,Little Sharks,1992
107333,Knights,1993
107346,Kyôso tanjô,1993
107356,Lady Dragon 2,1993
107362,Last Action Hero,1993
107372,The Last Party,1993
107416,Lightning in a Bottle,1993
107426,Little Buddha,1993
107427,Little Miss Millions,1993
107438,Look Who's Talking Now,1993
107451,"Love, Cheat & Steal",1993
107455,"Luck, Trust & Ketchup: Robert Altman in Carver Country",1993
107468,M. Butterfly,1993
107471,My Favorite Season,1993
107473,Mad Dog and Glory,1993
107478,Made in America,1993
107479,La madre muerta,1993
107497,Malice,1993
107501,The Man Without a Face,1993
107504,Man's Best Friend,1993
107507,Manhattan Murder Mystery,1993
107520,Les marmottes,1993
107523,Married to It,1991
107529,Matinee,1993
107573,Honey Sweet Love...,1994
107590,Molly & Gina,1994
107594,Money for Nothing,1993
107597,Monolith,1993
107601,Morfars resa,1993
107604,Morning Glory,1993
107606,Mother's Boys,1993
107610,Mr. Bluesman,1993
107611,Mr. Jones,1993
107613,Mr. Wonderful,1993
107614,Mrs. Doubtfire,1993
107616,Much Ado About Nothing,1993
107623,The Music of Chance,1993
107624,Mustard Bath,1993
107626,My Boyfriend's Back,1993
107630,My Life,1993
107653,Naked,1993
107659,Loaded Weapon 1,1993
107665,Needful Things,1993
107666,The Neighbor,1993
107672,The Immortal Woman,1993
107683,Night Train to Venice,1993
107684,Night Trap,1993
107685,The Night We Never Met,1993
107695,No Escape No Return,1993
107702,The Nostradamus Kid,1993
107711,Nowhere to Run,1993
107750,Only the Strong,1993
107755,Ordinary Magic,1993
107756,Orlando,1992
107763,The Outfit,1993
107773,Paper Hearts,1993
107798,The Pelican Brief,1993
107802,Los peores años de nuestra vida,1994
107808,A Perfect World,1993
107815,Pétain,1993
107818,Philadelphia,1993
107822,The Piano,1993
107824,The Pickle,1993
107842,Point of Impact,1993
107843,Point of No Return,1993
107863,Posse,1993
107889,The Program,1993
107912,Quick,1993
107927,The Real McCoy,1993
107937,Red Sun Rising,1994
107943,The Remains of the Day,1993
107956,The Rebel,1993
107962,Ring of Fire II: Blood and Steel,1993
107969,Rising Sun,1993
107983,Romeo Is Bleeding,1993
107985,Rookie of the Year,1993
107999,Ruby Cairo,1992
108000,Ruby in Paradise,1993
108002,Rudy,1993
108003,Rule No. 3,1993
108006,Running Cool,1993
108026,The Saint of Fort Washington,1993
108045,Save Me,1994
108052,Schindler's List,1993
108065,Searching for Bobby Fischer,1993
108072,The Secret Rapture,1993
108099,Shadow Force,1992
108101,Shadowlands,1993
108119,Shimmer,1993
108122,Short Cuts,1993
108134,Silent Cries,1993
108135,Silent Tongue,1993
108137,The Silver Brumby,1993
108143,Sins of the Night,1993
108147,Sister Act 2: Back in the Habit,1993
108149,Six Degrees of Separation,1993
108160,Sleepless in Seattle,1993
108162,Sliver,1993
108169,Snapdragon,1993
108171,Sniper,1993
108174,So I Married an Axe Murderer,1993
108182,Souvenir,1996
108185,Sommersby,1993
108186,Son in Law,1993
108207,Splitting Heirs,1993
108238,Striking Distance,1993
108253,Sunset Grill,1993
108255,Super Mario Bros.,1993
108260,Suture,1993
108264,Sweet Killing,1993
108265,Swing Kids,1993
108281,Tai-Chi Master,1993
108289,Flirting Scholar,1993
108306,Teenage Bonnie and Klepto Clyde,1993
108308,Teenage Mutant Ninja Turtles III,1993
108311,The Temp,1993
108320,There Goes My Baby,1994
108327,The Thing Called Love,1993
108330,This Boy's Life,1993
108333,The Three Musketeers,1993
108334,Three of Hearts,1993
108342,Time Runner,1993
108351,Tocando fondo,1993
108356,All Men Are the Same,1994
108358,Tombstone,1993
108370,Tout ça... pour ça!,1993
108372,Toxic Affair,1993
108388,The Trial,1993
108395,A Troll in Central Park,1994
108399,True Romance,1993
108401,The Trust,1993
108410,Twenty Bucks,1993
108420,Two Small Bodies,1993
108440,Under Investigation,1993
108442,Undercover Blues,1993
108443,A New Life,1993
108451,Untamed Heart,1993
108473,The Vanishing,1993
108500,The Visitors,1993
108517,Warlock: The Armageddon,1993
108518,Warren Oates: Across the Border,1993
108521,Watch It,1993
108525,Wayne's World 2,1993
108526,We're Back! A Dinosaur's Story,1993
108539,Weekend at Bernie's II,1993
108550,What's Eating Gilbert Grape,1993
108551,What's Love Got to Do with It,1993
108554,When Pigs Fly,1993
108555,When the Bough Breaks,1994
108557,Where the Rivers Flow North,1993
108559,White Wolves: A Cry in the Wild II,1993
108569,Wilder Napalm,1993
108588,Woman of Desire,1994
108596,Wrestling Ernest Hemingway,1993
108597,The Wrong Man,1993
108633,The Young Americans,1993
108636,Younger and Younger,1993
108670,Outrage,1993
108674,Under the Stars,1993
109021,8 Seconds,1994
109028,Cold Fever,1995
109034,Above Suspicion,1995
109035,Above the Rim,1994
109040,Ace Ventura: Pet Detective,1994
109042,Across the Moon,1995
109045,"The Adventures of Priscilla, Queen of the Desert",1994
109068,Airheads,1994
109093,Amateur,1994
109099,American Yakuza,1993
109120,Andre,1994
109127,Angels in the Outfield,1994
109129,Angie,1994
109157,The Ascent,1994
109178,Automatic,1995
109190,Baby's Day Out,1994
109191,Babyfever,1994
109196,Backstreet Justice,1994
109198,Bad Girls,1994
109219,Barcelona,1994
109226,"The Beans of Egypt, Maine",1994
109234,In the Heat of Passion II: Unfaithful,1994
109254,Beverly Hills Cop III,1994
109255,Maybe... Maybe Not,1994
109279,Black Beauty,1994
109288,Blankman,1994
109293,Blessing,1994
109297,Blink,1993
109303,Blown Away,1994
109306,Blue Sky,1994
109307,Blue Tiger,1994
109312,Boca,1994
109323,Boulevard,1994
109327,Brainscan,1994
109336,A Brilliant Disguise,1994
109340,The Browning Version,1994
109348,Bullets Over Broadway,1994
109352,A Business Affair,1994
109354,Byzantine Blue,1993
109356,Magic Hunter,1994
109361,Cabin Boy,1994
109362,Cache Cash,1994
109368,Camilla,1994
109369,Camp Nowhere,1994
109370,Canadian Bacon,1995
109374,Captives,1994
109386,Casque bleu,1994
109390,A Century of Cinema,1994
109392,Chacun pour toi,1993
109400,Charlie's Ghost Story,1995
109402,The Chase,1994
109403,Chasers,1994
109405,Chasing the Deer,1994
109417,China Moon,1994
109427,Zhong jin shu,1994
109439,City Slickers II: The Legend of Curly's Gold,1994
109443,Clean Slate,1994
109444,Clear and Present Danger,1994
109446,The Client,1994
109447,Clifford,1994
109450,Cobb,1994
109454,Colonel Chabert,1994
109456,Color of Night,1994
109461,Come due coccodrilli,1994
109469,Confessions of a Hitman,1994
109478,The Cool Surface,1993
109480,Cops and Robbersons,1994
109484,"Corrina, Corrina",1994
109491,Country Life,1994
109493,The Cowboy Way,1994
109494,Crackerjack,1994
109498,The Crew,1994
109504,Crooklyn,1994
109514,Curse of the Starving Class,1994
109520,D2: The Mighty Ducks,1994
109532,Dangerous Indiscretion,1995
109534,Dangerous Touch,1994
109536,The Dangerous,1995
109546,Temptress,1995
109548,Dark Side of Genius,1994
109551,The Dark,1993
109566,Dead Funny,1994
109569,Dead on Sight,1994
109573,Deadly Target,1994
109575,Death Machine,1994
109578,Death Wish V: The Face of Death,1994
109579,Death and the Maiden,1994
109582,Decadence,1994
109588,Deep Down,1994
109635,Disclosure,1994
109642,Dolores Claiborne,1995
109643,Don't Do It,1994
109656,Double Obsession,1992
109665,Dream Lover,1993
109676,Drop Zone,1994
109686,Dumb and Dumber,1994
109699,Numbered Days,1994
109702,Cold Water,1994
109703,Ebbtide,1994
109707,Ed Wood,1994
109735,Entre rojas,1995
109739,Ernest Goes to School,1994
109742,Erotique,1994
109754,Everynight... Everynight,1994
109758,Exit to Eden,1994
109759,Exotica,1994
109761,The Surgeon,1995
109765,F.T.W.,1994
109771,Farinelli,1994
109775,Fatal Pursuit,1995
109783,The Favor,1994
109795,The Fence,1994
109800,Le fils préféré,1994
109811,The Spy Within,1995
109813,The Flintstones,1994
109816,Floundering,1994
109830,Forrest Gump,1994
109831,Four Weddings and a Funeral,1994
109835,Frank & Jesse,1995
109836,Mary Shelley's Frankenstein,1994
109837,Frauen sind was Wunderbares,1994
109838,Freaked,1993
109840,Freefall,1994
109842,Fresh,1994
109855,Fun,1994
109862,Förräderi,1994
109890,The Getaway,1994
109891,Getting Even with Dad,1994
109893,Getting In,1994
109900,Giorgino,1994
109906,The Glass Shield,1994
109912,A Gnome Named Gnorm,1990
109917,Golden Gate,1993
109920,A Good Man in Africa,1994
109936,Greedy,1994
109951,Guarding Tess,1994
109959,Gunmen,1993
109969,Hail Caesar,1994
109982,Hand Gun,1994
109987,Hard Vice,1994
109995,'Til Death,1994
110005,Heavenly Creatures,1994
110013,Henry & Verlin,1996
110027,Highlander: The Final Dimension,1994
110036,Stories from the Kronen,1995
110044,Holy Matrimony,1994
110052,Hong Kong 97,1994
110074,The Hudsucker Proxy,1994
110093,I Love Trouble,1994
110097,I'll Do Anything,1994
110099,I.Q.,1994
110115,Imaginary Crimes,1994
110116,Immortal Beloved,1994
110123,In the Army Now,1994
110134,Indecent Behavior II,1994
110138,Inner Sanctum II,1994
110146,Intersection,1994
110148,Interview with the Vampire: The Vampire Chronicles,1994
110157,Iron Will,1994
110165,Secrets Shared with a Stranger,1995
110167,It Could Happen to You,1994
110168,It Runs in the Family,1994
110169,It's Pat: The Movie,1994
110186,Jason's Lyric,1994
110197,Jimmy Hollywood,1994
110207,Jonathan degli orsi,1994
110212,Judicial Consent,1994
110213,The Jungle Book,1994
110216,Junior,1994
110259,Killer,1994
110295,Lady in Waiting,1994
110305,Lassie,1994
110306,The Last Good Time,1994
110313,The Last Word,1995
110322,Legends of the Fall,1994
110331,Lethal Seduction,1997
110341,Liberation,1994
110353,Lightning Jack,1994
110357,The Lion King,1994
110365,Little Odessa,1994
110367,Little Women,1994
110392,Love Is a Gun,1994
110395,Love and a .45,1994
110398,Loving Deadly,1994
110399,A Low Down Dirty Shame,1994
110400,The Low Life,1995
110413,Léon: The Professional,1994
110425,La machine,1994
110428,The Madness of King George,1994
110434,The Magic of the Golden Bear: Goldy III,1994
110442,Major League II,1994
110443,Major Payne,1995
110472,Mario und der Zauberer,1994
110475,The Mask,1994
110478,Maverick,1994
110490,Men of War,1994
110516,Milk Money,1994
110521,Mina Tannenbaum,1994
110527,Miracle on 34th Street,1994
110530,Mirror Mirror 2: Raven Dance,1994
110538,Mixed Nuts,1994
110557,Monkey Trouble,1994
110588,Mrs. Parker and the Vicious Circle,1994
110593,Munchie Strikes Back,1994
110598,Muriel's Wedding,1994
110612,My Father the Hero,1994
110613,My Girl 2,1994
110620,Nadja,1994
110622,Naked Gun 33 1/3: The Final Insult,1994
110623,Naked in New York,1993
110631,Nightwatch,1994
110632,Natural Born Killers,1994
110638,Nell,1994
110649,The New Age,1994
110651,New Crime City,1994
110657,The Next Karate Kid,1994
110668,Night of the Running Man,1995
110671,Nina Takes a Lover,1994
110675,No Contest,1995
110678,No Escape,1994
110684,Nobody's Fool,1994
110687,North,1994
110689,Nostradamus,1994
110712,Of Love and Shadows,1994
110725,On Deadly Ground,1994
110729,Once Were Warriors,1994
110737,Only You,1994
110759,PCU,1994
110763,The Pagemaster,1994
110771,The Paper,1994
110780,La partie d'échecs,1994
110785,La pasión turca,1994
110791,A Passion to Kill,1994
110796,The Patriots,1994
110803,Payback,1995
110826,The Phoenix and the Magic Carpet,1995
110836,A Pin for the Butterfly,1994
110849,Playmaker,1994
110857,Police Academy: Mission to Moscow,1994
110867,Pontiac Moon,1994
110882,Before the Rain,1994
110889,Priest,1994
110891,Royal Deceit,1994
110892,Princess Caraboo,1994
110907,Ready to Wear,1994
110911,Pullman paradis,1995
110912,Pulp Fiction,1994
110932,Quiz Show,1994
110936,Radio Inside,1994
110939,Radioland Murders,1994
110944,Rapa Nui,1994
110948,Raw Justice,1994
110950,Reality Bites,1994
110954,Red Scorpion 2,1994
110955,The Ref,1994
110956,Reflections on a Crime,1994
110963,Queen Margot,1994
110965,Relative Fear,1994
110971,Renaissance Man,1994
110978,Texas Chainsaw Massacre: The Next Generation,1994
110986,Rhythm Thief,1994
110989,Ri¢hie Ri¢h,1994
110997,The River Wild,1994
110999,The Road Killers,1994
111001,The Road to Wellville,1994
111003,The Puppet Masters,1994
111048,S.F.W.,1994
111054,Safe Passage,1994
111070,The Santa Clause,1994
111079,Savage Land,1994
111094,The Scout,1994
111102,Second Best,1994
111122,Sensation,1994
111124,Senza pelle,1994
111125,Separate Lives,1995
111127,Serial Mom,1994
111133,The Seventh Floor,1994
111143,The Shadow,1994
111149,Shallow Grave,1994
111151,Mad Dogs and Englishmen,1995
111161,The Shawshank Redemption,1994
111169,Sherwood's Travels,1994
111173,Shopping,1994
111187,Silent Fall,1994
111190,The Silence of the Hams,1994
111191,Silk Degrees,1994
111194,A Simple Twist of Fate,1994
111199,Sioux City,1994
111201,Sirens,1994
111205,Sister My Sister,1994
111212,Skins,1994
111218,Sleep with Me,1994
111228,The Soft Kill,1994
111230,Il sogno della farfalla,1994
111237,Somebody to Love,1994
111244,Sorceress,1995
111255,The Specialist,1994
111256,Speechless,1994
111257,Speed,1994
111260,Spider & Rose,1994
111271,Squanto: A Warrior's Tale,1994
111280,Star Trek Generations,1994
111282,Stargate,1994
111285,The Steal,1995
111301,Street Fighter,1994
111309,The Sum of Us,1994
111314,Sunny Side Up,1994
111323,Surviving the Game,1994
111342,La séparation,1994
111356,Talk,1994
111359,Tall Tale,1995
111361,Tammy and the T-Rex,1994
111397,Teresa's Tattoo,1994
111400,Terminal Velocity,1994
111416,This Is the Sea,1997
111418,Threesome,1994
111434,Time Is Money,1994
111438,Timecop,1994
111449,Todo es mentira,1994
111453,Tollbooth,1994
111454,Tom & Viv,1994
111464,Terrified,1995
111470,Trading Mom,1994
111477,Trapped in Paradise,1994
111480,Treacherous,1993
111488,Trial by Jury,1994
111492,Trigger Fast,1994
111503,True Lies,1994
111506,Tryst,1994
111525,The Crazysitter,1994
111549,Uncovered,1994
111585,Valentine's Day,1994
111652,Constable Zumbühl,1994
111653,Wagons East,1994
111667,The War,1994
111687,Whale Music,1994
111693,When a Man Loves a Woman,1994
111712,Widows' Peak,1994
111732,With Honors,1994
111742,Wolf,1994
111756,Wyatt Earp,1994
111825,Zero Tolerance,1994
112281,Ace Ventura: When Nature Calls,1995
112288,The Addiction,1995
112304,Adão e Eva,1995
112320,Alien Terminator,1995
112323,All Men Are Mortal,1995
112346,The American President,1995
112362,Angel Baby,1995
112366,Guardian Angels,1995
112367,Angry Cafe,1995
112373,Anne Frank Remembered,1995
112384,Apollo 13,1995
112401,Assassins,1995
112418,Aurora: Operation Intercept,1995
112427,An Awfully Big Adventure,1995
112431,Babe,1995
112433,Baby Face Nelson,1996
112435,The Baby-Sitters Club,1995
112440,Backfire!,1995
112442,Bad Boys,1995
112443,Bad Company,1995
112453,Balto,1995
112454,Bandwagon,1996
112461,The Basketball Diaries,1995
112462,Batman Forever,1995
112483,Best of the Best 3: No Turning Back,1995
112494,Beyond Desire,1995
112495,Beyond Rangoon,1995
112499,The Big Green,1995
112508,Billy Madison,1995
112515,Black Day Blue Night,1995
112518,Black Rose of Harlem,1996
112537,Blue Juice,1995
112541,Blue in the Face,1995
112564,Boston Kickout,1995
112571,Boys on the Side,1995
112572,The Brady Bunch Movie,1995
112573,Braveheart,1995
112574,The Break,1995
112575,Breaking Free,1995
112578,Brennendes Herz,1996
112579,The Bridges of Madison County,1995
112581,Broken Bars,1995
112585,The Brothers McMullen,1995
112602,Bushwhacked,1995
112606,Bye Bye Love,1995
112611,Cafe Society,1995
112626,Captain Nuke and the Bomber Boys,1995
112628,Sex & the Other Man,1995
112637,Carrington,1995
112641,Casino,1995
112642,Casper,1995
112654,One Hundred and One Nights,1995
112656,Chameleon,1995
112657,The Champagne Safari,1995
112675,Cilantro y perejil,1996
112679,Circle of Friends,1995
112688,Clockers,1995
112697,Clueless,1995
112700,Body Count,1995
112702,Coldblooded,1995
112712,Condition Red,1995
112714,The Confessional,1995
112715,Congo,1995
112716,The Convent,1995
112722,Copycat,1995
112729,Cover Me,1995
112732,Breach of Trust,1995
112740,Crimson Tide,1995
112744,The Crossing Guard,1995
112749,"Cry, the Beloved Country",1995
112756,Cuore cattivo,1995
112760,Cutthroat Island,1995
112769,La Cérémonie,1995
112792,Dangerous Minds,1995
112804,The Dark Dancer,1995
112810,Day at the Beach,1998
112817,Dead Man,1995
112818,Dead Man Walking,1995
112819,Dead Presidents,1995
112829,Deadly Past,1995
112830,Deadly Sins,1995
112838,Deceptions II: Edge of Deception,1994
112839,Decoy,1995
112847,Desert Blues,1995
112851,Desperado,1995
112854,Destiny Turns on the Radio,1995
112857,Devil in a Blue Dress,1995
112864,Die Hard with a Vengeance,1995
112882,Dominion,1995
112883,Don Juan DeMarco,1994
112887,The Doom Generation,1995
112889,Dos crímenes,1994
112895,Dr. Jekyll and Ms. Hyde,1995
112904,Driftwood,1997
112942,Electra,1996
112950,Empire Records,1995
112951,To Have (or Not),1995
112953,En el aire,1995
112966,The Englishman Who Went Up a Hill But Came Down a Mountain,1995
112969,Entre Pancho Villa y una mujer desnuda,1996
112991,Evil Obsession,1996
113006,Madame Petlet's True Story,1995
113010,Fair Game,1995
113014,Fall Time,1995
113028,Far from Home: The Adventures of Yellow Dog,1995
113031,Farmer & Chase,1997
113039,The Evil Inside Me,1993
113041,Father of the Bride Part II,1995
113044,Feast of July,1995
113065,Final Equinox,1995
113067,Firestorm,1997
113071,First Knight,1995
113074,Fist of the North Star,1995
113075,Fists of Iron,1995
113080,Flirt,1995
113089,Fluke,1995
113092,For the Cause,2000
113097,Forget Paris,1995
113101,Four Rooms,1995
113107,Frankie Starlight,1995
113116,French Exit,1995
113117,French Kiss,1995
113118,Friday,1995
113128,Runaways,1995
113133,Funny Bones,1995
113145,Le garçu,1995
113158,Georgia,1995
113161,Get Shorty,1995
113168,Gimlet,1995
113173,Girl in the Cadillac,1995
113184,Go Now,1995
113188,Gold Diggers: The Secret of Bear Mountain,1995
113189,GoldenEye,1995
113211,The Grass Harp,1995
113224,Gentlemen Don't Eat Poets,1995
113228,Grumpier Old Men,1995
113238,Gunfighter's Moon,1995
113243,Hackers,1995
113249,Innocent Lies,1995
113253,Halloween: The Curse of Michael Myers,1995
113269,Haunted,1995
113277,Heat,1995
113280,Heavy,1995
113303,Hideaway,1995
113305,Higher Learning,1995
113313,Hollow Point,1996
113314,Hollow Reed,1996
113319,Homage,1995
113321,Home for the Holidays,1995
113326,Rumble in the Bronx,1995
113337,Hotel Sorrento,1995
113347,How to Make an American Quilt,1995
113369,I Shot a Man in Vegas,1995
113394,The Immortals,1995
113406,"In the Kingdom of the Blind, the Man with One Eye Is King",1995
113409,In the Mouth of Madness,1994
113419,The Indian in the Cupboard,1995
113435,Io e il re,1995
113442,It Takes Two,1995
113443,It's My Party,1996
113448,Jack & Sarah,1995
113451,Jade,1995
113463,Jefferson in Paris,1995
113466,The Interview,1995
113481,Johnny Mnemonic,1995
113489,Diary of a Seducer,1996
113490,The Journey of August King,1995
113492,Judge Dredd,1995
113497,Jumanji,1995
113500,Jury Duty,1995
113501,Just Cause,1995
113533,Born to Be Wild,1995
113535,The Keeper,1995
113537,Kicking and Screaming,1995
113538,A Kid in King Arthur's Court,1995
113542,Killer: A Journal of Murder,1995
113543,The Killers Within,1995
113552,Kiss of Death,1995
113609,Last Gasp,1995
113613,The Last Supper,1995
113617,Last of the Dogmen,1995
113627,Leaving Las Vegas,1995
113638,Let It Be Me,1995
113649,Libertarias,1996
113658,Lilian's Story,1996
113667,The Little Death,1996
113670,A Little Princess,1995
113674,Live Nude Girls,1995
113675,The Real Thing,1996
113677,Living in Oblivion,1995
113682,Loch Ness,1996
113690,Lord of Illusions,1995
113691,Losing Isaiah,1995
113729,Mad Love,1995
113732,The Maddening,1995
113737,Magic in the Water,1995
113748,Malicious,1995
113749,Mallrats,1995
113773,Marching in Darkness,1996
113774,Margaret's Museum,1995
113808,Miami Rhapsody,1995
113819,Mighty Aphrodite,1995
113839,A Modern Affair,1995
113845,Money Train,1995
113849,A Month by the Lake,1995
113851,Moonlight and Valentino,1995
113862,Mr. Holland's Opus,1995
113865,Mrs. Munck,1995
113867,MugShot,1996
113870,Murder in the First,1995
113896,My Family,1995
113909,Don't Forget You're Going to Die,1995
113918,Nadie hablará de nosotras cuando hayamos muerto,1995
113926,Naked Souls,1996
113936,Senior Trip,1995
113939,The Nature of the Beast,1995
113943,The Near Room,1995
113947,Nelly & Monsieur Arnaud,1995
113952,The Neon Bible,1995
113957,The Net,1995
113965,Never Talk to Strangers,1995
113972,Nick of Time,1995
113986,Nine Months,1995
113987,Nixon,1995
113999,One Tough Bastard,1996
114001,Not Bad for a Girl,1995
114005,Notes from Underground,1995
114007,Nothing Personal,1995
114008,Ten Benny,1995
114009,Le nouveau monde,1995
114011,Now and Then,1995
114025,The Killer Inside,1996
114041,One Good Turn,1996
114042,One Night Stand,1995
114048,Operation Dumbo Drop,1995
114057,Othello,1995
114069,Outbreak,1995
114070,Mind Ripper,1995
114075,The Sunset Boys,1995
114084,Panther,1995
114086,Beyond the Clouds,1995
114088,Paradise Framed,1995
114095,Party Girl,1995
114099,The Passion of Darkly Noon,1995
114108,The Pebble and the Penguin,1995
114113,The Perez Family,1995
114114,Perfect Alibi,1995
114122,Pharaoh's Army,1995
114125,Phoenix,1995
114131,Pie in the Sky,1995
114142,Playback,1996
114146,Those Were the Days,1995
114148,Pocahontas,1995
114149,Pocahontas: The Legend,1995
114151,Poison Ivy II,1996
114168,Powder,1995
114193,Project: Metalbeast,1995
114194,The Prophecy,1995
114210,A Pyromaniac's Love Story,1995
114214,The Quick and the Dead,1995
114216,Quiet Days in Hollywood,1997
114226,Raging Angels,1995
114228,Rainbow,1995
114241,Reckless,1995
114272,Restoration,1995
114279,Richard III,1995
114287,Rob Roy,1995
114296,Roommates,1995
114303,Rough Magic,1995
114319,Sabrina,1995
114322,The Sadness of Sex,1998
114323,Safe,1995
114345,The Scarlet Letter,1995
114347,Scenes from Everyday Life,1995
114367,Screamers,1995
114368,La scuola,1995
114369,Se7en,1995
114371,Search and Destroy,1995
114375,Secret Agent OO Soul,1990
114388,Sense and Sensibility,1995
114394,Serpent's Lair,1995
114397,The Set Up,1995
114432,Hidden Assassin,1995
114436,Showgirls,1995
114462,The Skateboard Kid 2,1994
114478,Smoke,1995
114489,Soldier Boyz,1995
114494,Someone Else's America,1995
114496,Something to Talk About,1995
114508,Species,1995
114533,Terminal Voyage,1994
114534,The Stars Fell on Henrietta,1995
114536,Steal Big Steal Little,1995
114556,Storybook,1996
114558,Strange Days,1995
114571,Stuart Saves His Family,1995
114576,Sudden Death,1995
114577,Suite 16,1994
114592,Sweet Nothing,1995
114594,Swimming with Sharks,1994
114608,Tales from the Crypt: Demon Knight,1995
114612,The Night Is Dark,1995
114614,Tank Girl,1995
114616,Tarantella,1995
114622,The North Star,1996
114648,Terminal Justice,1996
114658,Theodore Rex,1995
114660,Things to Do in Denver When You're Dead,1995
114666,The Tie That Binds,1995
114676,Timemaster,1995
114681,To Die For,1995
114682,"To Wong Foo Thanks for Everything, Julie Newmar",1995
114702,Total Eclipse,1995
114709,Toy Story,1995
114746,12 Monkeys,1995
114781,Under Siege 2: Dark Territory,1995
114782,Under the Bridge,1996
114784,Under the Hula Moon,1995
114788,The Underneath,1995
114790,Une femme française,1995
114798,Unstrung Heroes,1995
114812,The Tragic Burlesque,1995
114814,The Usual Suspects,1995
114819,Vacant Possession,1995
114825,Vampire in Brooklyn,1995
114846,Victory,1996
114852,Village of the Damned,1995
114857,Virtuosity,1995
114866,Voices,1995
114885,Waiting to Exhale,1995
114888,The Walking Dead,1995
114898,Waterworld,1995
114916,When Night Is Falling,1995
114917,When Saturday Comes,1996
114924,While You Were Sleeping,1995
114925,White Cargo,1996
114928,White Man's Burden,1995
114936,The Wife,1995
114937,Wigstock: The Movie,1995
114938,Wild Bill,1995
114939,Wild Bill: Hollywood Maverick,1995
114941,Wild Side,1995
114948,Windrunner,1994
114952,Wings of Courage,1995
115030,A Young Connecticut Yankee in King Arthur's Court,1995
115062,The Zone,1995
115433,101 Dalmatians,1996
115438,2 Days in the Valley,1996
115447,Il tocco - La sfida,1997
115471,Adrenalin: Fear the Rush,1996
115472,The Adventures of Pinocchio,1996
115478,Elective Affinities,1996
115479,According to Pereira,1995
115493,Alaska,1996
115495,Albino Alligator,1996
115509,All Dogs Go to Heaven II,1996
115516,Alles nur Tarnung,1996
115523,Alta tensión,1997
115526,Amanda,1996
115531,American Strays,1996
115536,Love Can Seriously Damage Your Health,1996
115549,Anna Oz,1996
115561,The Apartment,1996
115564,Arcane Sorcerer,1996
115571,The Arrival,1996
115580,The Associate,1996
115591,August,1996
115598,Les aveux de l'innocent,1996
115610,Bad Moon,1996
115614,Baja Run,1996
115632,Basquiat,1996
115633,Bastard Out of Carolina,1996
115639,Beautiful Girls,1996
115641,Beavis and Butt-Head Do America,1996
115644,Bed of Roses,1996
115645,Before and After,1996
115653,Ben Johnson: Third Cowboy on the Right,1996
115663,Best Seller (El Premio),1996
115675,The Big Brass Ring,1999
115676,Big Bully,1996
115678,Big Night,1996
115683,Bio-Dome,1996
115685,The Birdcage,1996
115693,Black Mask,1996
115697,Black Sheep,1996
115698,Blackwater Trail,1995
115701,Blast,1997
115709,Blood Money,1996
115710,Blood and Wine,1996
115725,Bogus,1996
115727,Bombshell,1997
115734,Bottle Rocket,1996
115736,Bound,1996
115738,Box of Moonlight,1996
115742,Boys,1996
115744,Brassed Off,1996
115751,Breaking the Waves,1996
115759,Broken Arrow,1996
115760,Broken English,1996
115781,Bullet,1996
115783,Bulletproof,1996
115797,"Love, Math and Sex",1997
115798,The Cable Guy,1996
115808,Chameleon,1996
115811,Camp Stories,1997
115813,Campfire Tales,1997
115832,Carla's Song,1996
115836,Carpool,1996
115837,Carried Away,1996
115850,La Celestina,1996
115851,Celtic Pride,1996
115857,Chain Reaction,1996
115862,The Chamber,1996
115865,Changing Habits,1997
115886,Children of the Revolution,1996
115901,Cinema Cinema,1997
115906,Citizen Ruth,1996
115907,City Hall,1996
115927,Commandments,1997
115943,Conversation with the Beast,1996
115950,Things I Never Told You,1996
115951,Cosi,1996
115953,Countdown,1996
115956,Courage Under Fire,1996
115961,Coyote Summer,1996
115963,The Craft,1996
115964,Crash,1996
115976,Crimetime,1996
115977,The Criminal Mind,1993
115986,The Crow: City of Angels,1996
115988,The Crucible,1996
116000,D3: The Mighty Ducks,1996
116016,Danger Zone,1996
116017,Dangerous Cargo,1996
116030,Dark Planet,1997
116036,Dating the Enemy,1996
116040,Daylight,1996
116041,The Daytrippers,1996
116046,Dead Girl,1996
116048,Dead Innocent,1997
116055,Deadly Heroes,1993
116059,Dear God,1996
116088,The Destiny of Marty Fine,1996
116095,Diabolique,1996
116102,Different for Girls,1996
116111,The Disappearance of Kevin Johnson,1996
116130,Down Periscope,1996
116136,DragonHeart,1996
116141,Dream for an Insomniac,1996
116147,Drive,1997
116151,Dunston Checks In,1996
116160,E=mc2,1996
116168,Eddie,1996
116169,Edie & Pen,1996
116170,Oedipo alcalde,1996
116191,Emma,1996
116193,In Praise of Older Women,1997
116209,The English Patient,1996
116212,Entertaining Angels: The Dorothy Day Story,1996
116213,Eraser,1996
116225,Escape from L.A.,1996
116240,The Evening Star,1996
116242,Everyone Says I Love You,1996
116250,Evita,1996
116253,Executive Decision,1996
116257,Exit in Red,1996
116259,Extreme Measures,1996
116260,Eye for an Eye,1996
116261,Eye of God,1997
116269,Faithful,1996
116275,A Family Thing,1996
116277,The Fan,1996
116281,Far Harbor,1996
116282,Fargo,1996
116287,Fear,1996
116289,Feeling Minnesota,1996
116293,Female Perversions,1996
116306,Sweet Evil,1996
116313,The First Wives Club,1996
116320,Fled,1996
116322,Flipper,1996
116324,Flirting with Disaster,1996
116329,Fly Away Home,1996
116330,My Forgotten Man,1993
116332,For Better or Worse,1995
116341,Forest Warrior,1996
116356,Frankenstein and Me,1996
116361,Freeway,1996
116367,From Dusk Till Dawn,1996
116378,The Funeral,1996
116379,The Break,1997
116404,Get on the Bus,1996
116405,Getting Away with Murder,1996
116409,The Ghost and the Darkness,1996
116410,Ghosts of Mississippi,1996
116418,Girls Town,1996
116421,The Glimmer Man,1996
116422,Glory Daze,1995
116431,Gold in the Streets,1997
116439,Good Luck,1996
116442,Grace of My Heart,1996
116446,The Grave,1996
116448,The Great White Hype,1996
116465,Guy,1996
116477,Hamlet,1996
116483,Happy Gilmore,1996
116488,Hard Core Logo,1996
116493,Harriet the Spy,1996
116502,Head Above Water,1996
116508,Heaven's Prisoners,1996
116531,High School High,1996
116535,Hindsight,1996
116552,Homeward Bound II: Lost in San Francisco,1996
116559,Honigmond,1996
116565,Hotel de Love,1996
116571,House Arrest,1996
116583,The Hunchback of Notre Dame,1996
116592,"I Love You, I Love You Not",1996
116594,I Shot Andy Warhol,1996
116597,Slaughter of the Cock,1996
116601,I'm Not Rappaport,1996
116604,Idiot Box,1996
116606,If Lucy Fell,1996
116621,In Love and War,1996
116629,Independence Day,1996
116631,Alive and Kicking,1996
116635,Infinity,1996
116654,The Island of Dr. Moreau,1996
116669,Jack,1996
116670,American Hero,1997
116675,Jaded,1998
116683,James and the Giant Peach,1996
116684,Jane Eyre,1996
116695,Jerry Maguire,1996
116707,Joe's Apartment,1996
116708,Joe's So Mean to Josephine,1996
116714,Johns,1996
116722,Jude,1996
116723,Judge and Jury,1996
116731,The Juror,1996
116745,Kansas City,1996
116762,Keys to Tulsa,1997
116778,Kingpin,1996
116783,Kissed,1996
116823,Larger Than Life,1996
116827,Last Dance,1996
116828,The Last Days of Frankie the Fly,1996
116830,Last Man Standing,1996
116833,The Last of the High Kings,1996
116841,Layin' Low,1996
116845,The Leading Man,1996
116860,"Pretty Village, Pretty Flame",1996
116886,The Line King: The Al Hirschfeld Story,1996
116890,Listen,1996
116897,Little Witches,1996
116904,Lone Justice: Showdown at Plum Creek,1996
116905,Lone Star,1996
116908,The Long Kiss Goodnight,1996
116913,Looking for Richard,1996
116922,Lost Highway,1997
116931,Love and Other Catastrophes,1996
116932,"Love, etc.",1996
116934,Lover's Knot,1995
116953,Mad Dog Time,1996
116968,Malostranske humoresky,1996
116977,Man with a Gun,1995
116979,Managua,1997
116981,Manhattan Merengue!,1995
116985,Manny & Lo,1996
116990,Marianna Ucrìa,1997
116991,Mariette in Ecstasy,1996
116996,Mars Attacks!,1996
116999,Marvin's Room,1996
117002,Mary Reilly,1996
117003,Mask of Death,1996
117008,Matilda,1996
117011,Maximum Risk,1996
117015,My Friend Joe,1996
117021,Menno's Mind,1997
117023,Les menteurs,1996
117025,Mercy,1995
117026,Seasick,1996
117038,Michael,1996
117039,Michael Collins,1996
117041,Midnight Blue,1997
117057,The Mirror Has Two Faces,1996
117060,Mission: Impossible,1996
117068,Mo',1996
117070,Mojave Moon,1996
117071,Moll Flanders,1996
117075,Elie Wiesel Goes Home,1996
117093,Mother Night,1996
117101,My Entire Life,1996
117102,Mr. Wrong,1996
117104,Mrs. Winterbourne,1996
117106,Death in Granada,1996
117107,Mulholland Falls,1996
117108,Multiplicity,1996
117110,Muppet Treasure Island,1996
117119,My Fellow Americans,1996
117155,Credo,1997
117157,Navajo Blues,1996
117165,Never Ever,1996
117167,Never Met Picasso,1996
117177,Night Vision,1997
117182,Niji o tsukamu otoko,1996
117188,No Contest II,1996
117193,No Way Back,1995
117194,No Way Home,1996
117202,Normal Life,1996
117217,The Nurse,1997
117218,The Nutty Professor,1996
117226,An Occasional Hell,1996
117238,Omega Doom,1996
117247,One Fine Day,1996
117260,Original Gangstas,1996
117283,The Pallbearer,1996
117284,Palookaville,1995
117303,Passage à l'acte,1996
117305,Passage to Paradise,1998
117308,Past Perfect,1996
117318,The People vs. Larry Flynt,1996
117324,Persons Unknown,1996
117329,Clubbed to Death (Lola),1996
117331,The Phantom,1996
117333,Phenomenon,1996
117351,The Best Job in the World,1996
117357,The Pompatus of Love,1995
117358,Pon un hombre en tu vida,1996
117364,The Portrait of a Lady,1996
117365,Portraits chinois,1996
117366,Portraits of a Killer,1996
117372,The Preacher's Wife,1996
117373,Precious Find,1996
117381,Primal Fear,1996
117385,The Prince,1996
117400,The Proprietor,1996
117412,Pédale douce,1996
117420,The Quest,1996
117427,Race the Sun,1996
117438,Ransom,1996
117461,Remembering Mario,2003
117468,Retroactive,1997
117473,The Rich Man's Wife,1996
117477,Ridicule,1996
117480,Ringer,1996
117481,Riot,1996
117482,Ripe,1996
117487,River Street,1996
117496,Robinson Crusoe,1997
117500,The Rock,1996
117509,Romeo + Juliet,1996
117517,Roula,1995
117533,Sabotage,1996
117539,Saints and Sinners,1994
117543,Salt Water Moose,1996
117571,Scream,1996
117582,The Secret Agent,1996
117589,Secrets & Lies,1996
117603,Set It Off,1996
117607,Sexy Sadie,1996
117608,Sgt. Bilko,1996
117611,Shadow Builder,1998
117628,She's the One,1996
117631,Shine,1996
117653,Silent Trigger,1996
117658,The Stendhal Syndrome,1996
117660,The Size of Watermelons,1996
117665,Sleepers,1996
117666,Sling Blade,1996
117688,Solo,1996
117690,Some Mother's Son,1996
117691,Somebody Is Waiting,1996
117706,Space Marines,1996
117711,Spellbreaker: Secret of the Leprechauns,1996
117718,The Spitfire Grill,1996
117723,Spy Hard,1996
117734,Starlight,1996
117737,Stealing Beauty,1996
117738,Steel Sharks,1997
117739,Stella Does Tricks,1996
117740,A Step Toward Tomorrow,1996
117765,Striptease,1996
117773,The Substance of Fire,1996
117774,The Substitute,1996
117781,The Sunchaser,1996
117784,Sunset Park,1996
117788,Das Superweib,1996
117791,Surviving Picasso,1996
117798,Swann,1996
117802,Swingers,1996
117803,Sworn to Justice,1996
117873,Tell the Truth and Run: George Seldes and the American Press,1996
117883,Thesis,1996
117887,That Thing You Do!,1996
117891,A Thin Line Between Love and Hate,1996
117894,Thinner,1996
117912,Time Under Fire,1997
117913,A Time to Kill,1996
117918,Tin Cup,1996
117924,To Gillian on Her 37th Birthday,1996
117925,To Have & to Hold,1996
117951,Trainspotting,1996
117952,Tramway to Malvarrosa,1996
117958,Trees Lounge,1996
117959,The Truce,1997
117965,The Trigger Effect,1996
117968,Three Lives and Only One Death,1996
117969,Trojan Eddie,1996
117973,True Blue,1996
117975,True Love and Chaos,1997
117979,The Truth About Cats & Dogs,1996
117991,Twelfth Night or What You Will,1996
117998,Twister,1996
118001,Two Much,1995
118002,Two If by Sea,1996
118004,"The Typewriter, the Rifle & the Movie Camera",1996
118011,Premeditated Murder,1995
118030,Under the Lighthouse Dancing,1997
118040,Unforgettable,1996
118043,The Ogre,1996
118044,Unhook the Stars,1996
118055,Up Close & Personal,1996
118056,The Mouse,1996
118059,Urban Safari,1996
118073,A Very Brady Sequel,1996
118100,Thieves,1996
118111,Waiting for Guffman,1996
118113,Walking and Talking,1996
118117,The War at Home,1996
118127,Wedding Bell Blues,1996
118149,Where Truth Lies,1996
118150,Where's Marlowe?,1998
118156,White Lies,1997
118158,White Squall,1996
118159,White Tiger,1996
118163,The Whole Wide World,1996
118172,Mr. Toad's Wild Ride,1996
118174,The Winner,1996
118229,Illtown,1996
118231,África,1996
118239,Éxtasis,1996
118301,Dead Man on Campus,1998
118441,RPM,1998
118523,'Til There Was You,1997
118525,...Aur Pyaar Ho Gaya,1997
118531,One Eight Seven,1997
118532,187: Documented,1997
118541,8 Heads in a Duffel Bag,1997
118548,Absolute Power,1997
118556,Addicted to Love,1997
118564,Affliction,1997
118566,Afterglow,1997
118570,Air Bud,1997
118571,Air Force One,1997
118577,An Alan Smithee Film: Burn Hollywood Burn,1997
118583,Alien Resurrection,1997
118584,Alissa,1998
118586,All Over Me,1997
118589,Glitter,2001
118600,An American Affair,1997
118603,American Perfekt,1997
118607,Amistad,1997
118612,Amour & confusions,1997
118614,Amy,1997
118615,Anaconda,1997
118617,Anastasia,1997
118621,Animals with the Tollkeeper,1998
118623,Anna Karenina,1997
118633,The Pharmacist,1997
118636,Apt Pupil,1998
118640,Arresting Gena,1997
118647,The Assignment,1997
118648,The Assistant,1997
118651,L'Atlantide,1992
118652,The Attic Expeditions,2001
118655,Austin Powers: International Man of Mystery,1997
118661,The Avengers,1998
118663,B*A*P*S,1997
118665,Baby Geniuses,1999
118668,Back in Business,1997
118670,Bad Day on the Block,1997
118671,Bad Manners,1997
118686,Basil,1998
118688,Batman & Robin,1997
118696,Below Utopia,1997
118698,Bent,1997
118700,Obsession,1997
118702,Best Men,1997
118706,Betty,1998
118715,The Big Lebowski,1998
118727,Love Walked In,1997
118742,Bliss,1997
118743,The Blood Oranges,1997
118744,Hush,1998
118747,Blues Brothers 2000,1998
118748,Boogie Boy,1998
118749,Boogie Nights,1997
118750,Booty Call,1997
118752,Born Bad,1997
118755,The Borrowers,1997
118756,On Guard,1997
118760,The Boxer,1997
118768,The Brave,1997
118771,Breakdown,1997
118772,Breaking Up,1997
118782,A Brooklyn State of Mind,1998
118788,Lucky Star,1997
118789,Buffalo '66,1998
118810,Préférence,1998
118819,Live Flesh,1997
118822,Backroads,1997
118827,Casualties,1997
118836,Chairman of the Board,1998
118842,Chasing Amy,1997
118851,Chinese Box,1997
118854,Shooting Stars,1997
118859,City of Industry,1997
118863,Clay Pigeons,1998
118865,The Climb,1997
118866,Clockwatchers,1997
118870,Cold Around the Heart,1997
118872,Cold Night Into Dawn,1997
118873,Colin Fitz Lives!,1997
118880,Con Air,1997
118882,Conceiving Ada,1997
118883,Conspiracy Theory,1997
118884,Contact,1997
118887,Cop Land,1997
118888,Corazón loco,1997
118892,Dangerous Beauty,1998
118894,Cousin Bette,1998
118900,Gang Related,1997
118901,Critical Care,1997
118903,Falling Sky,1998
118904,Macon County Jail,1997
118909,The Curse of Inferno,1997
118911,Fandango,2000
118925,"Dancer, Texas Pop. 81",1998
118926,The Dancer Upstairs,2002
118927,Dangerous Ground,1997
118928,Dante's Peak,1997
118929,Dark City,1998
118930,The Dark Side of the Sun,1988
118941,Dead Men Can't Dance,1997
118954,Deconstructing Harry,1997
118956,Deep Rising,1998
118966,Desperate Measures,1998
118971,The Devil's Advocate,1997
118972,The Devil's Own,1997
118974,Diana & Me,1997
118980,Digging to China,1997
118986,Dinner at Fred's,1997
118992,La divine poursuite,1997
118993,Trading Favors,1997
118996,Dobermann,1997
118998,Doctor Dolittle,1998
119002,Doing Time for Patsy Cline,1997
119004,Don's Plum,2001
119008,Donnie Brasco,1997
119012,Double Tap,1997
119013,Double Team,1997
119015,Downtime,1997
119019,Dream with the Fishes,1997
119021,"Drive, She Said",1997
119028,18 Shades of Dust,1999
119033,Déjà Vu,1997
119042,Eat Your Heart Out,1997
119049,Eden,1996
119051,The Edge,1997
119052,The Education of Little Tree,1997
119055,The Eighteenth Angel,1997
119062,The End of Violence,1997
119079,Onegin,1999
119080,Eve's Bayou,1997
119081,Event Horizon,1997
119084,The Ex,1996
119085,Exception to the Rule,1997
119086,Excess Baggage,1997
119088,Executive Target,1997
119094,Face/Off,1997
119095,FairyTale: A True Story,1997
119097,Fakin' Da Funk,1997
119099,Fallen,1998
119109,Fathers' Day,1997
119112,La femme du cosmonaute,1997
119115,Fierce Creatures,1997
119116,The Fifth Element,1997
119117,The Fifth Province,1997
119123,Fire Down Below,1997
119125,Firelight,1997
119137,Flubber,1997
119138,Follow Me Home,1996
119141,Fools Rush In,1997
119142,For Richer or Poorer,1997
119164,The Full Monty,1997
119171,Future Fear,1997
119173,G.I. Jane,1997
119174,The Game,1997
119177,Gattaca,1997
119188,George B.,1997
119190,George of the Jungle,1997
119196,The Gingerbread Man,1998
119203,Glam,1997
119209,Going All the Way,1997
119210,Switchback,1997
119214,Gone Fishin',1997
119215,Good Burger,1997
119217,Good Will Hunting,1997
119219,Goodbye Lover,1998
119223,Great Expectations,1998
119225,Gridlock'd,1997
119227,Snow White: A Tale of Terror,1997
119228,Grind,1997
119229,Grosse Pointe Blank,1997
119242,Genealogies of a Crime,1997
119243,Habitat,1997
119244,Hacks,1997
119249,Commander Hamilton,1998
119256,Hard Eight,1996
119269,Heartwood,1998
119280,Mrs Brown,1997
119282,Hercules,1997
119303,Home Alone 3,1997
119304,Home Fries,1998
119305,Homegrown,1998
119311,Hoodlum,1997
119313,Hope Floats,1998
119314,The Horse Whisperer,1998
119317,Crackerjack 2,1997
119318,Hostile Intent,1997
119324,The House of Yes,1997
119327,Hugo Pool,1997
119336,Hurlyburly,1998
119345,I Know What You Did Last Summer,1997
119347,I Want You,1998
119349,The Ice Storm,1997
119360,In & Out,1997
119361,In the Company of Men,1997
119365,Incognito,1997
119375,Insomnia,1997
119380,The Invader,1997
119381,Inventing the Abbotts,1997
119395,The Jackal,1997
119396,Jackie Brown,1997
119401,The James Gang,1997
119416,Johnny Skidmarks,1998
119429,Julian Po,1997
119432,Jungle 2 Jungle,1997
119434,Just Write,1997
119457,Kicked in the Head,1997
119467,Kiss or Kill,1997
119468,Kiss the Girls,1997
119472,Knockin' on Heaven's Door,1997
119484,Kull the Conqueror,1997
119488,L.A. Confidential,1997
119494,The Land Girls,1998
119499,Last Lives,1997
119502,The Last Time I Committed Suicide,1997
119505,It All Came True,1998
119506,Lawn Dogs,1997
119510,Life is All You Get,1997
119512,Left Luggage,1998
119517,Your Friends & Neighbors,1998
119518,Lesser Prophets,1997
119520,Lethal Tender,1996
119527,Deceiver,1997
119528,Liar Liar,1997
119533,A Life Apart: Hasidism in America,1997
119534,The Alarmist,1997
119535,A Life Less Ordinary,1997
119536,The Life of Stuff,1997
119546,A Little Bit of Soul,1998
119547,Little Boy Blue,1997
119555,Living in Peril,1997
119556,Los Locos,1997
119557,The Locusts,1997
119558,Lolita,1997
119559,Long Time Since,1998
119560,No Looking Back,1998
119567,The Lost World: Jurassic Park,1997
119568,Ruffiano and Sweeteeth,1997
119570,Love Always,1996
119572,Love Jones,1997
119574,Love and Death on Long Island,1997
119576,Another Nine & a Half Weeks,1997
119577,Love Is the Devil: Study for a Portrait of Francis Bacon,1998
119581,Loved,1997
119582,Lovelife,1997
119592,Mad City,1997
119594,Twilight,1998
119598,The Maker,1997
119617,Marianne,1997
119623,Marquise,1997
119625,Marthe,1997
119626,Martín (Hache),1997
119630,Masterminds,1997
119632,The MatchMaker,1997
119635,Mayday - Flug in den Tod,1997
119637,The Maze,1997
119640,McHale's Navy,1997
119642,Mean Guns,1997
119643,Meet Joe Black,1998
119644,Meet Wally Sparks,1997
119653,Men,1997
119654,Men in Black,1997
119656,Men with Guns,1997
119664,Metro,1997
119665,Metroland,1997
119668,Midnight in the Garden of Good and Evil,1997
119670,The Mighty,1998
119675,Mimic,1997
119683,Les Misérables,1998
119690,Mojo,1997
119692,With Friends Like These...,1998
119695,Money Talks,1997
119699,Montana,1998
119703,Mordbüro,1997
119715,Mousehunt,1997
119717,Mr. Jealousy,1997
119723,Mrs Dalloway,1997
119731,Murder at 1600,1997
119732,Murder in Mind,1997
119734,Music from Another Room,1998
119738,My Best Friend's Wedding,1997
119743,My Son the Fanatic,1997
119746,The Myth of Fingerprints,1997
119774,Nevada,1997
119775,Never Too Late,1996
119778,Next Stop Wonderland,1998
119780,"Niagara, Niagara",1997
119783,Night Falls on Manhattan,1996
119791,Nightwatch,1997
119802,Monument Ave.,1998
119807,Nothing to Lose,1997
119809,Nowhere,1997
119819,Office Killer,1997
119822,As Good as It Gets,1997
119832,One Night Stand,1997
119837,The Only Thrill,1997
119843,Oscar and Lucinda,1997
119846,Our God's Brother,1997
119848,Out to Sea,1997
119851,Owd Bob,1998
119853,An Air So Pure,1997
119854,Pale Saints,1997
119855,Les palmes de M. Schutz,1997
119856,Papertrail,1998
119859,Paradise Road,1997
119866,Passionnément,2000
119872,The Peacekeeper,1997
119874,The Peacemaker,1997
119877,The People,1997
119879,Dance with the Devil,1997
119887,The Pest,1997
119889,The Phantom of the Opera,1998
119891,Phantoms,1998
119892,Phoenix,1998
119893,Photographing Fairies,1997
119896,Picture Perfect,1997
119901,Place Vendôme,1998
119902,Plan B,1997
119906,Playing God,1997
119910,Polish Wedding,1998
119925,The Postman,1997
119930,Prague Duet,1998
119931,Standoff,1998
119934,Without Limits,1998
119935,Preaching to the Perverted,1997
119937,Prefontaine,1997
119940,Academy Boyz,1997
119942,Primary Colors,1998
119947,Prince Valiant,1997
119953,Profile for Murder,1996
119960,The Proposition,1996
119961,The Protector,1997
119978,The Rainmaker,1997
119986,Reach the Rock,1998
119987,The Real Blonde,1997
119988,Caught Up,1998
119989,Shadow of Doubt,1998
119990,One of Our Own,1997
119994,Red Corner,1997
119997,Red Meat,1997
120001,Behind the Lines,1997
120004,The Relic,1997
120008,The Replacement Killers,1998
120013,The Revengers' Comedies,1998
120014,Rhyme & Reason,1997
120024,Road Ends,1997
120026,Finding Graceland,1998
120029,RocketMan,1997
120032,Romy and Michele's High School Reunion,1997
120034,Roseanna's Grave,1997
120036,Rosewood,1997
120037,Rossini,1997
120039,Rough Draft,1998
120044,Rusty: A Dog's Tale,1998
120051,Safe House,1998
120053,The Saint,1997
120054,Saint-Ex,1996
120070,Savior,1998
120072,The Scarlet Tunic,1998
120081,Scotch and Milk,1998
120082,Scream 2,1997
120088,Wicked,1998
120095,Tinseltown,1997
120100,The Serpent's Kiss,1997
120102,Seven Years in Tibet,1997
120107,Shadow Conspiracy,1997
120108,The Proposition,1998
120112,She's So Lovely,1997
120122,Shooting Fish,1997
120125,The Barber of Siberia,1998
120127,Side Streets,1998
120133,A Simple Wish,1997
120142,The Sixth Man,1997
120148,Sliding Doors,1998
120151,A Smile Like Yours,1997
120157,Soldier,1998
120158,Soleil,1997
120161,Something to Believe In,1998
120162,Somewhere in the City,1998
120163,Song of Hiawatha,1997
120169,Soul Food,1997
120171,The Souler Opposite,1998
120174,Spacejacked,1997
120176,The Spanish Prisoner,1997
120177,Spawn,1997
120179,Speed 2: Cruise Control,1997
120184,Sphere,1998
120186,Body Count,1998
120187,Spoiler,1998
120188,Three Kings,1999
120192,Stag,1997
120195,Stand Tall,1997
120201,Starship Troopers,1997
120202,State and Main,2000
120207,Steel,1997
120213,Slappy and the Stinkers,1998
120220,A Rat's Tale,1997
120223,Say You'll Be Mine,1999
120238,SubUrbia,1996
120241,Suicide Kings,1997
120244,Sunday,1997
120255,The Sweet Hereafter,1997
120256,Sweethearts,1997
120257,Swept from the Sea,1997
120271,Talk of Angels,1998
120303,Telling Lies in America,1997
120308,Proper Attire Required,1997
120316,The Wedding Party,1997
120317,That Darn Cat,1997
120318,That Old Feeling,1997
120321,Smoke Signals,1998
120323,A Thousand Acres,1997
120324,A Simple Plan,1998
120334,Ties to Rachel,1997
120338,Titanic,1997
120347,Tomorrow Never Dies,1997
120353,Top of the World,1997
120356,Total Reality,1997
120357,Touch,1997
120358,Touch Me,1997
120360,Tout doit disparaître,1997
120363,Toy Story 2,1999
120366,Traveller,1997
120373,Trial and Error,1997
120379,Trouble on the Corner,1997
120382,The Truman Show,1998
120383,"Truth or Consequences, N.M.",1997
120390,Turbulence,1997
120392,The Twilight of the Golds,1996
120393,Twilight of the Ice Nymphs,1997
120394,Twin Town,1997
120399,U Turn,1997
120404,Un amour de sorcière,1997
120413,The Undertaker's Wedding,1997
120414,Underworld,1996
120417,The Unknown Cyclist,1998
120424,Under Oath,1997
120434,Vegas Vacation,1997
120449,The Dreamlife of Angels,1998
120458,Virus,1999
120461,Volcano,1997
120477,Wanted,1997
120481,Washington Square,1997
120483,The Man Who Knew Too Little,1997
120484,The Waterboy,1998
120490,Welcome to Sarajevo,1997
120500,When Justice Fails,1999
120510,Wide Awake,1998
120514,Wilde,1997
120520,The Wings of the Dove,1997
120524,Wishmaster,1997
120533,Celebrity,1998
120534,Wounded,1997
120536,The Wrong Guy,1997
120537,XXL,1997
120550,Zeus and Roxanne,1997
120563,Ça ne se refuse pas,1998
120576,Dance with Me,1998
120577,54,1998
120584,All the Little Animals,1998
120586,American History X,1998
120587,Antz,1998
120591,Armageddon,1998
120594,B. Monkey,1998
120596,The Bachelor,1999
120601,Being John Malkovich,1999
120609,The Big Hit,1998
120610,Black Dog,1998
120611,Blade,1998
120613,A Walk on the Moon,1999
120616,The Mummy,1999
120618,Breakfast of Champions,1999
120619,Break Up,1998
120620,Brokedown Palace,1999
120623,A Bug's Life,1998
120628,Giving It Up,1999
120630,Chicken Run,2000
120631,Ever After: A Cinderella Story,1998
120632,City of Angels,1998
120633,A Civil Action,1998
120634,Claudine's Return,1998
120640,The Commissioner,1998
120642,"A Cool, Dry Place",1998
120643,Dancing at Lughnasa,1998
120646,The Deep End of the Ocean,1999
120647,Deep Impact,1998
120655,Dogma,1999
120657,The 13th Warrior,1999
120658,On the Run,1999
120660,Enemy of the State,1998
120662,Eye of the Beholder,1999
120663,Eyes Wide Shut,1999
120665,Secret défense,1998
120667,Fantastic Four,2005
120669,Fear and Loathing in Las Vegas,1998
120670,Firestorm,1998
120678,Free Money,1998
120679,Frida,2002
120681,From Hell,2001
120683,Gloria,1999
120684,Gods and Monsters,1998
120685,Godzilla,1998
120686,Stepmom,1998
120687,The Governess,1998
120689,The Green Mile,1999
120692,All I Wanna Do,1998
120693,Half Baked,1998
120694,Halloween: H20,1998
120696,Hard Rain,1998
120697,Heaven,1998
120698,The Highwayman,2000
120699,The Hi-Lo Country,1998
120701,Holy Man,1998
120703,How Stella Got Her Groove Back,1998
120706,The General,1998
120707,Ride,1998
120710,In Dreams,1999
120714,The Interview,1998
120716,Jakob the Liar,1999
120722,Living Out Loud,1998
120723,Kissing a Fool,1998
120724,Knock Off,1998
120725,Krippendorf's Tribe,1998
120728,The Last Days of Disco,1998
120731,The Legend of 1900,1998
120733,Lion of Oz,2000
120735,"Lock, Stock and Two Smoking Barrels",1998
120737,The Lord of the Rings: The Fellowship of the Ring,2001
120738,Lost in Space,1998
120739,Lover Girl,1997
120741,Mafia!,1998
120742,Major League: Back to the Minors,1998
120744,The Man in the Iron Mask,1998
120746,The Mask of Zorro,1998
120747,The Very Thought of You,1998
120749,Mercury Rising,1998
120751,Mighty Joe Young,1998
120753,The Million Dollar Hotel,2000
120754,The Misadventures of Margaret,1998
120755,Mission: Impossible II,2000
120757,The Mod Squad,1999
120760,La mort du Chinois,1998
120762,Mulan,1998
120764,My Favorite Martian,1999
120765,My Giant,1998
120767,The Naked Man,1998
120768,The Negotiator,1998
120769,The Newton Boys,1998
120772,The Object of My Affection,1998
120773,The Odd Couple II,1998
120775,One Man's Hero,1999
120776,One True Thing,1998
120777,The Opposite of Sex,1997
120780,Out of Sight,1998
120782,Palmetto,1998
120783,The Parent Trap,1998
120784,Payback,1999
120787,A Perfect Murder,1998
120788,Permanent Midnight,1998
120789,Pleasantville,1998
120791,Practical Magic,1998
120793,A Price Above Rubies,1998
120794,The Prince of Egypt,1998
120797,Pushing Tin,1999
120799,Let There Be Light,1998
120802,The Red Violin,1998
120812,Rush Hour,1998
120813,Safe Men,1998
120815,Saving Private Ryan,1998
120817,Schuldig,1998
120823,The Impostors,1998
120824,The Shipping News,2001
120828,Six Days Seven Nights,1998
120829,The Sky Is Falling,1999
120831,Slums of Beverly Hills,1998
120832,Snake Eyes,1998
120833,Snide and Prejudice,1997
120834,Snow Falling on Cedars,1999
120835,A Soldier's Daughter Never Cries,1998
120841,Species II,1998
120851,Sweepers,1998
120852,Sweety Barrett,1998
120855,Tarzan,1999
120857,Tea with Mussolini,1999
120859,Telling You,1998
120861,The Theory of Flight,1998
120863,The Thin Red Line,1998
120865,This Is My Father,1998
120866,Titus,1999
120867,Jerry and Tom,1998
120868,"Torrente, el brazo tonto de la ley",1998
120873,U.S. Marshals,1998
120875,Under Heaven,1998
120876,Don't Go Breaking My Heart,1999
120877,Vampires,1998
120878,The Velocity of Gary,1998
120879,Velvet Goldmine,1998
120882,The Visitors II: The Corridors of Time,1998
120885,Wag the Dog,1997
120888,The Wedding Singer,1998
120889,What Dreams May Come,1998
120890,Wild Things,1998
120891,Wild Wild West,1999
120894,Immortality,1998
120899,My Life So Far,1999
120900,The Real Howard Spitz,1998
120902,The X Files,1998
120903,X-Men,2000
120906,Zero Effect,1998
120907,eXistenZ,1999
120912,Men in Black II,2002
120913,Titan A.E.,2000
120915,Star Wars: Episode I - The Phantom Menace,1999
120917,The Emperor's New Groove,2000
121164,Corpse Bride,2005
121765,Star Wars: Episode II - Attack of the Clones,2002
121766,Star Wars: Episode III - Revenge of the Sith,2005
121974,Airborne,1998
122151,Lethal Weapon 4,1998
122161,Lured Innocence,2000
122194,Trash,1999
122197,One of Those Nights,1997
122233,Melody,1997
122418,Butterbox Babies,1995
122452,Dead Broke,1998
122459,Return to Me,2000
122529,Henry Fool,1997
122541,An Ideal Husband,1999
122642,One Tough Cop,1998
122690,Ronin,1998
122713,Silence,1997
122718,Small Soldiers,1998
122732,Starke Zeiten,1988
122743,Tail Lights Fade,1999
122804,Yellow,1997
122906,Among Giants,1998
122933,Analyze This,1999
122995,The Cyclists,1970
123003,Bruno,2000
123034,Dead Man's Curve,1998
123114,In the Winter Dark,1998
123172,Michael Kael contre la World News Company,1998
123191,New York Skyride,1994
123209,The Other Sister,1999
123215,Parting Shots,1998
123221,Just the Ticket,1998
123324,Why Do Fools Fall in Love,1998
123371,Aberration,1997
123385,Artemisia,1997
123808,Don Juan,1998
123953,The Lay of the Land,1997
123964,Life,1999
123977,Love Kills,1998
123982,Lover Boy,1989
123983,Kiss & Tell,1997
123987,Madeline,1998
124102,Strangeland,1998
124119,Blue Ridge Fall,1999
124179,Two Girls and a Guy,1997
124198,Very Bad Things,1998
124298,Blast from the Past,1999
124315,The Cider House Rules,1999
124349,Redline,1997
124595,Return to Paradise,1998
124701,Hajka,1977
124718,He Got Game,1998
124800,Mr. Atlas,1997
124872,Shattered Image,1996
124879,Simon Birch,1998
124901,Thursday,1998
125022,Heartbreakers,2001
125128,The Hanging Garden,1997
125209,I Think I Do,1997
125211,I Woke Up Early the Day I Died,1998
125319,Kitchen Party,1997
125412,Moon Over Broadway,1997
125419,My Brother Jack,1997
125439,Notting Hill,1999
125454,Paulie,1998
125505,Something About Love,1988
125659,Open Your Eyes,1997
125664,Man on the Moon,1999
125678,Bongwater,1998
125766,Some Girl,1998
125799,Insomnio,1998
125819,The King of the Two Day Wonder,1978
125879,Lulu on the Bridge,1998
125943,The Naked Bunyip,1970
125949,Niel Lynne,1985
125971,Outside Providence,1999
126016,Scar City,1998
126019,Scobie Malone,1975
126029,Shrek,2001
126250,Cookie's Fortune,1999
126253,Renegade Force,1998
126261,Desert Blue,1998
126388,Legionnaire,1998
126411,The Incredible Adventures of Marco Polo on His Journeys to the Ends of the Earth,1998
126423,Pete's Meteor,1998
126604,Pecker,1998
126651,Santitos,1999
126680,A Stranger in the Kingdom,1999
126828,Can't You Hear the Wind Howl? The Life & Music of Robert Johnson,1997
126830,Melody for a Hustler,1998
126859,The Loss of Sexual Innocence,1999
126861,Denial,1998
126886,Election,1999
126908,A Fish in the Bathtub,1998
126916,For Love of the Game,1999
126928,The Girl Gets Moe,1997
126973,James Dean: Race with Destiny,1997
127020,Race,1998
127276,The Shadow Men,1997
127288,Six Ways to Sunday,1997
127296,Splendor,1999
127302,The Sticky Fingers of Time,1997
127361,Zack and Reba,1998
127516,Divorcing Jack,1998
127629,Kiss the Sky,1998
127637,Land of the Free,1998
127640,Laserhawk,1997
127722,Another Day in Paradise,1998
127723,Can't Hardly Wait,1998
127751,Recoil,1998
127887,Beware of My Love,1998
127901,Starstruck,1998
127914,Freak Talks About Sex,1999
128137,The Confession,1999
128214,"First Love, Last Rites",1997
128241,The Guest: An episode in the Life of Eugène Marais,1977
128245,Guy Maddin: Waiting for Twilight,1997
128252,Hollywood Boulevard,1996
128278,Instinct,1999
128442,Rounders,1998
128445,Rushmore,1998
128473,Shadow Zone: My Teacher Ate My Homework,1997
128648,Summer of the Monkeys,1998
128768,To the North of Katmandu,1986
128853,You've Got Mail,1998
128927,America and Lewis Hine,1984
128949,Bach Cello Suite #4: Sarabande,1997
128951,Bach Cello Suite #6: Six Gestures,1997
128977,The Bumblebee Flies Anyway,1999
128986,A Change in the Wind,1971
128991,Chick Flick,1998
129023,Dark Harbor,1998
129040,Dilemma,1997
129095,Flamingo Dreams,2000
129111,The Gambler,1997
129136,Hell's Kitchen,1998
129167,The Iron Giant,1999
129211,Lowball,1996
129228,Farticus,1997
129280,The Out-of-Towners,1999
129290,Patch Adams,1998
129332,Ravenous,1999
129387,There's Something About Mary,1998
129407,"Suicide, the Comedy",1998
129634,The Wonderful Ice Cream Suit,1998
129774,Bandyta,1997
129806,In Search of a Dream,1997
129854,Cuisine américaine,1998
129884,Dog Park,1998
130018,I Still Know What You Did Last Summer,1998
130121,Mickey Blue Eyes,1999
130140,Naked in the Cold Sun,1997
130179,Notes of Love,1998
130192,Postmortem,1998
130297,Sweet Jane,1998
130496,Un baúl lleno de miedo,1997
130623,Dinosaur,2000
130761,Heart,1999
131046,T.N.T.,1997
131325,Bowfinger,1999
131344,Cops n Roberts,1995
131369,Edtv,1999
131421,Henry Hill,1999
131479,Detective Conan: The Time Bombed Skyscraper,1997
131502,No Code of Conduct,1998
131510,Ring of Darkness,1979
131646,Wing Commander,1999
131704,The Adventures of Rocky & Bullwinkle,2000
131972,Better Living,1998
132164,The Florentine,1999
132165,Flypaper,1999
132213,Hi-Life,1998
132245,Driven,2001
132347,Mystery Men,1999
132477,October Sky,1999
132502,The Secret Laughter of Women,1999
132512,At First Sight,1999
132563,To Walk with Lions,1999
132614,A War Story,1981
132885,BlackMale,2000
132910,The Crow: Salvation,2000
132914,David Searching,1997
133046,Teaching Mrs. Tingle,1999
133093,The Matrix,1999
133122,New Rose Hotel,1998
133152,Planet of the Apes,2001
133189,SLC Punk!,1998
133197,Shadow Run,1998
133240,Treasure Planet,2002
133327,24 Nights,1999
133385,Asterix and Obelix vs. Caesar,1999
133412,Best Laid Plans,1999
133751,The Faculty,1998
133952,The Siege,1998
133981,Motel Blue,1997
133985,A Murder of Crows,1998
134013,Paljas,1997
134033,Plunkett & Macleane,1999
134057,La riffa,1991
134084,Scream 3,2000
134086,The Secret of Sarah Tombelaine,1991
134119,The Talented Mr. Ripley,1999
134148,Three Summer Days,1997
134154,Ride with the Devil,1999
134273,8MM,1999
134276,Absolute Force,1997
134380,Butter,1998
134594,Countdown to Freedom: 10 Days That Changed South Africa,1994
134618,"Mystery, Alaska",1999
134619,Disturbing Behavior,1998
134630,Duets,2000
134645,Existo,1999
134847,Pitch Black,2000
134912,Provocateur,1998
134974,Soundman,1998
134983,Supernova,2000
135049,When Danger Follows You Home,1997
135164,Black Light,1999
135165,Bug Buster,1998
135166,Blind Faith,1998
135470,Implicated,1999
135526,Loser,1996
135707,Wind River,2000
136561,Three Shake-a-Leg Steps to Heaven,1993
136756,Cityscrapes: Los Angeles,1994
137163,"Pierre and Gilles, Love Stories",1997
137195,Road Kill,1999
137201,Rudolph the Red-Nosed Reindeer,1998
137292,Akbar's Adventure Tours,1998
137338,200 Cigarettes,1999
137363,Arlington Road,1999
137442,The Cottonwood,1996
137494,Entrapment,1999
137523,Fight Club,1999
137799,Ground Control,1998
137835,Inconceivable,1998
137904,The Landlady,1998
138089,The Sender,1998
138097,Shakespeare in Love,1998
138126,The Time to Die,1970
138192,Wilbur Falls,1998
138279,The 24 Hour Woman,1999
138289,Ambushed,1998
138304,The Astronaut's Wife,1999
138353,Cement,2000
138389,Dante's View,1998
138467,Girl,1998
138474,Goosed,1999
138501,How to Make the Cruelest Month,1998
138503,Hurrah,1998
138510,Idle Hands,1999
138511,If... Dog... Rabbit,1999
138524,Intolerable Cruelty,2003
138526,The Island,1998
138541,Judas Kiss,1998
138551,"Kdo se boji, utika",1987
138563,Kurt & Courtney,1998
138570,The Legend of Dolemite,1994
138590,Twice Upon a Yesterday,1998
138631,Muggers,2000
138681,The Opportunists,2000
138683,The Liberation of Prague,1977
138704,Pi,1998
138723,Why Not Believe in Miracles?,1978
138749,The Road to El Dorado,2000
138750,Roberta,1999
138834,Story of a Bad Boy,1999
138862,Taxman,1998
138910,The Versace Murder,1998
138927,Waterproof,2000
138946,The Yards,2000
138951,Zatykac na kralovnu,1974
139030,Around the Fire,1998
139076,Bone Daddy,1998
139094,Candy,1998
139105,Power and Lovers,1994
139112,Cherry,1999
139124,The Color of Evening,1990
139134,Cruel Intentions,1999
139151,Inferno,1999
139183,Europa: In the Shadow of the Reich,1998
139216,Floating,1997
139239,Go,1999
139362,High Art,1998
139371,Hu-Man,1975
139388,It Had to Be You,2000
139394,The Joyriders,1999
139414,Lake Placid,1999
139462,Message in a Bottle,1999
139487,Naked Lies,1998
139606,Shades,1999
139645,Life in the Fast Lane,1998
139649,Too Tired to Die,1998
139654,Training Day,2001
139668,True Crime,1999
139684,Stormy Summer,1989
139699,Varsity Blues,1999
139745,Wrestling with Alligators,1998
139809,The Thirteenth Floor,1999
139898,The Boys,1998
140332,Del perduto amore,1998
140352,The Insider,1999
140379,A Midsummer Night's Dream,1999
140397,Mumford,1999
140430,Oltremare,1999
140497,Die Ratte,1993
140559,Some Nudity Required,1998
140590,Swing,1999
140791,Affair play,1995
140796,Air Bud: Golden Receiver,1998
140806,American Reel,2003
140866,The Broken Giant,1997
140973,Kiss of a Stranger,1998
141098,Forces of Nature,1999
141109,Jack Frost,1998
141121,Gideon,1998
141270,Hyperspace,1984
141369,Inspector Gadget,1999
141399,Isn't She Great,2000
141574,The Face of Alexandre Dumas: The Man in the Iron Mask,1998
141699,Out of the Past,1998
141907,Town & Country,2001
141926,U-571,2000
142060,1968: The 25th Anniversary,1993
142192,The Corruptor,1999
142201,Crazy in Alabama,1999
142231,Down in the Delta,1998
142256,Earth Minus Zero,1996
142261,En un claroscuro de la luna,1999
142342,Big Daddy,1999
142393,I'm Losing You,1998
142650,Meeting Daddy,2000
142688,The Ninth Gate,1999
142964,Wildside,1998
143096,The All New Adventures of Laurel & Hardy in 'For Love or Mummy',1999
143113,Archibald the Rainbow Painter,1998
143145,The World Is Not Enough,1999
143166,Captive,1998
143231,The Dybbuk of the Holy Apple Field,1997
143261,Friends & Lovers,1999
143337,Les kidnappeurs,1998
143746,Molly,1999
143874,Shattered Image,1998
143885,Snapped,1998
144084,American Psycho,2000
144117,The Boondock Saints,1999
144120,Bride of Chucky,1998
144125,Cadillac,1997
144134,The Cherry Orchard,1999
144142,Committed,2000
144146,Convergence,1999
144168,Dick,1999
144178,Dreaming of Joseph Lees,1999
144214,The General's Daughter,1999
144279,Light Speed,1998
144286,The Lost Son,1999
144528,Nutty Professor II: The Klumps,2000
144546,Outside Ozona,1998
144548,The Pass,1998
144557,Puddle Cruiser,1996
144574,Red Lipstick,2000
144578,Reluctant Angel,1998
144605,Shark in a Bottle,1999
144622,St. Ives,1998
144640,Three to Tango,1999
144674,Vörös Colibri,1995
144688,Wildflowers,1999
144715,Holy Smoke,1999
144754,Alibis,1977
144814,The Rage: Carrie 2,1999
144882,East L.A. Warriors,1989
144900,Error in Judgment,1999
144937,Frank Lloyd Wright,1998
144964,Highlander: Endgame,2000
145487,Spider-Man,2002
145503,Sunshine,1999
145505,Susan's Plan,1998
145531,Stigmata,1999
145547,Two Hands,1999
145653,Angela's Ashes,1999
145660,Austin Powers: The Spy Who Shagged Me,1999
145681,The Bone Collector,1999
145734,Playing by Heart,1998
145784,Una fredda mattina di maggio,1990
145893,Simply Irresistible,1999
146177,"Ready Steady Go, Volume 1",1983
146309,Thirteen Days,2000
146316,Lara Croft: Tomb Raider,2001
146336,Urban Legend,1998
146457,Bad Baby,1997
146476,Behind the Rent Strike,1979
146516,Buddy Boy,1999
146547,Cha-cha-chá,1998
146671,Into My Heart,1998
146675,End of Days,1999
146838,Any Given Sunday,1999
146879,The Hi-Line,1999
146882,High Fidelity,2000
146983,"The Leader, His Driver, and the Driver's Wife",1991
146984,The Legend of Bagger Vance,2000
147004,Little Voice,1998
147111,Olympia,1998
147287,Row Your Boat,1999
147612,Happiness,1998
147800,10 Things I Hate About You,1999
147856,At Sachem Farm,1998
148045,The Dark Side of Hollywood,1998
148103,Set Me Free,1999
148268,Heist,1998
148392,Lancelot: Guardian of Time,1997
148421,Looking for an Echo,2000
148583,Passion,1999
148813,She's Too Tall,1999
149151,Still Crazy,1998
149253,The Good War,2002
149261,Deep Blue Sea,1999
149357,My Father's Angel,1999
149367,Where the Money Is,2000
149372,The White Raven,1998
149399,Zero Stress,1998
149570,Aagman,1982
149624,All the Pretty Horses,2000
149691,Anywhere But Here,1999
149723,Besieged,1998
149857,Bhavna,1984
149898,Black and White,1999
149969,Brujas,1996
149994,Bury Me in Kern County,1998
150021,Camouflage,2001
150143,Claire Dolan,1998
150216,Cradle Will Rock,1999
150337,The Divine Ryans,1999
150340,Divorce: A Contemporary Western,1998
150377,Double Jeopardy,1999
150464,In All Innocence,1998
150634,Freak Weather,1999
150790,El grito en el cielo,1998
150915,Hilary and Jackie,1998
151019,Iba den,1989
151044,In This Corner,1994
151047,In a Savage Land,1999
151137,The Messenger: The Story of Joan of Arc,1999
151281,Ladies Room,1999
151325,Legend of Two-Path,1999
151331,Let the Devil Wear Black,1999
151372,Ljuset håller mig sällskap,2000
151396,Love from Ground Zero,1998
151568,Topsy-Turvy,1999
151582,The Minus Man,1999
151738,Never Been Kissed,1999
151804,Office Space,1999
151859,Out of It,1977
152043,Portrait of a White Marriage,1988
152173,Reno Finds Her Mom,1998
152176,Restaurant,1998
152185,Rewind,1998
152548,Spanish Fly,1998
153012,The Thief & the Stripper,2000
153031,This Space Between Us,1999
153100,Time of Her Time,2000
153464,Up at the Villa,2000
153587,The Voice,1988
153588,Stolen Life,1998
153663,The Waterfront,1998
153737,Folle d'elle,1998
154965,O.K. Garage,1998
155197,Speedway Junky,1999
155267,The Thomas Crown Affair,1999
155388,The Winslow Boy,1999
155479,Les ailes de la colombe,1981
155711,Flawless,1999
155723,A Good Baby,2000
155732,Gunfighter,1999
155733,Guns and Lipstick,1995
155753,I'll Be Home for Christmas,1998
155754,I'll Remember April,2000
155975,Psycho,1998
156026,Rossini! Rossini!,1991
156028,The Royal Affair,1995
156096,Spring Forward,1999
156106,Stonebrook,1999
156322,La ballata di Eva,1985
156323,Screwed,2000
156515,Entropy,1999
156711,Kiss Toledo Goodbye,1999
156729,Last Night,1998
156735,Legend of the Mummy,1998
156744,Little White Lies,1996
156749,Louise (Take 2),1998
156794,Eternity and a Day,1998
156800,Mixed Blessings,1998
156812,My Dog Skip,2000
156841,The Next Best Thing,2000
156859,The Secret Pact,1999
156934,Random Hearts,1999
157000,Sanctuary,1998
157069,Nightmare in Big Sky Country,1998
157115,To Woody Allen from Europe with Love,1980
157182,Went to Coney Island on a Mission from God... Be Back by Five,1998
157185,Whipping Boy,1996
157427,Lima: Breaking the Silence,1999
157472,Clockstoppers,2002
157503,Drop Dead Gorgeous,1999
157515,Dead End,1998
157583,Enigma,2001
157655,Follow Your Heart,1999
157913,La Cucaracha,1998
157938,Louise Brooks: Looking for Lulu,1998
158011,The Eternal,1998
158030,The Girl of Your Dreams,1998
158033,Nora,2000
158154,River Red,1998
158369,Woman Wanted,1999
158371,Sweet and Lowdown,1999
158483,Ballad of the Nightingale,1999
158501,Blackheart,1998
158583,Deterrence,1999
158609,Fait Accompli,1998
158833,Once We Were Strangers,1997
158937,The Settlement,1999
159060,Tyrone,1999
159097,The Virgin Suicides,1999
159101,Out of the Cold,1999
159103,The Vivero Letter,1999
159270,Beach Movie,1998
159273,Behind Enemy Lines,2001
159291,Attention Shoppers,2000
159293,Body and Soul,2000
159365,Cold Mountain,2003
159369,Cooper and Hemingway: The True Gen,2013
159373,Cotton Mary,1999
159396,Civility,2000
159401,The Debt Collector,1999
159415,A Sweet Scent of Death,1999
159421,The Adventures of Elmo in Grouchland,1999
159446,For Hire,1998
159696,Relax... It's Just Sex,1998
159730,The Sex Monster,1999
159752,Shepherd,1998
159765,Spark,1998
159784,Takedown,2000
159995,Angel's Dance,1999
160009,The Art of War,2000
160016,Asunder,1999
160126,Charlie Hoboken,1998
160127,Charlie's Angels,2000
160182,Desperate But Not Serious,2000
160184,Eye See You,2002
160229,Dreamers,1999
160236,Dudley Do-Right,1999
160256,The Unscarred,2000
160278,The Witness,1999
160285,For Which He Stands,1996
160298,Trippin',1999
160307,Ghost Soldier,1999
160338,Guinevere,1999
160395,An Ideal Husband,1999
160399,Impostor,2001
160401,In Too Deep,1999
160403,The Independent,2000
160425,Killing Cinderella,2000
160429,The King and I,1999
160447,The Last Great Ride,1999
160459,The Lesser Evil,1998
160472,Lillie,1999
160481,The Long Road Home,1999
160484,Lost Souls,2000
160495,Luckytown,2000
160498,Luminarias,1999
160513,A Map of the World,1999
160547,More Dogs Than Bones,2000
160596,With or Without You,1999
160611,Ordinary Decent Criminal,2000
160616,Other Voices,2000
160620,Oxygen,1999
160672,Joe the King,1999
160721,The Puzzle in the Air,1999
160749,Red Dirt,2000
160775,Robots of Mars,1999
160797,Rules of Engagement,2000
160800,Running Home,1999
160862,She's All That,1999
160881,So You Want to Be an Actor,1993
160911,Star! Star!,1999
160916,The Story of Us,1999
160987,Time to Say Goodbye?,1997
161010,The Trench,1999
161023,Tumbleweeds,1999
161029,Two Shades of Blue,1999
161081,What Lies Beneath,2000
161083,What's the Worst That Could Happen?,2001
161084,Whatever It Takes,1998
161100,The Wood,1999
161109,The Young Girl and the Monsoon,1999
161216,Steal This Movie,2000
161767,Love Lies Bleeding,1999
161841,My Sweet Killer,1999
161942,Revelation,1999
161967,Le serpent a mangé la grenouille,1998
161977,Simon Magus,1999
161988,Stardust,1998
162024,Two Ninas,1999
162222,Cast Away,2000
162236,Just Looking,1999
162301,The Effects of Magic,1998
162318,Far from Poland,1984
162346,Ghost World,2001
162360,"Happy, Texas",1999
162563,Puraido: Unmei no toki,1998
162650,Shaft,2000
162661,Sleepy Hollow,1999
162662,A Slipping-Down Life,1999
162677,Summer of Sam,1999
162709,The Tribe,1998
162711,Trixie,2000
162766,The White River Kid,1999
162903,Catfish in Black Bean Sauce,1999
162951,Every Minute Is Goodbye,1996
162958,Final Cut,1998
162983,Hanging Up,2000
163006,Captain Jack,1999
163016,Jacob Two Two Meets the Hooded Fang,1999
163025,Jurassic Park III,2001
163080,The Magic Pudding,2000
163125,The Operator,2000
163180,Rembrandt,1999
163183,River of Stone,1994
163187,Runaway Bride,1999
163306,The Sugar Factory,1998
163318,A Table for One,1999
163559,The Book of Stars,1999
163579,Chill Factor,1999
163608,Drifting School,1995
163651,American Pie,1999
163764,Net Worth,2001
163832,Shopkeeping,1998
163978,The Beach,2000
163983,Bless the Child,2000
163984,"Blood, Guts, Bullets and Octane",1998
163988,Bringing Out the Dead,1999
164003,City of Ghosts,2002
164008,Comme un poisson hors de l'eau,1999
164012,The Dance Goes On,1992
164026,The First 9 1/2 Weeks,1998
164052,Hollow Man,2000
164108,The Muse,1999
164181,Stir of Echoes,1999
164184,The Sum of All Fears,2002
164188,"Tatiana, la muñeca rusa",1995
164212,Under Suspicion,2000
164334,Along Came a Spider,2001
164528,Death Falls,1991
164768,"Die, My Darling",1996
164802,The Pandora Project,1998
164810,Pipe Dream,2002
164887,Silent Cradle,1997
164912,Stuart Little,1999
164961,Vidocq,2001
165086,The Secret Life of Girls,1999
165107,Big City Blues,1997
165303,The Godson,1998
165361,Highway,2002
165384,The Match,1999
165396,My Brother the Pig,1999
165409,October 22,1998
165445,River Made to Drown In,1997
165454,The Runner,1999
165461,Speed of Life,1999
165607,Above Freezing,1998
165628,The Arrangement,1999
165642,Black Sea 213,2000
165710,Detroit Rock City,1999
165773,Felicia's Journey,1999
165800,The Giving Tree,2000
165831,Held Up,1999
165832,Interstate 60: Episodes of the Road,2002
165846,Kill the Man,1999
165854,The Limey,1999
165859,Liberty Heights,1999
165874,The Mating Habits of the Earthbound Human,1999
165895,Natural Selection,1999
165929,Romeo Must Die,2000
165982,Sinbad: Legend of the Seven Seas,2003
165986,The Tic Code,1998
166013,When the Sky Falls,2000
166021,What's Your Sign?,1997
166158,Daddy and Them,2001
166160,The Darkest Light,1999
166252,The Love Letter,1999
166276,Monkeybone,2001
166321,The Real Macaw,1998
166396,Waking Ned Devine,1998
166404,Youri,1999
166485,Anna and the King,1999
166540,Deceit,1999
166655,In a Pig's Eye,1990
166656,L'inconnu de Strasbourg,1998
166674,Karate Warrior,1987
166695,Luminous Motion,1998
166714,Le monde à l'envers,1998
166811,Southern Cross,1999
166813,Spirit: Stallion of the Cimarron,2002
166943,Music of the Heart,1999
166971,American Mythologies,1981
167082,The Clandestine Marriage,1999
167098,Cultural Celebrities,1979
167110,The Debtors,1999
167116,Desert Saints,2002
167145,Evasive Action,1998
167150,Restraining Order,1999
167190,Hellboy,2004
167194,Hijack,1998
167202,Hyacinth,1998
167203,I Dreamed of Africa,2000
167215,Interceptor Force,1999
167260,The Lord of the Rings: The Return of the King,2003
167261,The Lord of the Rings: The Two Towers,2002
167350,Progeny,1998
167351,The Protagonists,1999
167360,Race to Space,2001
167367,Red Team,2000
167379,Running Woman,1998
167404,The Sixth Sense,1999
167423,Diamonds,1999
167427,Superstar,1999
167456,Thunderbirds,2004
167752,The 4th Floor,1999
167880,The Definite Maybe,1997
167909,Dumb Luck in Vegas,1997
168020,Jump,1999
168035,The Last Marshal,1999
168047,Bajo California: El límite del tiempo,1998
168181,Venti dal Sud,1994
168183,Spijun na stiklama,1988
168197,Sugar: The Fall of the West,1998
168265,Yuppi du,1975
168446,Aberdeen,2000
168449,The Adventures of Sebastian Cole,1998
168464,L'anniversario,1998
168496,Bishonen,1998
168501,The Best Man,1999
168563,Can't Be Heaven,1999
168590,"Clark Gable: Tall, Dark and Handsome",1996
168629,Dancer in the Dark,2000
168631,Innocents,2000
168785,Final Voyage,1999
168786,Antwone Fisher,2002
168794,The Five Senses,1999
168805,Four Days,1999
168813,Frontera Sur,1998
168848,Harlem Aria,1999
168858,The Herd,1998
168899,Don't Let Me Die on a Sunday,1998
169083,Night Train,1998
169214,The Secret Life of Algernon,1997
169364,Wind with the Gone,1998
169376,Welcome to Hollywood,1998
169396,You Can Thank Me Later,1998
169547,American Beauty,1999
169579,Baggage,2003
169639,Boy Meets Girl,1998
169806,Dropout,1970
169884,Experiment Eva,1985
169973,Group Madness,1983
169994,Heading Home,1995
170016,How the Grinch Stole Christmas,2000
170107,History Is Made at Night,1999
170157,Wayward Son,1999
170260,Morgan's Ferry,2001
170441,Poussière d'empire,1983
170452,Prince of Central Park,2000
170568,Touched,1999
170580,Sileny kankan,1983
170691,Tigerland,2000
171227,Diplomatic Siege,1999
171256,E quando lei morì fu lutto nazionale,1993
171349,The Woman from Sarajevo,1980
171356,Gun Shy,2000
171359,Hamlet,2000
171363,The Haunting,1999
171433,Keeping the Faith,2000
171497,Lycanthrope,1999
171576,No Vacancy,1999
171580,Nurse Betty,2000
171681,Rad na odredjeno vreme,1980
171688,Razvod na odredjeno vreme,1986
171690,Reasons,1996
171698,Rites of Passage,1999
171804,Boys Don't Cry,1999
171825,The Thin Pink Line,1998
171865,Wonderland,1999
172156,Bad Boys II,2003
172338,Il dolce rumore della vita,1999
172396,The End of the Affair,1999
172402,Eso,1997
172409,The Evil Within,1998
172425,Fatal Affair,1998
172455,The First Kangaroos,1988
172464,The Million Dollar Kid,2000
172493,"Girl, Interrupted",1999
172495,Gladiator,2000
172543,He Died with a Felafel in His Hand,2001
172619,Jack of Hearts,1999
172632,Joe Gould's Secret,2000
172669,Komodo,1999
172699,Labor Pains,2000
172726,Light It Up,1999
172762,Makedonski del od pekolot,1971
173052,The Prince and the Surfer,1999
173065,Protestni album,1986
173450,On the Wings of Love,1999
173651,Caminho dos Sonhos,1998
173716,Cecil B. DeMented,2000
173750,Cudo nevidjeno,1984
173821,Hearth Fires,1972
173840,Final Fantasy: The Spirits Within,2001
173943,Jilting Joe,1998
173957,Kimberly,1999
173971,Breakdown,1978
173999,The Magic of Marciano,2000
174027,Mirka,2000
174204,Simpatico,1999
174308,Una,1984
174354,Zena pro tri muze,1979
174480,Autumn in New York,2000
174640,Misery Harbour,1999
174721,Hanged on a Twisted Cross,1996
174726,Heart of the Deal,1990
174732,Herman U.S.A.,2001
174741,Hitman's Run,1999
174856,The Hurricane,1999
174885,Loving Jezebel,1999
174975,Some Other Woman,1981
174982,New World Disorder,1999
175047,Point Blank,1998
175114,Retiring Tatiana,2000
175159,Shiloh 2: Shiloh Season,1999
175317,Walking Across Egypt,1999
175414,30 Days,1999
175526,Cherry Falls,2000
175536,Freeway II: Confessions of a Trickbaby,1999
175777,Just a Little Harmless Sex,1998
175876,Mad Cows,1999
175877,Made Men,1999
175880,Magnolia,1999
176234,Forever Fabulous,1999
176244,Tripfall,2000
176250,Tube Tales,1999
176269,Universal Soldier: The Return,1999
176318,The Week That Girl Died,1998
176326,Without Evidence,1995
176426,All the Rage,1999
176650,Delta Force One: The Lost Patrol,2000
176783,Gossip,2000
176883,Kids World,2001
176912,Black Tears,1998
176948,Love and Action in Chicago,1999
177068,Once in the Life,2000
177195,Sample People,2000
177747,Between Your Legs,1999
177769,Fever,1999
177789,Galaxy Quest,1999
177824,La guérilléra,1982
177845,Hotel Splendide,2000
177888,King of the Jungle,2000
177943,New Blood,1999
177971,The Perfect Storm,2000
178043,Stranger Than Fiction,2000
178050,Sunset Strip,2000
178642,The Invisible Circus,2001
178675,A Kind of Hush,1999
178704,The Life Before This,1999
178737,Mansfield Park,1999
178746,Matter of Trust,1998
178860,A Reasonable Man,1999
178988,Whiteboyz,1999
178997,You're Dead...,1999
179098,Moonlight Mile,2002
179116,But I'm a Cheerleader,1999
179145,Dear Claudia,1999
179177,Fishes Outta Water,1998
179182,Forever Mine,1999
179206,War in the Highlands,1998
179219,The Hitter,1979
179435,The Proposal,2001
179443,Rancid Aluminum,2000
179473,"South of Heaven, West of Hell",2000
179477,Storm Catcher,1999
179626,15 Minutes,2001
179769,Dill Scallion,1999
179835,G:MT Greenwich Mean Time,1999
179839,Hajduk,1980
179841,Harem Suare,1999
179861,Icebreaker,2000
179894,Irish Whiskey Rebellion,1972
179915,Just Sue Me,2000
179918,Kamiondzije opet voze,1984
180052,The Adventures of Pluto Nash,2002
180059,Poltron,1989
180073,Quills,2000
180093,Requiem for a Dream,2000
180242,A Texas Funeral,1999
180301,The Weekend,1999
180303,If You Only Knew,2000
180316,Women Talking Dirty,1999
180328,Zarki,1970
180413,Round Trip,1978
180442,Anticasanova,1985
180683,Everything's Jake,2000
180708,Funny Valentines,1999
180734,Hardball,2001
180788,Kraljevski voz,1981
180802,Beloved Love,1977
180889,Orkestar jedne mladosti,1985
180897,Paradise Lost,1999
180916,The Policeman from the Cock's Hill,1992
181096,The Role of My Family in the Revolution,1971
181144,Waiting for Godot,1991
181151,What Planet Are You From?,2000
181299,Avalanche,1999
181311,Best,2000
181316,Blue Streak,1999
181497,Doggy Bag,1999
181530,East/West,1999
181534,Fanny and Elvis,1999
181536,Finding Forrester,2000
181618,Judy Berlin,1999
181689,Minority Report,2002
181735,One Last Flight,1999
181739,Osmosis Jones,2001
181833,The Source: The Story of the Beats and the Beat Generation,1999
181836,The Specials,2000
181852,Terminator 3: Rise of the Machines,2003
181865,Traffic,2000
181875,Almost Famous,2000
181890,Time of Miracles,1989
181978,Bimboland,1998
181984,Boiler Room,2000
182000,The Caveman's Valentine,2001
182027,The Cure for Boredom,2001
182256,Just Add Love,1997
182295,Love's Labour's Lost,2000
182306,The Manor,1999
182508,Urbania,2000
182526,Water Damage,1999
182574,The Dream Factory,1975
182708,Love in the Mirror,1999
182789,Bicentennial Man,1999
183171,Johnny 316,1998
183306,Jinnah,1998
183505,"Me, Myself & Irene",2000
183523,Mission to Mars,2000
183550,My Mother Frank,2000
183649,Phone Booth,2002
183659,Pollock,2000
183767,The Sheltering Desert,1991
183790,A Knight's Tale,2001
183808,Spanish Judges,2000
183885,Three Below Zero,1998
183973,Vicious Kiss,1995
184007,The Wetonkawa Flash,1999
184019,Who Is Henry Jaglom?,1995
184158,Smut,1999
184510,Get Bruce,1999
184791,O,2001
184804,Paper Bullets,1999
184858,Reindeer Games,2000
184894,Shanghai Noon,2000
184907,Snow Day,2000
185007,Whispers: An Elephant's Tale,2000
185014,Wonder Boys,2000
185101,Pups,1999
185181,The Bargain Shop,1992
185183,Battlefield Earth,2000
185215,Toreros,2000
185284,Do Not Disturb,1999
185371,House on Haunted Hill,1999
185431,Little Nicky,2000
185442,Love & Rage,1999
185897,Ave María,1999
186014,Cypress Edge,1999
186029,Dirk and Betty,2000
186045,Drowning Mona,2000
186183,The Guilty,2000
186202,Cowboy Up,2001
186240,The Invisibles,1999
186547,Silicon Towers,1999
186549,The Simian Line,2000
186566,Space Cowboys,2000
186589,Sugar & Spice,2001
186719,The Young Unknowns,2000
186894,Bounce,2000
186932,A Twist of Faith,1999
186975,Down to You,2000
187078,Gone in 60 Seconds,2000
187236,Laws of Deception,1997
187316,Il momento dell'avventura,1983
187351,Nigahen: Nagina Part II,1989
187357,No Strings Attached,1997
187393,The Patriot,2000
187399,Personals,1999
187512,"Slap Her, She's French!",2002
187559,Playing Mona Lisa,2000
187601,The Escort,1999
187738,Blade II,2002
187761,Brooklyn Sonnet,2000
187780,Charlie!,1999
187839,An Evening with Quentin Crisp,1980
187847,Fear of Fiction,2000
187995,The Intruder,1999
188019,Buy Me an Eliot,1998
188045,Magicians,2000
188052,Mascara,1999
188055,Mercy,2000
188128,Very Annie Mary,2001
188160,Price of Glory,2000
188205,Sonic Impact,1999
188453,Birthday Girl,2001
188518,Complicity,2000
188620,"Finisterre, donde termina el mundo",1998
188863,Love Stinks,1999
188932,The Myth,1986
189142,Marcel Proust's Time Regained,1999
189153,Wheels,1998
189192,Just Visiting,2001
189201,The Big Day,1999
189490,Drugi covek,1988
189584,The Big Kahuna,1999
189744,Miss Julie,1999
189796,Whirlpool of Passion,1996
189810,No Tomorrow,1999
189998,Shadow of the Vampire,2000
190138,The Whole Nine Yards,2000
190255,The Basket,1999
190332,"Crouching Tiger, Hidden Dragon",2000
190374,Dungeons & Dragons,2000
190438,Guy's Guide to Money,1998
190590,"O Brother, Where Art Thou?",2000
190736,Sand,2000
190861,Vatel,2000
190865,Vertical Limit,2000
190938,Swindle,2002
190994,Cold Blooded,2000
191037,Circus,2000
191074,New Best Friend,2002
191133,The Fighting Temptations,2003
191242,The Last Stop,2000
191397,The Replacements,2000
191428,The Setting Sun,1992
191610,The Bridge,1999
191636,The Widow of Saint-Pierre,2000
191754,28 Days,2000
191764,After the Rain,1988
191869,The Catcher,1998
191996,Essex Boys,2000
192023,Finder's Fee,2001
192071,Get Over It,2001
192111,Head Over Heels,2001
192194,Julien Donkey-Boy,1999
192455,Picking Up the Pieces,2000
192614,The Skulls,2000
192630,Shteps,2002
192701,Turbulence 2: Fear of Flying,1999
192731,Urban Legends: Final Cut,2000
192766,A Wake in Providence,1999
192991,Avenged,1998
193082,Deceptions,1992
193135,Enemies of Laughter,2000
193288,Legends of the West,1992
193318,Merlin: The Return,2000
193364,The Order,2001
193555,The Diary of the Hurdy-Gurdy Man,1999
193560,Texas Rangers,2001
193724,Aquellos años,1973
193854,A Shot at Glory,2000
193859,Dangerous Curves,2000
193926,Fait d'hiver,1999
194037,In 'n Out,1984
194042,Inside the Coppola Personality,1981
194146,Mel,1998
194218,Panic,2000
194368,Chain of Fools,2000
195023,Libero Burro,1999
195234,Saving Grace,2000
195685,Erin Brockovich,2000
195778,Here on Earth,2000
195857,Kin,2000
195944,Newsbreak,2000
195945,Next Friday,2000
196068,Sam the Man,2001
196158,Ticker,2001
196216,Small Time Crooks,2000
196221,Y2K,1999
196223,The Right Temptation,2000
196229,Zoolander,2001
196373,The Best of Sex and Violence,1982
196516,The Duke,1999
196596,Grizzly Falls,1999
196703,Little Savant,1999
196708,Lockdown,2000
196723,Forever Lulu,2000
196732,The Making of 'Silent Running',1974
196857,Play It to the Bone,1999
197072,Escape Under Pressure,2000
197311,Boesman and Lena,2000
197384,Crime + Punishment in Suburbia,2000
197646,Lush,2000
197750,Paranoid,2000
197753,Partners in Crime,2000
197862,See Jane Run,2001
197996,Vampires Anonymous,2003
198021,Where the Heart Is,2000
198284,After Sex,2000
198386,The Crew,2000
198473,Favola crudele,1991
198553,I'm Almost Not Crazy: John Cassavetes - the Man and His Work,1984
198586,Judgment Day: The Ellie Nesler Story,1999
198668,A Love Divided,1999
198673,La légende,1993
198715,The Mao Game,1999
198781,"Monsters, Inc.",2001
198907,Il piacere delle carni,1992
198971,Regina,1987
199094,Tôkyô no kyûjitsu,1991
199314,About Adam,2000
199369,The Body,1970
199481,Druids,2001
199626,In the Cut,2003
199725,Love & Basketball,2000
199727,"Love, Honor and Obey",2000
199744,Mambo Café,2000
199753,Red Planet,2000
199772,Mirror Mirror 3: The Voyeur,1995
199950,The New Adventures of Pinocchio,1999
200027,Riding in Cars with Boys,2001
200171,Stanley's Gig,2000
200465,The Bank Job,2008
200469,Bats,1999
200472,Beautiful Joe,2000
200550,Coyote Ugly,2000
200669,The Golden Bowl,2000
200720,The House of Mirth,2000
201020,The Rising Place,2001
201394,The Shrink Is In,2001
201479,Beyond the City Limits,2001
201484,Blowback,2000
201485,The Body,2001
201726,The Last Producer,2000
201737,Lost in the Pershing Point Hotel,2000
201899,A Rumor of Angels,2000
201901,Just One Night,2000
202236,Tribulation,2000
202287,Carnivale,1999
202314,Deep Core,2000
202402,Whatever It Takes,2000
202470,Rock Star,2001
202599,The Storytellers,1999
202623,The Third Wheel,2002
202642,Under Hellgate Bridge,2000
202677,The Way of the Gun,2000
202711,Swimming,2000
202856,Double Parked,2000
203009,Moulin Rouge!,2001
203019,Men of Honor,2000
203053,Pilgrim,2000
203230,You Can Count on Me,2000
203284,Alec to the Rescue!,1999
203408,The Omega Code,1999
203421,Things I Forgot to Remember,1999
203503,Five Aces,1999
203536,A Good Night to Die,2003
203540,Greenfingers,2000
203755,One Night at McCool's,2001
203816,Pretty Hattie's Baby,1991
203835,The Alternate,2000
203912,Sin's Kitchen,2004
203975,Tart,2001
204137,Animal Factory,2000
204175,Boys and Girls,2000
204313,Exorcist: The Beginning,2004
204350,Poor White Trash,2000
204352,Greasewood Flat,2003
204624,The Shoe Store,1999
204626,The Watcher,2000
204700,Trouble Every Day,2001
204709,An Affair of Love,1999
204720,Una vacanza all'inferno,1997
204741,Wiped-Out Footprints,1999
204946,Bring It On,2000
205000,Deuce Bigalow: Male Gigolo,1999
205177,Kevin & Perry Go Large,2000
205271,Dr. T & the Women,2000
205314,Pesel Ha'Zahav,1998
205461,Thomas and the Magic Railroad,2000
205774,The Big Split,1999
206075,The King's Guard,2000
206113,Madison,2001
206275,Save the Last Dance,2001
206314,Joy Ride,2001
206367,The Trumpet of the Swan,2001
206382,Massholes,2000
206420,Woman on Top,2000
206634,Children of Men,2006
206845,Joseph's Gift,1998
206878,Lawrence Melm,2004
206917,The Man Who Cried,2000
206926,Maybe Baby,2000
207036,Luck of the Draw,2000
207161,Time Share,2000
207201,What Women Want,2000
207296,After the Rain,2000
207357,Broken Trust,1993
207377,Chain of Command,2000
207524,How to Kill Your Neighbor's Dog,2000
207638,Here's to Life!,2000
207988,The Sleepy Time Gal,2001
208003,Big Momma's House,2000
208017,Broke Even,2000
208092,Snatch,2000
208196,Happy Accidents,2000
208323,Nightmare Man,1999
208349,Les gens qui s'aiment,1999
208491,Ginostra,2002
208866,Mission,2001
208874,The Contender,2000
208911,The King Is Alive,2000
208988,Get Carter,2000
208990,The Son's Room,2001
209020,Dying on the Edge,2001
209109,Fourplay,2001
209144,Memento,2000
209163,The Mummy Returns,2001
209174,Nobody Knows Anybody,1999
209223,Keep It Quiet,1999
209322,Skipped Parts,2000
209368,Strange Planet,1999
209475,The Wedding Planner,2001
209486,Wish You Were Dead,2001
209958,The Cell,2000
210065,Gangster No. 1,2000
210070,Ginger Snaps,2000
210149,Lakeboat,2000
210163,My Little Business,1999
210357,Taliesin Jones,2000
210358,Things You Can Tell Just by Looking at Her,2000
210382,The Weight of Water,2000
210567,Beautiful,2000
210687,Forgotten Warriors,1997
210696,Gaia Symphony II,1999
210809,Lisboa,1999
210827,Mama's Pushcart: Ellen Stewart and 25 Years of La MaMa E.T.C.,1988
210939,Reaching Normal,2001
210943,Relative Values,2000
210945,Remember the Titans,2000
210953,Road Dogz,2002
211181,102 Dalmatians,2000
211187,An Affectionate Look at Fatherhood,1995
211286,La bûche,1999
211309,Il cielo cade,2000
211323,Crossfire,1998
211387,Water Drops on Burning Rocks,2000
211465,Knockaround Guys,2001
211492,The Luzhin Defence,2000
211526,Moonglow,2000
211570,Picture This,1999
211577,Presence of Mind,1999
211650,Luise knackt den Jackpot,1995
211661,Terror Tract,2000
211719,The Venice Project,1999
211933,Awake,2007
211938,Bait,2000
211941,Beat,2000
212048,Cause of Death,2001
212059,Clean and Narrow,2000
212075,Question of Luck,1996
212166,The Flying Sorcerer,1973
212219,A Trickle of Blood,1995
212271,Lip Service,2001
212294,Lady in the Box,2001
212311,Los lobos de Washington,1999
212338,Meet the Parents,2000
212346,Miss Congeniality,2000
212360,Moving August,2002
212380,Blow Dry,2001
212420,Pepe Guindo,1999
212495,La segunda noche,2001
212604,Tully,2000
212615,The Wishing Tree,1999
212712,2046,2004
212720,A.I. Artificial Intelligence,2001
212742,After Alice,2000
212772,The Annihilation of Fish,1999
212789,Bad English I: Tales of a Son of a Brit,1995
212815,Big Eden,2000
212827,Bride of the Wind,2001
212830,Bruiser,2000
212872,Fall of the Eagles,1989
212910,Delivering Milo,2001
212985,Hannibal,2001
213121,New Waterford Girl,1999
213149,Pearl Harbor,2001
213266,The Streetsweeper,2002
213446,The Amati Girls,2000
213528,Box Marley,2000
213613,Didn't You Hear...,1983
213653,Film House Fever,1986
213677,Ghaath,2000
213985,Partition,2007
214032,The Rage Within,2001
214265,Vajont - La diga del disonore,2001
214277,Very Mean Men,2000
214388,100 Girls,2000
214646,Dropping Out,2000
214757,Held for Ransom,2000
215129,Road Trip,2000
215135,Route 666,2001
215139,Russian Doll,2001
215245,Thakshak,1999
215383,Zapping,1999
215516,Nobody's Baby,2001
215545,Bamboozled,2000
215557,Beverly Hood,1999
215679,Cowboys and Angels,2000
215687,Cuba,2002
215750,Enemy at the Gates,2001
215760,The Fanatics,1997
215770,Just Messing About,2000
215865,I Could Read the Sky,1999
216216,The 6th Day,2000
216279,Wild About Harry,2000
216386,Volavérunt,1999
216624,Climb Against the Odds,1999
216625,Code Unknown,2000
216682,Derek and Clive Get the Horn,1979
216689,Les destinées,2000
216772,Turn It Up,2000
216799,Harrison's Flowers,2000
216818,The Hunting of the Snark,1987
216841,Jet Set,2000
216930,My 5 Wives,2000
216938,Nasty Neighbours,1999
216983,Le prof,2000
216990,Leaving No Trace,2000
217019,Sade,2000
217031,Second to Die,2002
217086,Devil in the Flesh 2,2000
217119,A Matter of Taste,2000
217168,Tomorrow's Another Day,2000
217238,L'air du crime,1984
217505,Gangs of New York,2002
217621,The List,2000
217629,Looking for Alibrandi,2000
217630,Loser,2000
217654,Militia,2000
217664,Morning,2001
217686,The New Women,2001
217756,Ready to Rumble,2000
217758,Red Letters,2000
217787,Searching for Paradise,2002
217869,Unbreakable,2000
217894,The Woman Chaser,1999
217978,'R Xmas,2001
217979,Ablaze,2001
218000,Another Life,2001
218032,The Beatnicks,2001
218067,The Calling,2000
218112,The Closer You Get,2000
218126,Critical Mass,2001
218141,Deeply,2000
218323,Hard Luck,2001
218378,The Claim,2000
218426,Marine Life,2000
218616,Some Voices,2000
218619,Soul Survivors,2001
218641,Submerged,2000
218705,All My Loved Ones,1999
218817,Antitrust,2001
218839,Best in Show,2000
218864,Buying the Cow,2002
218922,Original Sin,2001
218950,Drinking Crude,1997
218967,The Family Man,2000
219171,Ripley Under Ground,2005
219175,Mexico City,2000
219182,Monkeys in the Attic,1974
219327,Strictly Sinatra,2001
219333,Suspicious River,2000
219374,Unconditional Love,2002
219400,Waking Up in Reno,2002
219405,Waydowntown,2000
219408,The Whole Shebang,2001
219469,Above Suspicion,2000
219519,Auggie Rose,2000
219653,Dracula 2000,2000
219699,The Gift,2000
219756,Heartbreak Hospital,2002
219822,Human Nature,2001
219854,The Kid,2000
219878,Little Insects,2000
219952,Lucky Numbers,2000
219965,Bandits,2001
220005,Reunion,2001
220100,Timecode,2000
220343,Briar Patch,2003
220399,Drop Back Ten,2000
220506,Halloween: Resurrection,2002
220591,Karen Black: Actress at Work,1999
220703,Plenilune,1999
220827,Sleepless,2001
221016,Berlin,1995
221027,Blow,2001
221069,Chasing Sleep,2000
221073,Chopper,2000
221197,G-Men from Hell,2000
221218,The Glass House,2001
221344,Herod's Law,1999
221563,Sorted,2000
221799,An American Rhapsody,2001
221823,Bel Air,2000
221837,Borderline Normal,2001
221838,Borstal Boy,2000
221885,Contaminated Man,2000
221889,Beautiful Creatures,2000
222020,Mach 2,2000
222142,"Let Me In, I Hear Laughter",2000
222167,Lucky 13,2005
222218,Murieron a la mitad del rio,1986
222293,Possible Worlds,2000
222375,"Sleep Easy, Hutch Rimes",2000
222705,All Over Again,2001
222850,The Broken Hearts Club: A Romantic Comedy,2000
222851,Brother,2000
223284,Final Payback,2001
223828,Off the Lip,2004
223832,The Old Man Who Read Love Stories,2001
223856,The Opponent,2000
223897,Pay It Forward,2000
223954,The Prime Gig,2000
223992,Rashi: A Light After the Dark Ages,1999
224626,Dark Asylum,2001
225071,Angel Eyes,2001
225828,G.O.D.,2001
225865,Glory Glory,2002
226430,Shadow Hours,2000
226540,Too Much Flesh,2000
226624,Westward to China,1989
226708,Épouse-moi,2000
226877,Journey to a Hate Free Millennium,1999
226935,Chelsea Walls,2001
226981,Lonesome,2001
227005,Made,2001
227140,Nobody's Girls: Five Women of the West,1995
227445,The Score,2001
227538,Spy Kids,2001
227984,Formula 51,2001
228049,Bandits,1995
228054,Bear with Me,2000
228140,5% de risque,1980
228301,Finding Home,2003
228333,Ghosts of Mars,2001
228338,Golf Etiquette,1973
228488,Kiss Kiss (Bang Bang),2001
228504,"Land of 1,000 Dances",2000
228720,Ping!,2000
228750,Proof of Life,2000
228786,The Crimson Rivers,2000
228891,The Spreading Ground,2000
229002,Green Dragon,2001
229021,Viva Las Nowhere,2001
229450,Historias violentas,1985
230011,Atlantis: The Lost Empire,2001
230025,Bartleby,2001
230030,Bedazzled,2000
230234,"A Galaxy Far, Far Away",2001
230600,The Others,2001
230783,Signs & Wonders,2000
230838,Sweet November,2001
231001,The Zookeeper,2001
231192,Verbal Assault,1999
231448,Deuces Wild,2002
231775,Down to Earth,2001
231781,If Tomorrow Comes,2000
232015,Lying in Wait,2001
232500,The Fast and the Furious,2001
232611,Second Skin,1999
232632,Shiner,2000
233142,3000 Miles to Graceland,2001
233277,Back to the Secret Garden,2000
233422,Chachi 420,1997
233469,Collateral Damage,2002
233481,Cookers,2001
233656,Epicenter,2000
233691,Faeries,1999
233954,It Was an Accident,2000
234137,Love & Sex,2000
234215,The Matrix Reloaded,2003
234221,Me,1975
234354,Novocaine,2001
234393,One of the Hollywood Ten,2000
234652,Sanctimony,2000
234793,The Stand-In,1999
234829,Summer Catch,2001
234838,Swap Meet,1999
235333,Dead in the Water,2002
235412,Gaudi Afternoon,2001
235606,Love Bites,2001
235737,The Salton Sea,2002
235807,Stolen Tangos,2001
236026,Blind Heat,2001
236126,A Crack in the Floor,2001
236189,Em & Me,2004
236304,Hollywood Safari,1997
236348,Josie and the Pussycats,2001
236388,The Original Kings of Comedy,2000
236493,The Mexican,2001
236551,On the Q.T.,2001
236640,Prozac Nation,2001
236784,The Tailor of Panama,2001
237523,Open Mic,2001
237572,The Pledge,2001
237706,The Sculptress,2000
238015,All Access: Front Row. Backstage. Live!,2001
238112,Captain Corelli's Mandolin,2001
238137,Tangled,2001
238275,Hollywood Uncensored,1987
238321,Ivansxtc,2000
238380,Equilibrium,2002
238546,Queen of the Damned,2002
238552,Replicant,2001
238627,Attraction,2000
238743,You Are Here*,2000
238893,The Dark Room,2000
238924,The Dangerous Lives of Altar Boys,2002
238948,Double Take,2001
238992,Fortunes,2005
238994,Eisenstein,2000
239004,Ghostlight,2003
239014,Goldy 3: The Search for the Golden Bear,1988
239395,Cats & Dogs,2001
239444,El grito,2000
239461,Here Lies Lonely,1999
239467,The Hollywood Sign,2001
239509,Julie Johnson,2001
239670,Mortal Transfer,2001
239792,Peaches,2000
239948,Saving Silverman,2001
239949,Say It Isn't So,2001
239986,Sidewalks of New York,2001
240402,The Center of the World,2001
240462,Dr. Dolittle 2,2001
240510,The Four Feathers,2002
240515,Freddy Got Fingered,2001
240621,The Island of the Mapmaker's Wife,2001
240659,The Knights of the Quest,2001
240772,Ocean's Eleven,2001
240885,Scottsboro: An American Tragedy,2000
240887,"Sean Connery, an Intimate Portrait",2002
240890,Serendipity,2001
240980,Till Human Voices Wake Us,2002
241025,Vanity Fair,2004
241183,Angels Don't Sleep Here,2002
241223,The Bank,2001
241303,Chocolat,2000
241527,Harry Potter and the Sorcerer's Stone,2001
241760,The New Guy,2002
242150,Xchange,2001
242193,Bully,2001
242252,The Affair of the Necklace,2001
242264,American Saint,2001
242423,"Dude, Where's My Car?",2000
242445,Exit Wounds,2001
242508,Harvard Man,2001
242522,Herschel Hopper: New York Rabbit,2000
242527,The Hole,2001
242572,Kandukondain Kandukondain,2000
242578,Klaus Maria Brandauer: Speer in London,1999
242587,L.I.E.,2001
242653,The Matrix Revolutions,2003
242888,The Sleeping Dictionary,2003
242953,A Time for Dancing,2002
242994,Va Savoir (Who Knows?),2001
242998,Valentine,2001
243059,Cahoots,2001
243133,The Man Who Wasn't There,2001
243155,Bridget Jones's Diary,2001
243168,Cerebro,2000
243210,On the Nose,2001
243222,The Doe Boy,2001
243232,Dust,2001
243255,Fat Girl,2001
243327,Ultimate Target,2000
243415,Mercy Streets,2000
243493,The Closet,2001
243508,Pursuit of Happiness,2001
243554,When Strangers Appear,2001
243575,Speaking of Sex,2001
243585,Stuart Little 2,2002
243609,To End All Wars,2001
243655,Wet Hot American Summer,2001
243736,40 Days and 40 Nights,2002
243828,Come Together,2001
243885,The Elite,2001
243904,The Final Curtain,2002
243931,Good Advice,2001
243991,Intimate Affairs,2001
244000,American Outlaws,2001
244094,Never Again,2001
244244,Swordfish,2001
244273,Two Girls from Lemoore,2003
244452,Campfire Stories,2001
244465,Clayton,2000
244521,Funny Money,2006
244709,Pavilion of Women,2001
244727,The Man from Nowhere,1989
244970,Someone Like You...,2001
245046,Charlotte Gray,2001
245090,Edges of the Lord,2001
245095,The Enemy,2001
245238,Lost and Delirious,2001
245262,Maria - Nur die Nacht war ihr Zeuge,1980
245299,The Mumbo Jumbo,2000
245328,Off Key,2001
245393,Rock and Roll Mobster Girls,1988
245407,Crush,2001
245479,Just a Kiss,2002
245501,Things Behind the Sun,2001
245562,Windtalkers,2002
245573,XX/XY,2002
245574,Y Tu Mamá También,2001
245674,Thir13en Ghosts,2001
245686,Joe Dirt,2001
245792,Breach of Contract,1982
245803,Bulletproof Monk,2003
245834,Stand-by,2000
245844,The Count of Monte Cristo,2002
246000,Killer Instinct,2001
246002,Kingdom Come,2001
246072,Maze,2000
246108,Nailed,2001
246134,Lucky Break,2001
246157,The Pornographer: A Love Story,2004
246268,Evagora's Vow,2001
246332,Slow Burn,2000
246404,The 24th Day,2004
246460,Die Another Day,2002
246464,Big Trouble,2002
246500,Who Is Cletis Tout?,2001
246544,The Musketeer,2001
246578,Donnie Darko,2001
246592,Dummy,2002
246628,Focus,2001
246677,Heaven,2002
246719,Julie Walking Home,2002
246776,The Mechanism,2000
246870,Le prince du Pacifique,2000
246894,Rollerball,2002
246989,Tomcats,2001
247196,Before Night Falls,2000
247199,The Believer,2001
247254,The Code Conspiracy,2002
247303,The Shaft,2001
247419,Ignition,2001
247425,In the Bedroom,2001
247427,In the Shadows,2001
247444,Juwanna Mann,2002
247512,The Medicine Show,2001
247530,Mississippi Summer,1971
247638,The Princess Diaries,2001
247645,The Quickie,2001
247745,Super Troopers,2001
247786,"Two Days, Nine Lives",2001
247823,Women in Film,2001
248109,El invierno de las anjanas,2000
248124,Just Like Mona,2003
248169,Manna from Heaven,2002
248190,No Such Thing,2001
248640,Hard Cash,2002
248661,3 A.M.,2001
248667,Ali,2001
248961,Let's Get Bizzee,1993
248974,Ronnie,2002
249082,Plan B,2001
249086,Poor Liza,2000
249172,The Suicide Club,2000
249220,Unknown Powers,1978
249238,The Wedding Tackle,2000
249511,Double Deception,2001
249516,Foodfight!,2012
249892,Bad Seed,2000
250214,Anthrax,2001
250223,Asterix and Obelix Meet Cleopatra,2002
250224,Crazy/Beautiful,2001
250274,The Brothers,2001
250310,Corky Romano,2001
250323,The Deep End,2001
250347,Double Whammy,2001
250468,Killing Me Softly,2002
250485,L.A.P.D.: To Protect and to Serve,2001
250494,Legally Blonde,2001
250513,Losing Grace,2001
250617,Night at the Golden Eagle,2001
250622,"Not Afraid, Not Afraid",2001
250687,Rat Race,2001
250698,Ritual,2002
250720,See Spot Run,2001
250766,Symphony for the Spire,1992
250797,Unfaithful,2002
250804,Don't Let Go,2002
250944,The Adventures of Cinderella's Daughter,2000
251057,Double Bang,2001
251075,Evolution,2001
251094,Metal Mayhem,2000
251114,Hart's War,2002
251127,How to Lose a Guy in 10 Days,2003
251160,John Q,2002
251174,Kevin of the North,2001
251308,Nowhere in Sight,2001
251370,Rennie's Landing,2001
251412,Stageghost,2000
251447,The Tunnel,2001
251677,Cuban Blood,2003
251696,Fast Sofa,2001
251700,The Flunky,2000
251736,House of 1000 Corpses,2003
251744,In Memory of My Father,2005
251795,Leaving the Land,2002
251901,No Place Like Home,2002
252028,Surviving Christmas,2004
252076,Maid in Manhattan,2002
252223,All the Queen's Men,2001
252225,Almost Salinas,2001
252266,Beeper,2002
252299,Buffalo Soldiers,2001
252335,Love Torn in a Dream,2000
252480,The Grey Zone,2001
252501,Hearts in Atlantis,2001
252503,Heist,2001
252541,In the Name of Blood,1989
252684,Manic,2001
252703,Less Is More,2000
252708,Meurtres à domicile,1982
252724,Modern Rhapsody,1997
252866,American Pie 2,2001
252963,The Bunker,2001
253016,Love Life,2002
253028,Deadly Little Secrets,2002
253056,Down 'n Dirty,2000
253126,High Heels and Low Lifes,2001
253200,Last Orders,2001
253474,The Pianist,2002
253556,Reign of Fire,2002
253612,La répétition,2001
253688,Shoot or Be Shot,2002
253798,Out Cold,2001
253840,The Triumph of Love,2001
253867,The Sweetest Thing,2002
254099,The Anniversary Party,2001
254102,Antietam: A Documentary Drama,2000
254199,CQ,2001
254235,Unfair Competition,2001
254252,Dead Awake,2001
254325,Comedy of Innocence,2000
254334,The Fourth Angel,2001
254450,Johnny the Amazing Firetruck,2000
254455,Sex and Lucía,2001
254590,Muse 6,2000
254626,One Eyed King,2001
254686,The Piano Teacher,2001
254703,The Point Men,2001
254775,The Red Siren,2002
254806,Sureshot,1996
255055,China: The Panda Adventure,2001
255112,Dhaai Akshar Prem Ke,2000
255289,Kala Pani,1996
255412,Nailed,1981
255432,Now & Forever,2002
255653,Tortilla Soup,2001
255655,The Trade,2003
255702,Wishcraft,2002
255798,The Animal,2001
255819,Baby Boy,2001
255820,Return to Babylon,2013
256009,The Devil's Backbone,2001
256012,Everybody Just Stay Calm,1994
256024,The Festival Game,1970
256084,How Harry Became a Tree,2001
256150,A Little Inside,1999
256241,"Oh, cielos",1995
256276,Possession,2002
256359,The Safety of Objects,2001
256374,Pretty When You Cry,2001
256380,Shallow Hal,2001
256415,Sweet Home Alabama,2002
257076,S.W.A.T.,2003
257355,Birdseye,2002
257360,About Schmidt,2002
257408,Judgment,2001
257434,Being Light,2001
257471,El centro del laberinto,1985
257516,Cursed,2005
257568,Kangaroo Jack,2003
257573,Drug-Taking and the Arts,1993
257756,High Crimes,2002
257935,Morlang,2001
257953,NSync: Bigger Than Live,2001
258000,Panic Room,2002
258038,Pootie Tang,2001
258062,Pussykat,2000
258068,The Quiet American,2002
258100,Run Ronnie Run,2002
258153,S1m0ne,2002
258273,Lovely & Amazing,2001
258463,The Bourne Identity,2002
258470,Bubble Boy,2001
258534,Dorian,2003
258562,Falling Rocks,2000
258816,The Reckoning,2002
258949,Scandalize My Name: Stories from the Blacklist,1998
258967,The Unsaid,2001
259017,Swimming Upstream,2002
259054,Ordinary Sinner,2001
259207,Backstage,2000
259218,Blind Obsession,2001
259288,Dragonfly,2002
259324,Ghost Rider,2007
259393,Lantana,2001
259442,The Monkey's Mask,2000
259484,Paid in Full,2002
259711,Vanilla Sky,2001
259729,The Three-Legged Fox,2004
259730,La voz de su amo,2001
259822,.45,2006
259929,A Christmas Carol,2001
260212,Muqaddar Ka Badshaah,1990
260216,Night Class,2001
260252,L'origine du monde,2001
260261,Outlaw,2001
260320,Repli-Kate,2002
260414,Taking Sides,2001
260746,Big Bad Love,2001
260866,Don't Say a Word,2001
260924,A Gentleman's Game,2002
261005,Kitayskiy serviz,1999
261066,Piñero,2001
261190,El portero,2000
261289,Serving Sara,2002
261311,Sound of the Sea,2001
261521,Clams and Mussels,2000
261755,Jackpot,2001
261800,Lisa,2001
261992,Winter Break,2003
262396,Empire,2002
262527,Jhooth Bole Kauwa Kaate,1998
262560,The Law of Enclosures,2000
262911,World Traveler,2001
263215,Picture Claire,2001
263386,Going Greek,2001
263488,Jeepers Creepers,2001
263734,Men with Brooms,2002
263746,Mindstorm,2001
263757,Uptown Girls,2003
264108,Trinity,2003
264150,View from the Top,2003
264323,2001 Maniacs,2005
264333,The Abduction Club,2002
264395,Basic,2003
264410,Berserker,2004
264464,Catch Me If You Can,2002
264472,Changing Lanes,2002
264483,The Christmas Path,1998
264499,Country,2000
264571,The Shanghai Spell,2002
264606,Extreme Honor,2001
264616,Frailty,2001
264761,Kissing Jessica Stein,2001
264796,Life as a House,2001
264935,Murder by Numbers,2002
265010,Girl Fever,2002
265029,America's Sweethearts,2001
265033,Angryman,2001
265086,Black Hawk Down,2001
265087,Black Knight,2001
265104,The Breed,2001
265208,The Girl Next Door,2004
265226,Home Invaders,2001
265281,The Kings of Brooklyn,2004
265298,Big Fat Liar,2002
265307,The Man from Elysian Fields,2001
265344,The Month of August,2002
265349,The Mothman Prophecies,2002
265459,One Hour Photo,2002
265581,Protection,2001
265591,Pumpkin,2002
265625,Roads to Riches,2002
265651,Ripley's Game,2002
265662,The Rookie,2002
265666,The Royal Tenenbaums,2001
265709,Scenes of the Crime,2001
265713,"Scotland, Pa.",2001
265808,Stealing Harvard,2002
265859,Tempted,2001
265914,Twelve and a Half Cents,1970
265932,Children's Play,2001
266057,Without Charlie,2001
266391,The Cat's Meow,2001
266452,Death to Smoochy,2002
266489,Duplex,2003
266543,Finding Nemo,2003
266697,Kill Bill: Vol. 1,2003
266747,Marci X,2003
266915,Rush Hour 2,2001
266971,The Slaughter Rule,2002
266987,Spy Game,2001
267000,Stray Dogs,2002
267024,Thru the Moebius Strip,2005
267044,Barnie et ses petites contrariétés,2001
267248,Abandon,2002
267497,Firesign Theatre Presents 'Hot Shorts',1983
267626,K-19: The Widowmaker,2002
267659,Last Run,2001
267747,The Myersons,2001
267804,The One,2001
267816,El paraíso ya no es lo que era,2001
267891,The Ringer,2005
267913,Scooby-Doo,2002
267989,True Blue,2001
268032,Weiser,2001
268040,Wooly Boys,2001
268126,Adaptation.,2002
268130,Capone's Boys,2002
268261,God Is on Air,2002
268380,Ice Age,2002
268437,The Man Who Sued God,2001
268548,Pressure Point,2001
268636,The Shipment,2001
268690,Thirteen Conversations About One Thing,2001
268695,The Time Machine,2002
268727,The Greatest Adventure of My Life,2005
268755,Watchtower,2001
268978,A Beautiful Mind,2001
268995,The Majestic,2001
269058,This Is My Body,2001
269095,City by the Sea,2002
269163,Donzi: The Legend,2001
269200,Behind God's Back,2001
269281,Global Heresy,2002
269341,Two Can Play That Game,2001
269347,The Hunted,2003
269356,Ice Planet,2001
269376,Island Prey,2001
269408,The Journeyman,2001
269483,Lone Star State of Mind,2002
269499,My Wife Is an Actress,2001
269763,War Live,2000
270179,24,2001
270197,American Gun,2002
270259,The Business of Strangers,2001
270270,Century Hotel,2001
270288,Confessions of a Dangerous Mind,2002
270518,Moments Without Proper Names,1987
270560,Our Lips Are Sealed,2000
270688,Teknolust,2002
270707,The Truth About Charlie,2002
270846,Superbabies: Baby Geniuses 2,2004
270911,Bad Boy,2002
270980,My Boss's Daughter,2003
271017,Eden,2001
271020,The Jimmy Show,2001
271027,Kiss of the Dragon,2001
271136,Quicksand,2003
271137,R3,2003
271193,Sleepwalk,2000
271200,Soul Assassin,2001
271219,Tadpole,2002
271259,Welcome to Collinwood,2002
271263,Eight Crazy Nights,2002
271367,Eight Legged Freaks,2002
271537,Happy Here and Now,2002
271543,Hidden Agenda,2001
271582,Joshua,2002
271668,National Security,2003
271882,You Stupid Man,2002
271885,Zig Zag,2002
271935,August 15th,2001
271945,Absolutely Fabulous,2001
272020,The Last Castle,2001
272068,Dead Dogs Lie,2001
272116,HS - hors service,2001
272152,K-PAX,2001
272196,Monkey Love,2002
272207,Narc,2002
272338,Punch-Drunk Love,2002
272440,According to Spencer,2001
272454,L'Art (délicat) de la séduction,2001
272557,Contagion,2002
272730,The Mesmerist,2002
273041,13th Child,2002
273045,2001: Do Hazaar Ek,1998
273048,30 Years to Life,2001
273069,The Adversary,2002
273148,The Officer's Ward,2001
273300,Jump Tomorrow,2001
273453,Bark!,2002
273498,Choosing Matthias,2001
273517,Darkness,2002
273607,Festival in Cannes,2001
273650,Higher Ed,2001
273689,It's All About Love,2003
273772,Don't Make Trouble!,2001
273799,Max Keeble's Big Move,2001
273822,Mockingbird Don't Sing,2001
273850,My Brother Tom,2001
273851,My Kingdom,2001
273923,Orange County,2002
274024,Quiet Kill,2004
274309,24 Hour Party People,2002
274407,Callas Forever,2002
274491,The Experience Box,2001
274558,The Hours,2002
274643,Made-Up,2002
274711,People I Know,2002
274796,Savage Season,2001
274812,Secretary,2002
274874,South Kensington,2001
274952,Tattoo,1991
275022,Crossroads,2002
275067,Wendigo,2001
275170,The 4th Tenor,2002
275245,Carving Out Our Name,2001
275468,The Last Minute,2001
275491,Bad Education,2004
275527,A Month of Sundays,2001
275611,Witness to a Kill,2001
275688,Snipes,2001
275719,Tape,2001
275772,"Vegas, City of Dreams",2001
275847,Lilo & Stitch,2002
275947,Avenging Angelo,2002
276033,The Country Bears,2002
276140,Fogbound,2002
276263,L.A.X.,2002
276276,Lawless Heart,2001
276354,The Name of This Film Is Dogme95,2000
276428,Puckoon,2002
276437,Rain,2001
276744,13 Moons,2002
276751,About a Boy,2002
276816,Below,2002
276830,Renegade,2004
276860,Chop Suey,2001
276868,Cold Heart,2001
276877,Threat of Exposure,2002
276919,Dogville,2003
277027,I Am Sam,2001
277371,Not Another Teen Movie,2001
277428,Von Trier's 100 Eyes,2000
277434,We Were Soldiers,2002
277561,Alcatraz Is Not an Island,2001
277705,Final,2001
277727,Harley-Davidson: The American Motorcycle,1993
277744,Dead Heat,2002
277790,Landspeed,2002
277941,Ned Kelly,2003
278035,Shooters,2002
278044,Southlander: Diary of a Desperate Musician,2001
278259,.com for Murder,2002
278295,All About the Benjamins,2002
278395,Clover Bend,2002
278422,Buttleman,2003
278435,Enough,2002
278476,He Outta Be Committed,2000
278487,Hotel,2001
278488,How High,2001
278493,I Am Josh Polonski's Brother,2001
278500,The Importance of Being Earnest,2002
278504,Insomnia,2002
278610,Orientations: Chris Doyle - Stirred But Not Shaken,2001
278731,Spider,2002
278736,Stanley Kubrick: A Life in Pictures,2001
278823,Hollywood Ending,2002
279088,Free,2001
279111,Gods and Generals,2003
279113,The Good Girl,2002
279154,Jedermanns Fest,2002
279286,On the Line,2001
279331,Dark Blue,2002
279469,Time of Fear,2002
279493,Undercover Brother,2002
279494,Love Vertigo,2001
279623,Above & Beyond,2001
279721,The Calling,2002
279725,The Faces of the Moon,2002
279778,Divine Secrets of the Ya-Ya Sisterhood,2002
279809,Fatal Conflict,2000
279889,Joe Somebody,2001
280079,The Rough South of Larry Brown,2002
280380,Trapped,2002
280424,Amy's Orgasm,2001
280456,Ball in the House,2001
280460,The Banger Sisters,2002
280477,Better Luck Tomorrow,2002
280486,Bad Company,2002
280490,The Hard Word,2002
280523,Carnage,2002
280590,Mr. Deeds,2002
280605,Dirty Deeds,2002
280609,Dog Soldiers,2002
280665,Femme Fatale,2002
280674,The First $20 Million Is Always the Hardest,2002
280707,Gosford Park,2001
280720,The Guru,2002
280760,Igby Goes Down,2002
280778,Iris,2001
280949,Miranda,2002
280962,Mr In-Between,2001
281253,Tabloid,2001
281322,Undisputed,2002
281358,A Walk to Remember,2002
281370,WillFull,2001
281373,Snow Dogs,2002
281398,The Zeros,2001
281615,Turning Paige,2001
281649,Best Wishes Mason Chadwick,1995
281686,Bubba Ho-Tep,2002
281820,The Good Thief,2002
281865,"Frank McKlusky, C.I.",2002
281924,I Am Dina,2002
281994,Lost Seamen,2003
282120,The Wild Thornberrys Movie,2002
282141,Shimkent hôtel,2003
282209,Darkness Falls,2003
282413,A Touch of Fate,2003
282481,Shattered Lies,2002
282484,"Mafioso: The Father, the Son",2001
282496,Flying Virus,2001
282543,Happy Hour,2003
282552,Riders,2002
282593,I'm with Lucy,2002
282687,Life or Something Like It,2002
282695,Lone Hero,2002
282698,Love Liza,2002
282768,The Emperor's New Clothes,2001
282771,The Mystic Masseur,2001
282880,A Question of Ethics,1992
282891,Behind the Red Door,2003
282945,The Scoundrel's Wife,2002
283003,Spun,2002
283015,Stranded,2001
283026,Swimfan,2002
283054,Thunderpants,2002
283084,Tuck Everlasting,2002
283090,29 Palms,2002
283111,Van Wilder,2002
283139,White Oleander,2002
283160,Extreme Ops,2002
283288,The Château,2001
283422,I'm Going Home,2001
283426,The Jungle Book 2,2003
283452,The Long Ride Home,2003
283453,Lost Junction,2003
283469,Martin & Orloff,2002
283530,The Emperor's Club,2002
283534,The Parole Officer,2001
283574,The Rose Technique,2002
283632,They,2002
283644,Left Behind II: Tribulation Force,2002
283680,West of Here,2002
283832,8 Women,2002
283897,Assassination Tango,2002
283900,L'auberge espagnole,2002
283942,Black Point,2002
283952,Blue Hill Avenue,2001
283991,Children on Their Birthdays,2002
284034,Demonlover,2002
284045,Dead Above Ground,2002
284233,The Keyman,2001
284320,Mother Ghost,2002
284451,Sally,2000
284478,Charlotte Sometimes,2002
284490,Showtime,2002
284491,Don't Tempt Me,2001
284494,Skins,2002
284525,Suddenly Naked,2001
284655,WiseGirls,2002
284693,Sacred Hearts,1985
284769,Askari,2001
284850,The Anarchist Cookbook,2002
284971,Coastlines,2002
284978,Cypher,2002
285175,Havoc,2005
285238,Jacques Cousteau: The First 75 Years,1986
285462,Boat Trip,2002
285487,Crazy as Hell,2002
285531,Dreamcatcher,2003
285547,Epstein's Night,2002
285681,Looking Through Lillian,2002
285727,"Milwaukee, Minnesota",2003
285728,Dahmer,2002
285742,Monster's Ball,2001
285823,Once Upon a Time in Mexico,2003
285861,Owning Mahowny,2003
285869,Pandora's Box,2002
285879,Passionada,2002
285963,Queenie in Love,2001
286058,Secret Passage,2004
286106,Signs,2002
286108,Silence,2002
286162,Stolen Summer,2002
286179,Sunshine State,2002
286261,All or Nothing,2002
286493,The Badge,2002
286499,Bend It Like Beckham,2002
286512,Black Velvet Pantsuit,1995
286516,Respiro,2002
286557,Coney Island Baby,2003
286594,Close Your Eyes,2002
286702,The House Next Door,2002
286716,Hulk,2003
286741,Just Looking,1995
286788,What a Girl Wants,2003
286947,Scorched,2003
287048,Trigger Happy,2001
287425,Emmett's Mark,2002
287439,Women or Children First,2002
287467,Talk to Her,2002
287624,Paradise Found,2003
287645,Rain,2001
287717,Spy Kids 2: Island of Lost Dreams,2002
287733,Straight Into Darkness,2004
287789,Waking in Mississippi,1998
287908,All Jokes Aside,2000
287934,Da wan,2001
287944,Brother's Keeper,2002
287978,Daredevil,2003
288045,The Medallion,2003
288180,Pretzel,2001
288243,Taboo,2002
288324,The Year That Trembled,2002
288439,Bang Bang You're Dead,2002
288477,Ghost Ship,2002
288488,Cover Story,2002
288554,The War in Paris,2002
288584,Junk,2002
288808,Say Nothing,2001
288833,The Sure Hand of God,2004
289043,28 Days Later...,2002
289172,Earth and the American Dream,1992
289213,Guardian,2001
289420,Report from Hollywood,1982
289589,Malevolent,2002
289635,Young Adam,2003
289666,Benders,1994
289668,Between Strangers,2002
289765,Red Dragon,2002
289848,Analyze That,2002
289879,The Butterfly Effect,2004
289889,Carolina,2003
289944,Fear X,2003
289992,The Life of David Gale,2003
290002,Meet the Fockers,2004
290034,The Prince's Trust Rock Gala,1988
290086,Temptation,2003
290145,Blue Car,2002
290210,Max,2002
290212,Full Frontal,2002
290218,Illusion,2004
290219,In the Shadow of the Cobra,2004
290233,A Light in the Darkness,2002
290334,X2: X-Men United,2003
290385,The 20 Teens Who Will Change the World,2001
290435,Nearest to Heaven,2002
290733,Red Moon,2001
290747,Man-Thing,2005
290809,The Landlords,2002
290864,Smoking Herb,2002
290872,Stai con me,2004
291259,The Idol,2002
291265,Instinct to Kill,2001
291295,Kiss My Grits: The Herstory of Women in Punk and Hard Rock,2001
291341,Mean Machine,2001
291392,Novo,2002
291502,Swept Away,2002
291875,Dreams of Trespass,2002
291928,G,2002
292432,Absolute Hundred,2001
292459,The Boys of Sunset Ridge,2001
292485,"Cyclops, Baby",1997
292487,Dark Shadows 30th Anniversary Tribute,1996
292501,Love in the Time of Money,2002
292506,The Recruit,2003
292601,Motorcycle Cheerleading Mommas,1997
292610,No Good Deed,2002
292638,Rebellious,1995
292644,The Rules of Attraction,2002
292707,Superstition,2001
292720,Chaos and Desire,2002
292963,Before the Devil Knows You're Dead,2007
293005,Fancy Dancing,2002
293069,Dark Blood,2012
293116,Jet Lag,2002
293155,Hypnotized and Hysterical (Hairstylist Wanted),2002
293176,Get Well Soon,2001
293357,Local Boys,2002
293495,Rua Alguem 5555: My Father,2003
293508,The Phantom of the Opera,2004
293509,The Piano Player,2002
293563,Rub & Tug,2002
293564,Rush Hour 3,2007
293624,Super Sucker,2002
293660,The Touch,2002
293662,The Transporter,2002
293815,Friday After Next,2002
293899,Perfect Pie,2002
293905,Pulse Pounders,1988
294279,A Loving Father,2002
294357,Beyond Borders,2003
294579,The Flats,2002
294594,The Gathering,2002
294703,Mapmaker,2001
294707,Marujas asesinas,2001
294806,The Keeper: The Legend of Omar Khayyam,2005
294870,Rent,2005
294879,The Biggest Robbery Never Told,2002
295001,Vaya con Dios,2002
295178,Austin Powers in Goldmember,2002
295238,Personal Velocity,2002
295244,Essence of Echoes,2002
295249,The Extreme Team,2003
295254,Feardotcom,2002
295289,A Guy Thing,2003
295297,Harry Potter and the Chamber of Secrets,2002
295389,Left Out,1985
295427,The Master of Disguise,2002
295469,Naked Movie,2002
295480,Nijinsky: The Diaries of Vaslav Nijinsky,2001
295529,Power Play,2003
295552,Rare Birds,2001
295605,Going Shopping,2005
295675,La ville des silences,1979
295700,Wrong Turn,2003
295701,xXx,2002
295718,Take Away,2003
296166,Real Women Have Curves,2002
296572,The Chronicles of Riddick,2004
296711,Kiss the Bride,2002
296845,Little Secrets,2001
297037,Brown Sugar,2002
297162,Half Past Dead,2002
297181,I Spy,2002
297221,Just a Dream,2002
297284,Mindhunters,2004
297389,Poster Boy,2004
297411,The Stoneman,2002
297445,Ultimate X: The Movie,2002
297456,Visionaires,2001
297726,The American Gangster,1992
297753,Kaena: The Prophecy,2003
297884,Far from Heaven,2002
297961,Immaculate Springs,1998
298130,The Ring,2002
298148,Shrek 2,2004
298203,8 Mile,2002
298228,Whale Rider,2002
298337,Free Jimmy,2006
298408,Laurel Canyon,2002
298504,Undertaking Betty,2002
298527,Russian Roulette - Moscow 95,1995
298744,Auto Focus,2002
298798,Cherish,2002
298814,The Core,2003
298845,In America,2002
298856,Evelyn,2002
298903,Heidi,2005
299045,The Movie Hero,2003
299117,Roger Dodger,2002
299135,The Civilization of Maxwell Bright,2005
299172,Home on the Range,2004
299215,Wheelmen,2005
299422,100 Mile Rule,2002
299458,All the Real Girls,2003
299547,Black and White,2002
299622,C-Scam,2000
299641,The Captive: The Longest Drive 2,1976
299658,Chicago,2002
299854,The Escapist,2002
299859,Exposed,2003
299863,Fabled,2002
299930,Gigli,2003
299956,The Blue Room,2002
299977,Hero,2002
300015,I Capture the Castle,2003
300051,Jersey Girl,2004
300196,Mid-Century,2002
300237,Naked,2002
300471,Shanghai Knights,2003
300523,Sweat,2002
300532,Blue Crush,2002
300556,Timeline,2003
300902,Absolon,2003
300968,BachelorMan,2003
301199,Dirty Pretty Things,2002
301265,Dark Assassin,2005
301390,The Heart of Me,2002
301524,The Other Side of the Bed,2002
301563,Love's Brother,2004
301684,Once Upon a Time in the Midlands,2002
301744,The Principles of Lust,2003
301771,Our Italian Husband,2004
301776,Robbing 'Hef,2002
301924,Ten Tiny Love Stories,2002
301976,The United States of Leland,2003
301988,Virtual Insanity,2001
302346,Blanche,2002
302361,Bookies,2003
302436,To Kill a King,2003
302498,Raising Flagg,2006
302531,Endangered Species,2002
302640,The Hot Chick,2002
302674,Gerry,2002
302677,High Speed,2002
302706,The Last Kill,1996
302884,Offspring,1996
302886,Old School,2003
302889,On_Line,2002
303017,Scorcher,2002
303103,Sunstorm,2001
303120,Sólo mía,2001
303144,Throttle,2002
303155,Transplant,1994
303361,May,2002
303648,Anacardium,2001
303661,Anita & Me,2002
303714,Barbershop,2002
303758,Betrayal,2003
303816,Cabin Fever,2002
303830,Casa de los babys,2003
303860,Changing Hearts,2002
303933,Drumline,2002
304081,Gigantic (A Tale of Two Johns),2002
304141,Harry Potter and the Prisoner of Azkaban,2004
304229,Japanese Story,2003
304328,Levity,2003
304415,Mona Lisa Smile,2003
304458,Nantucket,2002
304514,The Pact,2003
304547,Small Cuts,2003
304574,Posers,2002
304638,Rolling Kansas,2003
304678,Sex Is Comedy,2002
304685,Sentimental Education,1998
304711,The Order,2003
304857,Two Men Went to War,2002
304907,Life Kills Me,2002
305224,Anger Management,2003
305357,Charlie's Angels: Full Throttle,2003
305556,Evil Alien Conquerors,2003
305568,Fanfan,2003
305569,Happiness Costs Nothing,2003
305583,A Foreign Affair,2003
305632,Fascination,2004
305669,Bringing Down the House,2003
305711,Just Married,2003
305747,The Last Summer,2004
305831,Mindstorm,2001
305858,Funny Valentine,2005
305973,Sonny,2002
305999,The Rage in Placid Lake,2003
306011,Resistance,2003
306047,Scary Movie 3,2003
306203,Voice of the Voiceless,2001
306427,The 3 Kings,2000
306432,My Mother Likes Women,2002
306582,Body Count,1994
306597,Brother to Brother,2004
306685,Cradle 2 the Grave,2003
306734,The Divorce,2003
306892,George and the Dragon,2004
307156,Michel Vaillant,2003
307343,À ton image,2004
307351,Prey for Rock & Roll,2003
307453,Shark Tale,2004
307466,Sin,2003
307479,Solaris,2002
307507,The Stickup,2002
307553,Tempo,2003
307568,Time of the Wolf,2002
307590,Treading Water,2002
307639,Virginia's Run,2002
307901,25th Hour,2002
307919,The Actors,2003
307923,Adolphe,2002
307987,Bad Santa,2003
307989,Badger,2002
308055,Bobby,2006
308152,Dead End,2003
308208,Ballistic: Ecks vs. Sever,2002
308252,Fear of the Dark,2003
308353,Happily N'Ever After,2006
308383,The Human Stain,2003
308439,The Joy of Natural Childbirth,1985
308488,This So-Called Disaster: Sam Shepard Directs the Late Henry Moss,2003
308496,Leo,2002
308514,Lost in La Mancha,2002
308644,Finding Neverland,2004
308772,Pure,2002
308791,The Sleeping Wife,2001
308878,The Shape of Things,2003
308983,Stormy Weather,2003
309377,Blood Work,2002
309510,Devil's Gate,2003
309530,Down with Love,2003
309531,Downtown: A Street Tale,2004
309593,Final Destination 2,2003
309600,Food of Love,2002
309698,Identity,2003
309820,Luther,2003
309872,Whatever You Say,2002
309912,Nicholas Nickleby,2002
309987,The Dreamers,2003
310017,For the Love of the Sky,2000
310049,Rebel Yell,2000
310181,Witches to the North,2001
310203,Ruby & Quentin,2003
310281,A Mighty Wind,2003
310357,Willard,2003
310596,Aftermath,2002
310741,Moving Alan,2003
310778,Bon voyage,2003
310793,Bowling for Columbine,2002
310906,The Commission,2003
310910,Confidence,2003
310924,Crime Spree,2003
310935,Crónica íntima,1979
311072,En la ciudad sin límites,2002
311110,It Runs in the Family,2003
311113,Master and Commander: The Far Side of the World,2003
311289,Holes,2003
311376,Junket Whore,1998
311429,The League of Extraordinary Gentlemen,2003
311530,Missing Brendan,2003
311648,Pieces of April,2003
311653,Ilaria Alpi - Il più crudele dei giorni,2003
311850,Spanish Fly,2002
311863,Stealing Sinatra,2003
311866,Storm Watch,2002
311941,Try Seventeen,2002
312004,Wallace & Gromit: The Curse of the Were-Rabbit,2005
312243,Various Positions,2002
312305,Quantum Quest: A Cassini Space Odyssey,2010
312329,Against the Ropes,2004
312528,The Cat in the Hat,2003
312549,Veronica Guerin,2003
312609,Den of Lions,2003
312617,Detonator,2003
312697,Lighthouse Hill,2004
312700,The Foreigner,2003
312758,Herman Melville: Damned in Paradise,1985
312843,Suicide Club,2001
312943,The Making of Bret Michaels,2002
313245,Back by Midnight,2004
313250,Baltic Storm,2003
313265,A Bedfull of Foreigners,1998
313300,The Blue Butterfly,2004
313443,Out of Time,2003
313459,Paris,2003
313503,Punch,2002
313542,Runaway Jury,2003
313717,Topa Topa Bluffs,2002
313737,Two Weeks Notice,2002
313792,Anything Else,2003
314039,The Event,2003
314063,Immortal,2004
314180,Hoodlum & Son,2003
314197,Imagining Argentina,2003
314331,Love Actually,2003
314353,Tears of the Sun,2003
314412,My Life Without Me,2003
314416,Mystics,2003
314431,Hope Springs,2003
314498,The Perfect Score,2004
314630,The Secret Lives of Dentists,2002
314676,The Singing Detective,2003
314786,The In-Laws,2003
314871,Washington Heights,2002
314877,Weddings of a Lifetime: Dream Weddings on a Budget,2002
315206,Ball & Chain,2004
315297,Twisted,2004
315327,Bruce Almighty,2003
315411,Claustrophobia,2003
315431,Constellation,2005
315459,Dallas 362,2003
315466,Day of the Sirens,2002
315733,21 Grams,2003
315824,The Big Bounce,2004
315983,House of Sand and Fog,2003
316219,Manhood,2003
316356,Open Range,2003
316465,Radio,2003
316653,Spider's Web,2002
316654,Spider-Man 2,2004
316740,Temporary Girl,1998
316768,Tiptoes,2003
316809,Tuesday Never Comes,1992
316818,Tèt Grenné,2002
316824,In Enemy Hands,2004
316904,Written in Blood,2003
317042,One Point O,2004
317124,The Bay of Love and Sorrows,2002
317132,Because of Winn-Dixie,2005
317198,Bridget Jones: The Edge of Reason,2004
317219,Cars,2006
317303,Daddy Day Care,2003
317309,Dama de Porto Pim,2001
317640,The Hebrew Hammer,2003
317648,Hidalgo,2004
317705,The Incredibles,2004
317740,The Italian Job,2003
317919,Mission: Impossible III,2006
317950,Nola,2003
317985,Pehla Pehla Pyar,1994
318045,"Scene Smoking: Cigarettes, Cinema & the Myth of Cool",2001
318049,Searching for Debra Winger,2002
318077,The Small Hours,1997
318081,A Sound of Thunder,2005
318155,Looney Tunes: Back in Action,2003
318176,Welcome to America,2002
318181,Water's Edge,2003
318183,William Shakespeare,2000
318283,Alex & Emma,2003
318374,The Cooler,2003
318462,The Motorcycle Diaries,2004
318507,"Nude, Descending...",2002
318627,Resident Evil: Apocalypse,2004
318649,Sahara,2005
318761,Thumbsucker,2005
318974,The Alamo,2004
319061,Big Fish,2003
319262,The Day After Tomorrow,2004
319343,Elf,2003
319397,Fairytales and Pornography,2002
319470,The Guys,2002
319524,How to Deal,2003
319531,I'll Sleep When I'm Dead,2003
319767,Luck,2003
319829,Masked and Anonymous,2003
320159,The Night We Called It a Day,2003
320244,Party Monster,2003
320553,Swatters,2002
320661,Kingdom of Heaven,2005
320668,Two Days,2003
320691,Underworld,2003
321442,The Big Empty,2003
321858,30 Days,2006
322023,"Die, Mommie, Die!",2003
322082,The Red Knight,2003
322241,Fallen Angels,2002
322259,2 Fast 2 Furious,2003
322330,Freaky Friday,2003
322589,Honey,2003
322621,Hey DJ,2003
322651,Dream Warrior,2003
322659,Northfork,2003
322676,Bob Hope's Unrehearsed Antics of the Stars,1984
322700,I Love Your Work,2003
322830,Eros Therapy,2004
322831,"Jean-Louis Barrault, un homme de théâtre",1983
323033,Laws of Attraction,2004
323465,Octane,2003
323571,Nemesis Game,2003
323572,Chasing Papi,2003
323576,Illusion Infinity,2004
323807,"Remember Me, My Love",2003
323944,Shattered Glass,2003
324127,Suspect Zero,2004
324133,Swimming Pool,2003
324197,Time of the Wolf,2003
324216,The Texas Chainsaw Massacre,2003
324550,Why,1973
324554,Wicker Park,2004
324619,Spinning Boris,2003
324952,3 Blind Mice,2003
325007,April's Shower,2003
325015,Artworks,2003
325018,As Virgins Fall,2003
325030,It's Easier for a Camel...,2003
325055,Sylvia,2003
325123,Bright Young Things,2003
325214,Curse of the Forty-Niner,2002
325258,Dickie Roberts: Former Child Star,2003
325537,Head of State,2003
325596,The I Inside,2004
325651,"Jesus, Mary and Joey",2005
325703,Lara Croft Tomb Raider: The Cradle of Life,2003
325710,The Last Samurai,2003
325761,Luster,2002
325805,Matchstick Men,2003
325948,Le pacte du silence,2003
325980,Pirates of the Caribbean: The Curse of the Black Pearl,2003
326065,Rhinoceros Eyes,2003
326194,Speakeasy,2002
326208,Stander,2003
326292,The Tollbooth,2004
326367,Her Name Is Carla,2005
326425,Until the Violence Stops,2003
326449,Zona Zamfirova,2002
326664,Swimming Upstream,2003
326716,5-25-77,2017
326769,Biker Boyz,2003
326806,Civil Brand,2002
326828,A Different Loyalty,2004
326835,Dot the I,2003
326856,Envy,2004
326900,Good Boy!,2003
326905,The Great Raid,2005
326965,In My Sleep,2010
326976,Intoxicating,2003
327056,Mystic River,2003
327084,Over the Hedge,2006
327137,Secondhand Lions,2003
327162,The Stepford Wives,2004
327210,Uncle Nino,2003
327247,The Whole Ten Yards,2004
327409,Alien Hunter,2003
327437,Around the World in 80 Days,2004
327554,Catwoman,2004
327597,Coraline,2009
327665,"Spin, Shoot & Run",2003
327679,Ella Enchanted,2004
327850,The Rundown,2003
327940,In Your Face,2002
328077,Love Object,2003
328099,Malibu's Most Wanted,2003
328107,Man on Fire,2004
328121,Crazy for Love,2005
328390,Second Best,2004
328538,Thirteen,2003
328547,The Quality of Light,2003
328589,Under the Tuscan Sun,2003
328828,American Wedding,2003
328868,Firefight,2003
328875,Raising Genius,2004
329028,Dumb and Dumberer: When Harry Met Lloyd,2003
329030,The Dust Factory,2004
329101,Freddy vs. Jason,2003
329162,Devil's Pond,2003
329177,Dawn of a New Day: The Man Behind VHS,2002
329216,I Witness,2003
329226,Inviati speciali,2000
329276,Laguna,2001
329297,American Girl,2002
329493,"Peor imposible, ¿qué puede fallar?",2002
329502,The Poet,2003
329539,Rice Girl,2014
329572,Shattered Glass,2002
329575,Seabiscuit,2003
329584,Feelings,2003
329717,Hollywood Homicide,2003
329774,xXx: State of the Union,2005
330039,The Baroness and the Pig,2002
330065,The Biz,2002
330094,Bringing Rain,2003
330099,The Brown Bunny,2003
330111,The Calcium Kid,2004
330175,Corn,2004
330203,Net Games,2003
330333,Global Effect,2002
330373,Harry Potter and the Goblet of Fire,2005
330602,Mambo Italiano,2003
330702,Don't Move,2004
330793,The Punisher,2004
331026,Under Cover of Darkness,1992
331042,The Utopian Society,2003
331282,Little Night Music,2002
331314,Bunyan and Babe,2017
331338,16 Years of Alcohol,2003
331468,Cold Creek Manor,2003
331476,Echoes That Remain,1991
331509,Funky Monkey,2004
331525,The Intended,2002
331632,Scooby-Doo 2: Monsters Unleashed,2004
331811,11:14,2003
331933,Man of the House,2005
331952,The Clearing,2004
331953,Club Dread,2004
332129,A House on a Hill,2001
332167,Justice,2003
332220,The Low Budget Time Machine,2003
332280,The Notebook,2004
332281,Happy End,2003
332285,Off the Map,2003
332318,Pinocchio 3000,2004
332375,Saved!,2004
332379,School of Rock,2003
332452,Troy,2004
332658,Intermission,2003
332712,My Baby's Daddy,2004
332720,The Original Latin Kings of Comedy,2002
332741,Rosy-Fingered Dawn: a Film on Terrence Malick,2002
333766,Garden State,2004
333780,"Legally Blonde 2: Red, White & Blonde",2003
335013,The Company,2003
335119,Girl with a Pearl Earring,2003
335121,Godsend,2004
335126,Grand Champion,2002
335245,The Ladykillers,2004
335266,Lost in Translation,2003
335345,The Passion of the Christ,2004
335351,Little Lili,2003
335426,Loving Glances,2003
335438,Starsky & Hutch,2004
335559,Win a Date with Tad Hamilton!,2004
335563,Wonderland,2003
336432,Only Girls,2003
337103,Crimson Rivers 2: Angels of the Apocalypse,2004
337540,Charlie,2004
337563,13 Going on 30,2004
337579,Barbershop 2: Back in Business,2004
337585,Bomb the System,2002
337626,Ghost Rock,2003
337631,The Boys & Girl from County Clare,2003
337640,Hollywood North,2003
337646,The Inner Circle,2005
337656,Keep Your Distance,2005
337659,LD 50 Lethal Dose,2003
337692,On the Road,2012
337697,The Prince and Me,2004
337706,Road to Sundance,2000
337711,Rugrats Go Wild,2003
337717,Shelter Island,2003
337721,The Snow Walker,2003
337741,Something's Gotta Give,2003
337744,Vlad,2003
337837,Banana Brothers,2003
337876,Birth,2004
337879,Blackball,2003
337881,Blind Horizon,2003
337917,Catch That Kid,2004
337921,Cellular,2004
337923,Chaos and Cadavers,2003
337960,Danny Deckchair,2003
337976,Devil's Knight,2003
337978,Live Free or Die Hard,2007
338001,Emile,2003
338013,Eternal Sunshine of the Spotless Mind,2004
338075,Grand Theft Parsons,2003
338077,Grind,2003
338094,The Haunted Mansion,2003
338096,Dirty Dancing: Havana Nights,2004
338097,Head in the Clouds,2004
338133,Dandelion,2004
338159,Jericho Mansions,2003
338177,Klepto,2003
338188,The Missing,2003
338216,Lucky You,2007
338300,Oh Marbella!,2003
338325,Paparazzi,2004
338337,Paycheck,2003
338348,The Polar Express,2004
338395,The Root,2003
338419,Season of Youth,2003
338427,Shopgirl,2005
338440,Skagerrak,2003
338459,Spy Kids 3-D: Game Over,2003
338466,Stuck on You,2003
338495,They Call Him Sasquatch,2003
338512,Two Brothers,2004
338526,Van Helsing,2004
338751,The Aviator,2004
338806,Warrior Queen,2003
338817,The Bronze Screen: 100 Years of the Latino Image in American Cinema,2002
338873,The Company You Keep,2003
339002,Final Draft,2003
339086,Goose on the Loose,2006
339291,Lemony Snicket's A Series of Unfortunate Events,2004
339323,"Lovely Rita, sainte patronne des cas désespérés",2003
339334,Dougal,2005
339357,The Story of Marie and Julien,2003
339412,Mr 3000,2004
339419,The Mudge Boy,2003
339507,Peoples,2004
339607,Mail Order Bride,2003
339642,Daltry Calhoun,2005
339707,Song for a Raggy Boy,2003
339727,Stateside,2004
339736,The Evil Within,2017
339771,Temptation,2004
339827,Twist,2003
339882,It's Better to Be Wanted for Murder Than Not to Be Wanted at All,2003
340012,Being Julia,2004
340084,The Drop,2006
340086,Labyrinth,2003
340096,The Emperor's Wife,2003
340161,Homework,2004
340163,Hostage,2005
340178,Jaal: The Trap,2003
340181,Janis and John,2003
340239,Meanwhile in Santa Monica,1988
340376,The Statement,2003
340377,The Station Agent,2003
340855,Monster,2003
340919,Puerto Vallarta Squeeze,2004
341372,Gate to Heaven,2003
341376,Gettin' Square,2003
341569,Self Medicated,2005
342207,Citizen Verdict,2003
342258,Unleashed,2005
342272,Dear Wendy,2005
342275,A Decade Under the Influence,2003
342508,Hangman's Curse,2003
342735,Manderlay,2005
343129,Unchained Memories: Readings from the Slave Narratives,2003
343135,Along Came Polly,2004
343168,The Weather Underground,2002
343173,What I Want My Words to Do to You: Voices from Inside a Women's Maximum Security Prison,2003
343524,That Day,2003
343554,Cross My Heart,2003
343660,50 First Dates,2004
343663,Eros,2004
343737,The Good Shepherd,2006
343818,"I, Robot",2004
343962,Latin Dragon,2004
343967,Bare Ground,2003
343996,The Lost City,2005
344510,A Very Long Engagement,2004
344723,Southern Cross,2004
344777,Six: The Mark Unleashed,2004
344854,Arthur and the Invisibles,2006
345032,The Keys to the House,2004
345061,Code 46,2003
345074,Connie and Carla,2004
345177,Ek Doctor Ki Maut,1990
345185,In the City,2003
345228,Open Window,2006
345601,Machine,2007
345950,The SpongeBob SquarePants Movie,2004
346156,Sky Captain and the World of Tomorrow,2004
346491,Alexander,2004
346562,Bad Meat,2004
346631,Blood and Bone,2009
346794,A Constant Forge,2000
347037,The Galíndez File,2003
347056,Les gens honnêtes vivent en France,2005
347167,The Hero: Love Story of a Spy,2003
347369,Jiminy Glick in Lalawood,2004
347458,La légende de Parva,2003
347484,Malefemmene,2001
347755,Peaches,2004
347817,A Problem with Fear,2003
347884,Road,2005
348060,The Snow Queen,1995
348121,Steamboy,2004
348129,Street Rats,1996
348150,Superman Returns,2006
348333,Waiting...,2005
348505,Asylum,2005
348572,The Cost of Living,2003
348593,The Door in the Floor,2004
348836,Gothika,2003
348841,I'm Staying!,2003
348853,Nathalie...,2003
348866,Rockets Redglare!,2003
349076,South from Granada,2003
349169,Breakin' All the Rules,2004
349205,Cheaper by the Dozen,2003
349260,In My Country,2004
349416,Eulogy,2004
349467,Freedomland,2006
349683,King Arthur,2004
349710,Ladder 49,2004
349825,Miracle,2004
349889,Unstoppable,2004
349903,Ocean's Twelve,2004
350022,Quigley,2003
350028,Raising Helen,2004
350194,Teacher's Pet,2004
350258,Ray,2004
350261,An Unfinished Life,2005
350357,Your Guardian,2001
350596,Beah: A Black Woman Speaks,2003
350651,La boîte à soleil,1988
350774,Dead & Breakfast,2004
351265,The Lucky Ones,2003
351283,Madagascar,2005
351867,Thirteen Chimes,2002
351977,Walking Tall,2004
352019,Zoo Ship,1985
352155,Al Borde,1998
352248,Cinderella Man,2005
352277,De-Lovely,2004
352394,Hellborn,2003
352520,The Life and Death of Peter Sellers,2004
352621,The Nazi Officer's Wife,2003
353122,Beyond Borders: John Sayles in Mexico,2003
353324,The Crow: Wicked Prayer,2005
353357,Day of Wrath,2006
353373,Double Frame,2000
353436,Al cuore si comanda,2003
353489,Ginger Snaps 2: Unleashed,2004
353546,I Think I Cannes,1997
354502,Devil's Harvest,2003
354578,Fighting Words,2007
354595,The Game of Their Lives,2005
354766,Never Die Alone,2004
354899,The Science of Sleep,2006
354953,Les amateurs,2003
355295,The Brothers Grimm,2005
355702,Lords of Dogtown,2005
355954,Riding the Bullet,2004
356336,Secret Agents,2004
356443,The Bridge of San Luis Rey,2004
356515,Death and Texas,2004
356618,The Forgotten,2004
356634,Garfield,2004
356680,The Family Stone,2005
356721,I Heart Huckabees,2004
356764,The Job,2003
356910,Mr. & Mrs. Smith,2005
356922,The Mystery of the Yellow Room,2003
356999,Not on the Lips,2003
357054,The Last Shot,2004
357091,Red Roses and Petrol,2003
357110,The Ballad of Jack and Rose,2005
357111,RRRrrrr!!!,2004
357182,Rx,2005
357277,Elektra,2005
357413,Anchorman: The Legend of Ron Burgundy,2004
357470,The Battle of Shaker Heights,2003
357545,The Chosen One,2007
357608,Dogville Confessions,2003
357668,Sky Kids,2008
357848,The Straun House,2005
357894,Silver Hawk,2004
358012,Peoria Babylon,1997
358082,Robots,2005
358135,Shall We Dance,2004
358273,Walk the Line,2005
358294,Into the Sun,2005
358349,Agent Cody Banks 2: Destination London,2004
358648,Preservation,2003
358722,Swing,2003
359013,Blade: Trinity,2004
359024,The Box,2003
359078,Churchill: The Hollywood Years,2004
359203,"Easy Riders, Raging Bulls: How the Sex, Drugs and Rock 'N' Roll Generation Saved Hollywood",2003
359358,Guardians of the Clouds,2004
359423,A Home at the End of the World,2004
359517,Johnson Family Vacation,2004
359715,My Best Friend's Birthday,1987
359774,One Last Ride,2004
359930,Sam & Joe,2004
359950,The Secret Life of Walter Mitty,2013
359984,Silence Becomes You,2005
360009,Spartan,2004
360016,Standing Still,2005
360130,Undertow,2004
360139,Chasing Liberty,2004
360201,Wimbledon,2004
360323,10th & Wolf,2006
360486,Constantine,2005
360717,King Kong,2005
360798,Tom White,2004
360957,Water Under the Bridge,2003
361089,Valiant,2005
361127,The Woodsman,2004
361309,We Don't Live Here Anymore,2004
361354,Beef,2003
361399,Blast,2004
361411,Bride & Prejudice,2004
361467,Confessions of a Teenage Drama Queen,2004
361500,Delgo,2008
361620,First Daughter,2004
361693,Happy Endings,2005
361696,Raise Your Voice,2004
361715,Duma,2005
361746,Inaam Dus Hazaar,1987
361748,Inglourious Basterds,2009
361786,Heart's Affair,2006
361805,Knots,2004
361841,Little Black Book,2004
361852,Love Hollywood Style,2006
361862,The Machinist,2004
361925,Welcome to Mooseport,2004
362004,Palindromes,2004
362118,Sawtooth,2004
362120,Scary Movie 4,2006
362129,Seeing Other People,2004
362174,Spin,2003
362227,The Terminal,2004
362265,Une vie à t'attendre,2004
362269,Kinsey,2004
362270,The Life Aquatic with Steve Zissou,2004
362421,Ash Tuesday,2003
362478,The Box,2009
362506,Chrystal,2004
362526,Criminal,2004
362586,Easy Six,2003
362590,Employee of the Month,2004
362674,Gangvaa,1984
362820,The Librarians,2003
362993,The Deep and Dreamless Sleep,2006
363029,Rick,2003
363095,Freeze Frame,2004
363143,Trauma,2004
363163,Downfall,2004
363168,The Uttmost,1998
363276,Madhouse,2004
363282,New York Minute,2004
363403,Amberwaves,1994
363473,Beyond the Sea,2004
363475,Black Cloud,2004
363504,Bigger Than the Sky,2005
363532,Intimate Strangers,2004
363547,Dawn of the Dead,2004
363771,"The Chronicles of Narnia: The Lion, the Witch and the Wardrobe",2005
363780,Lymelife,2008
363826,My Father Is an Engineer,2004
363913,King of the Corner,2004
363921,Raeeszada,1990
363972,Sadak Chhap,1987
363988,Secret Window,2004
364045,Taking Lives,2004
364093,A Talking Picture,2003
364343,The Final Cut,2004
364435,Jailbait,2004
364457,The Keeper,2004
364556,Neo Ned,2005
364725,Dodgeball: A True Underdog Story,2004
364751,Without a Paddle,2004
364914,2BPerfectlyHonest,2004
364930,Aileen: Life and Death of a Serial Killer,2003
364955,Art School Confidential,2006
364961,The Assassination of Richard Nixon,2004
364970,Babylon A.D.,2008
365052,Charlie's War,2003
365089,The Red Colored Grey Truck,2004
365125,A Dirty Shame,2004
365183,Falling Angels,2003
365265,Ginger Snaps Back: The Beginning,2004
365296,Hair High,2004
365407,Kill the Poor,2003
365410,Kiss of Life,2003
365480,Marie and Bruce,2004
365485,The Matador,2005
365675,The Red Baron,2008
365686,Revolver,2005
365737,Syriana,2005
365748,Shaun of the Dead,2004
365885,The Upside of Anger,2005
365903,Vyzilý Boudník,1991
365907,A Walk Among the Tombstones,2014
365929,Whiteout,2009
365938,Winter Solstice,2004
366518,Breaking Dawn,2004
366548,Happy Feet,2006
366551,Harold & Kumar Go to White Castle,2004
366598,I Accuse,2003
366625,Spaghetti Requiem,2001
366627,The Jacket,2005
366750,The Bouncer,2003
366860,Out of Season,2004
366917,Sunday Lunch,2003
367085,Soul Plane,2004
367088,Spymate,2003
367089,The Squid and the Whale,2005
367097,Straight-Jacket,2004
367098,Under a False Name,2004
367153,Toolbox Murders,2004
367188,Modigliani,2004
367232,Intern Academy,2004
367479,After the Sunset,2004
367587,Cavedweller,2004
367594,Charlie and the Chocolate Factory,2005
367652,Deuce Bigalow: European Gigolo,2005
367677,Dracula 3000,2004
367714,Exist,2004
367790,Baadasssss!,2003
367878,Os Imortais,2003
367882,Indiana Jones and the Kingdom of the Crystal Skull,2008
367959,Hannibal Rising,2007
368008,The Manchurian Candidate,2004
368089,November,2004
368222,Romance & Cigarettes,2005
368343,Three Way,2004
368447,The Village,2004
368563,Possession,2008
368571,Americano,2005
368578,Are We There Yet?,2005
368658,Stage Beauty,2004
368662,Crab Orchard,2005
368688,Direct Action,2004
368689,Take a Deep Breath,2004
368709,Elizabethtown,2005
368794,I'm Not There,2007
368836,The Lazarus Child,2005
368876,Moving Malcolm,2003
368891,National Treasure,2004
368933,The Princess Diaries 2: Royal Engagement,2004
368975,Sleepover,2004
369053,Separate Lies,2005
369213,Actors in War,2005
369226,Alone in the Dark,2005
369294,Killer Diller,2004
369339,Collateral,2004
369436,Four Christmases,2008
369441,Fun with Dick and Jane,2005
369610,Jurassic World,2015
369672,A Love Song for Bobby Long,2004
369735,Monster-in-Law,2005
369880,Il ronzio delle mosche,2003
370032,Ultraviolet,2006
370263,Alien vs. Predator,2004
370986,Mysterious Skin,2004
371050,Out of This World,2004
371212,Shooting Livien,2005
371246,Spanglish,2004
371257,Stay,2005
371405,Window Theory,2005
371606,Chicken Little,2005
371724,The Hitchhiker's Guide to the Galaxy,2005
371739,The Zodiac,2005
371746,Iron Man,2008
371878,Piccadilly Jim,2004
371937,Scorched,2003
371939,Secuestro express,2005
372122,Adam & Steve,2005
372183,The Bourne Supremacy,2004
372215,Clipping Adam,2004
372237,Guess Who,2005
372238,Dinotopia: Quest for the Ruby Sunstone,2005
372303,The Good Shepherd,2004
372334,House of D,2004
372346,Iowa,2005
372532,The Wedding Date,2005
372784,Batman Begins,2005
372873,Dragon Wars: D-War,2007
373024,Imaginary Heroes,2004
373028,In Your Dreams,2008
373051,Journey to the Center of the Earth,2008
373066,The Kissing Booth,1988
373389,Tibet: Cry of the Snow Lion,2002
373416,Underclassman,2005
373445,The Wendell Baker Story,2005
373450,Where the Truth Lies,2005
373469,Kiss Kiss Bang Bang,2005
373690,Arsène Lupin,2004
373883,Halloween,2007
373889,Harry Potter and the Order of the Phoenix,2007
373908,The Honeymooners,2005
373926,The Interpreter,2005
373970,Khanjar,2003
374018,Man About Dog,2004
374180,Romasanta: The Werewolf Hunt,2004
374197,Saving Egyptian Film Classics,2002
374248,Strings,2004
374277,Touch of Pink,2004
374496,America Brown,2004
374536,Bewitched,2005
374569,Che: Part Two,2008
374584,Control,2004
374621,Lenny the Wonder Dog,2005
374707,Herencia maldita,1987
374853,Malice in Wonderland,2009
374900,Napoleon Dynamite,2004
375040,San Antonio,2004
375063,Sideways,2004
375104,Bobby Jones: Stroke of Genius,2004
375154,Tristan + Isolde,2006
375172,Until the Night,2004
375173,Alfie,2004
375210,White Noise,2005
375520,60 Spins Around the Sun,2003
375568,Astro Boy,2009
375663,A Closer Walk,2003
375679,Crash,2004
375735,Enduring Love,2004
375785,Gray Matters,2006
375824,Human Touch,2004
375912,Layer Cake,2004
375920,The Libertine,2004
376006,Book of Love,2004
376105,Racing Stripes,2005
376108,Rebound,2005
376136,The Rum Diary,2011
376181,Shadows in the Sun,2005
376196,Slow Burn,2005
376296,Tramp,1994
376479,American Pastoral,2016
376541,Closer,2004
376559,The Day My God Died,2003
376720,The Last Run,2004
376827,Pizza,2005
376858,Roberto Rossellini: Frammenti e battute,2001
376890,Silver City,2004
376994,X-Men: The Last Stand,2006
377043,The Californians,2005
377057,Elvis Has Left the Building,2004
377062,Flight of the Phoenix,2004
377080,The Hook,2004
377084,Ladies in Lavender,2004
377091,Mean Creek,2004
377092,Mean Girls,2004
377107,Proof,2005
377109,The Ring Two,2005
377119,Jester Till,2003
377320,A-List,2006
377471,Be Cool,2005
377607,Caught in the Headlights,2005
377749,Dead Birds,2004
377752,Dear Frankie,2004
377800,Don't Come Knocking,2005
377818,The Dukes of Hazzard,2005
377864,Erosion,2005
377981,Gnomeo & Juliet,2011
378109,Into the Blue,2005
378194,Kill Bill: Vol. 2,2004
378306,Shadow of Fear,2004
378453,"It's Not You, It's Me",2004
378565,Born Killers,2005
378661,They Came Back,2004
378781,So Close to Home,2003
378793,Speak,2004
378804,State's Evidence,2004
378816,Stripped Down,2006
378947,Melinda and Melinda,2004
379184,Blackballed: The Bobby Dukes Story,2004
379217,Coffee and Cigarettes,2003
379240,Dead Fish,2005
379270,Easy,2003
379306,A Good Woman,2004
379341,Ghosts Never Sleep,2005
379370,Maqbool,2003
379380,Method,2004
379463,A Dot and a Line,2004
379473,Ringers: Lord of the Fans,2005
379561,"The Tulse Luper Suitcases, Part 3: From Sark to the Finish",2004
379708,Bailey's Billion$,2005
379725,Capote,2005
379765,Drum,2004
379786,Serenity,2005
379790,The Freediver,2004
379865,Leatherheads,2008
379889,The Merchant of Venice,2004
379918,Oyster Farmer,2004
379976,Savage Grace,2007
380201,Back in the Day,2005
380215,Bereft,2004
380281,Cosas que hacen que la vida valga la pena,2004
380323,Dos tipos duros,2003
380349,L'enquête corse,2004
380389,Goal! The Dream Begins,2005
380420,Freshman Orientation,2004
380510,The Lovely Bones,2009
380599,Oliver Twist,2005
380609,P.S.,2004
380687,Satan's Little Helper,2004
380817,Winter Passing,2005
381061,Casino Royale,2006
381104,Just Trust,2004
381270,...And They Lived Happily Ever After,2004
381361,The Last Sign,2005
381429,Somersault,2004
381469,On the Edge,2002
381505,Pretty Persuasion,2005
381601,Slipstream,2005
381633,Apologies to Bunuel,1996
381690,Heading South,2005
381717,Yes,2004
381720,Zeyda and the Hitman,2004
381849,3:10 to Yuma,2007
381971,Curious George,2006
382053,The Good Humor Man,2005
382073,Heights,2005
382077,Hide and Seek,2005
382097,Swindled,2004
382180,My Name Is Bach,2003
382189,My Summer of Love,2004
382382,Things to Do Before You're 30,2005
382534,American Daylight,2004
382561,Hair Show,2004
382579,Boppin' at the Glue Factory,2009
382621,Cronicas,2004
382625,The Da Vinci Code,2006
382628,Dark Water,2005
382717,Life of the Party,2005
382761,Jennifer's Shadow,2004
382765,Jindabyne,2006
382810,Little Fish,2005
382932,Ratatouille,2007
382966,See This Movie,2004
382992,Stealth,2005
383010,The Three Stooges,2012
383028,"Synecdoche, New York",2008
383041,About the Looking for and the Finding of Love,2005
383060,Zoom,2006
383216,The Pink Panther,2006
383222,BloodRayne,2005
383304,Deepwater,2005
383478,Love Comes to the Executioner,2006
383491,Mall Cop,2005
383534,Noel,2004
383574,Pirates of the Caribbean: Dead Man's Chest,2006
383648,Sueño,2005
383717,Wilby Wonderful,2004
383966,Cause toujours!,2004
384037,Love on the Side,2004
384212,Admissions,2004
384279,Lennie Cahill Shoots Through,2003
384286,Cry Wolf,2005
384488,Saint Ralph,2004
384533,She Hate Me,2004
384537,Silent Hill,2006
384642,Kicking & Screaming,2005
384680,The Weather Man,2005
384683,What We Do Is Secret,2007
384686,The White Countess,2005
384699,Missing in America,2005
384793,Accepted,2006
384806,The Amityville Horror,2005
384810,Around the Bend,2004
384814,Ask the Dust,2006
384929,The Dying Gaul,2005
385002,Green Street Hooligans,2005
385006,How the Garcia Girls Spent Their Summer,2005
385017,In My Father's Den,2004
385056,Lonesome Jim,2005
385057,The Long Weekend,2005
385267,In Good Company,2004
385290,Timbuktu,2004
385307,Miss Congeniality 2: Armed & Fabulous,2005
385726,Glory Road,2006
385727,The Godfather of Green Bay,2005
385752,The Golden Compass,2007
385813,A Killer Within,2004
385887,Motherless Brooklyn,2019
385933,Le parfum de la dame en noir,2005
385969,Pursued,2004
385990,Retrograde,2004
386117,Where the Wild Things Are,2009
386140,The Legend of Zorro,2005
386504,Haven,2004
386534,Inside Out,2005
386582,Aftermath,2004
386588,Hitch,2005
386693,Say It in Russian,2007
386741,Renaissance,2006
386751,The River King,2005
386858,Welcome to Switzerland,2004
387037,Aurora Borealis,2005
387059,Bee Season,2005
387117,Childstar,2004
387131,The Constant Gardener,2005
387358,The Iris Effect,2005
387514,Prime,2005
387564,Saw,2004
387575,Seed of Chucky,2004
387808,Idiocracy,2006
387810,With George Bush on My Mind,2003
387877,The Black Dahlia,2006
387898,Caché,2005
387973,Debating Robert Lee,2004
388056,Family of the Year,2004
388125,In Her Shoes,2005
388182,King of California,2007
388183,King's Ransom,2005
388193,The L.A. Riot Spectacular,2005
388209,The Lost Angel,2005
388213,Loverboy,2005
388285,Going the Distance,2004
388288,My First Wedding,2006
388364,Red Dust,2004
388377,River Queen,2005
388419,Christmas with the Kranks,2004
388482,Transporter 2,2005
388500,Beauty Shop,2005
388526,Another Life,2004
388776,Blind Curve,1988
388795,Brokeback Mountain,2005
388932,Fallacy,2004
388980,The Greatest Game Ever Played,2005
389328,Rise: Blood Hunter,2007
389557,Black Book,2006
389722,30 Days of Night,2007
389790,Bee Movie,2007
389792,Human Error,2004
389823,Awakening from the Dead,2005
389860,Click,2006
389957,Edison,2005
389988,Evergreen,2004
390022,Friday Night Lights,2004
390221,Maria Full of Grace,2004
390305,Nine Girls and a Ghost,2002
390450,Blessed,2004
390808,36th Precinct,2004
391198,The Grudge,2004
391229,I Want Someone to Eat Cheese With,2006
391304,A Lot Like Love,2005
391397,A Perfect Fit,2005
391407,Proteus: A Nineteenth Century Vision,2004
391488,A Year in My Life,2006
391493,Three Dollars,2005
391728,Adam and Eve,2005
391877,Confess,2005
392465,Mozart and the Whale,2005
392690,Rancid,2004
392759,"Security, Colorado",2001
392908,When Do We Eat?,2005
393049,Anderson's Cross,2010
393109,Brick,2005
393162,Coach Carter,2005
393297,Forget About It,2006
393329,Go Go Tales,2007
393529,The Nickel Children,2005
393537,No Witness,2004
393597,Earth,2007
393836,Surviving Eden,2004
393875,The Third Wish,2005
395119,Alatriste,2006
395169,Hotel Rwanda,2004
395251,The Producers,2005
395424,3 Needles,2005
395488,Bye Bye Blackbird,2005
395495,Catch and Release,2006
395543,Forty Shades of Blue,2005
395584,The Devil's Rejects,2005
395585,House of 9,2005
395699,The Pacifier,2005
395796,Trudell,2005
395947,"Boo, Zino & the Snurks",2004
395972,North Country,2005
396155,"Oh, What a Lovely Tea Party",2004
396171,Perfume: The Story of a Murderer,2006
396190,Return to Sender,2004
396269,Wedding Crashers,2005
396514,Brilliant,2004
396652,Ice Princess,2005
396688,The King,2005
396707,The Secret of Moonacre,2008
396752,Nanny McPhee,2005
396849,Scene Stealers,2004
396857,Shadowboxer,2005
397044,Blood and Chocolate,2007
397077,L.A. Dicks,2005
397101,The Skeleton Key,2005
397105,Dirty Work,2006
397313,Eight Below,2006
397388,Deadlines,2004
397401,Drop Dead Sexy,2005
397530,Man to Man,2005
397535,Memoirs of a Geisha,2005
397537,Death Valley,2004
397582,Obaba,2005
397892,Bolt,2008
398017,Derailed,2005
398021,Devil's Highway,2005
398027,Down in the Valley,2005
398033,Throttle,2005
398165,The Longest Yard,2005
398281,Pushing Tom,2003
398286,Tangled,2010
398375,Rumor Has It...,2005
398378,Vampires: The Turning,2005
398712,Assault on Precinct 13,2005
398808,Bridge to Terabithia,2007
398842,The Celestine Prophecy,2006
398873,Coalition,2004
398883,The Consequences of Love,2004
398971,Down and Derby,2005
399085,Geppetto's Secret,2005
399146,A History of Violence,2005
399201,The Island,2005
399222,Let's Be Friends,2005
399295,Lord of War,2005
399327,The Man,2005
399704,Stupidity,2003
399738,Changing Times,2004
399877,What the #$*! Do We (K)now!?,2004
399901,Woman Thou Art Loosed,2004
400426,Far Cry,2008
400497,Herbie Fully Loaded,2005
400525,The Ice Harvest,2005
400611,Love Chronicles,2003
400717,Open Season,2006
401244,The Baxter,2005
401385,Say Uncle,2005
401420,Fierce People,2005
401445,A Good Year,2006
401516,Dancing in Twilight,2005
401591,Brooklyn Lobster,2005
401711,"Paris, je t'aime",2006
401729,John Carter,2012
401792,Sin City,2005
401855,Underworld: Evolution,2006
401997,Breach,2007
402022,Æon Flux,2005
402085,The Californians,1984
402127,The Defender,2004
402158,Empire of the Wolves,2005
402399,The New World,2005
402493,Ivko's Feast,2005
402505,Only God Knows,2006
402850,The Big White,2005
402894,Casanova,2005
402901,The Cave,2005
402910,Chaos,2005
403016,Supercross,2005
403057,Gardener of Eden,2007
403217,Last Days,2005
403407,Perfect Creature,2006
403455,Roll Bounce,2005
403508,The Sisterhood of the Traveling Pants,2005
403702,Youth in Revolt,2009
403933,Chasing Ghosts,2005
403946,Cloud 9,2006
404031,Evil Eyes,2004
404032,The Exorcism of Emily Rose,2005
404163,Even Money,2006
404203,Little Children,2006
404251,Muhammad Ali: Through the Eyes of the World,2001
404390,Running Scared,2006
404537,Vansh,1992
404552,The Life: What's Your Pleasure?,2004
404802,The Notorious Bettie Page,2005
404826,Bob Steel,2004
404857,Carambola,2003
404908,Dead Serious,2005
404978,Gambit,2012
405159,Million Dollar Baby,2004
405163,The Amateurs,2005
405164,Meshita no koibito,2002
405296,A Scanner Darkly,2006
405325,Sky High,2005
405336,Southland Tales,2006
405393,Rudo y Cursi,2008
405422,The 40-Year-Old Virgin,2005
405469,The Wild,2006
405676,All the King's Men,2006
405861,The Deal,2005
406097,Nearing Grace,2005
406158,"The Prize Winner of Defiance, Ohio",2005
406221,Sex and the Beauties,2004
406350,Wit's End,2005
406359,A Year and a Day,2005
406375,Zathura: A Space Adventure,2005
406650,The Chumscrubber,2005
406754,Evilenko,2004
406759,The Eye,2008
406816,The Guardian,2006
407095,Our Very Own,2005
407205,The Sisters,2005
407265,Transamerica,2005
407297,The Second Front,2005
407304,War of the Worlds,2005
407718,Dead Canaries,2003
407732,Dirty Deeds,2005
407814,Full Grown Men,2006
407887,The Departed,2006
407937,The Last Letter,2004
407998,The Mistress of Spices,2005
408162,Satellite,2005
408236,Sweeney Todd: The Demon Barber of Fleet Street,2007
408306,Munich,2005
408336,Wild Girls Gone,2007
408345,Firewall,2006
408524,Bad News Bears,2005
408790,Flightplan,2005
408828,Guy X,2005
408839,The Heartbreak Kid,2007
408961,Kids in America,2005
408985,Last Holiday,2006
409011,Lovewrecked,2005
409034,Marilyn Hotchkiss' Ballroom Dancing & Charm School,2005
409043,Grilled,2006
409182,Poseidon,2006
409184,Russian Dolls,2005
409301,Falling for Grace,2006
409345,Surveillance,2008
409379,In Secret,2013
409459,Watchmen,2009
409681,Lies and Alibis,2006
409793,Cargo,2006
409847,Cowboys & Aliens,2011
409936,Escuela de seducción,2004
409962,Last Sunset,2006
410097,Hustle & Flow,2005
410297,The Lake House,2006
410320,The Mighty Celt,2005
410377,Nim's Island,2008
410400,On a Clear Day,2005
410605,The Vanity Serum,2004
410626,Slingshot,2005
410639,Me and My Sister,2004
410751,Love and Debate,2006
410764,Tideland,2005
411061,88 Minutes,2007
411118,Anthony Zimmer,2005
411195,Breakfast on Pluto,2005
411234,A Previous Engagement,2008
411267,The Dark,2005
411323,Downloading Nancy,2008
411475,Hell Ride,2008
411644,Messages,2007
411753,Geraldine's Fortune,2004
412019,Broken Flowers,2005
412080,The World's Fastest Indian,2005
412298,Tout pour plaire,2005
412637,Delirious,2006
412808,The Hawk Is Dying,2006
412886,Juvies,2004
412922,Little Manhattan,2005
413015,Mrs Henderson Presents,2005
413099,Evan Almighty,2007
413267,Shrek the Third,2007
413300,Spider-Man 3,2007
413615,Unforgivable Blackness: The Rise and Fall of Jack Johnson,2004
413879,Cake,2005
413895,Charlotte's Web,2006
414055,Elizabeth: The Golden Age,2007
414161,Intermedio,2005
414387,Pride & Prejudice,2005
414426,Quid Pro Quo,2008
414513,7 días,2005
414587,There's a God on the Mic,2005
414853,Barnyard,2006
414879,The Black Box,2005
414951,The Quiet,2005
414982,Final Destination 3,2006
414993,The Fountain,2006
415023,Kissed by Winter,2005
415119,Life on the Ledge,2005
415141,Mama's Boy,2007
415143,Man of God,2005
415160,Minotaur,2006
415234,Red Doors,2005
415306,Talladega Nights: The Ballad of Ricky Bobby,2006
415311,Tempesta,2004
415345,Seven Mummies,2006
415482,All In,2005
415778,End Game,2006
415833,Hate Crime,2005
415856,Hounddog,2007
415932,Lemming,2005
415935,Let's Rock Again!,2004
415949,Keeping Up with the Steins,2006
415964,Fuera del cielo,2006
415965,Martian Child,2007
416041,River's End,2005
416051,Mr. Fix It,2006
416185,Resurrecting the Champ,2007
416212,The Secret Life of Bees,2008
416236,The Spiderwick Chronicles,2008
416320,Match Point,2005
416449,300,2006
416471,American Gun,2005
416496,Bandidas,2006
416502,Barry Dingle,2005
416508,Becoming Jane,2007
416675,Dark Matter,2007
416680,Diego Rivera: I Paint What I See,1992
416775,Glass Trap,2005
416868,J.J. Biker,2001
416891,The Kid & I,2005
416918,Lethal Eviction,2005
416966,Mattie Fresno and the Holoflux Universe,2007
417001,Must Love Dogs,2005
417056,Pledge This!,2006
417071,Some Kind of Blue,2005
417148,Snakes on a Plane,2006
417189,Time to Leave,2005
417217,Two for the Money,2005
417220,Unbeatable Harold,2006
417225,Idlewild,2006
417433,Annapolis,2006
417532,Checking Out,2005
417550,Confession,2005
417586,Dangerous Parking,2007
417614,Dreamland,2006
417658,Factotum,2005
417694,From Wharf Rats to Lords of the Docks,2007
417741,Harry Potter and the Half-Blood Prince,2009
417745,Headspace,2005
417751,Her Minor Thing,2005
417791,Rory O'Shea Was Here,2004
417871,Klimt,2006
418004,Neverwas,2005
418110,Romanzo Criminale,2005
418152,The Shakespeare Sessions,2003
418279,Transformers,2007
418362,Mujhse Shaadi Karogi,2004
418451,5up 2down,2006
418460,Aitraaz,2004
418511,Bittersweet Place,2005
418586,The Cake Eaters,2007
418590,Too Much Romance... It's Time for Stuffed Peppers,2004
418647,Dreamer: Inspired by a True Story,2005
418676,Novel Romance,2006
418689,Flags of our Fathers,2006
418735,Homecoming,2005
418763,Jarhead,2005
418773,Junebug,2005
418819,Land of the Dead,2005
418832,Lie with Me,2005
418835,Little Fugitive,2006
418879,Memory,2006
418887,We Are Not Angels 2,2005
419026,Partner(s),2005
419168,The Hit,2007
419198,The Tiger and the Snow,2005
419236,Pittsburgh,2006
419256,Wah-Wah,2005
419294,The Three Burials of Melquiades Estrada,2005
419389,100 Minutes of Glory,2004
419491,Believe in Me,2006
419515,Blood and Bones,2004
419641,Chromophobia,2005
419677,Dead Man's Shoes,2004
419706,Doom,2005
419741,Farland,2004
419749,Find Me Guilty,2006
419781,Graves End,2005
419815,Holly,2006
419843,In the Land of Women,2007
419922,Living 'til the End,2005
419946,The Marine,2006
419984,Mr. Woodcock,2007
420015,Nine Lives,2005
420087,A Prairie Home Companion,2006
420223,Stranger Than Fiction,2006
420238,The Tale of Despereaux,2008
420261,Topsy and Bunker: The Cat Killers,1992
420291,Keane,2004
420293,The Stanford Prison Experiment,2015
420294,The Texas Chainsaw Massacre: The Beginning,2006
420555,How Much Do You Love Me?,2005
420609,Infamous,2006
420678,How Arnold Won the West,2004
420740,A Little Trip to Heaven,2005
420757,Man About Town,2006
420835,Opal Dream,2006
420901,Beyond the Gates,2005
420978,Turning Green,2005
420999,West of Brooklyn,2008
421045,Bickford Shmeckler's Cool Ideas,2006
421054,Domino,2005
421073,Street Kings,2008
421082,Control,2007
421143,A New Wave,2006
421229,Mrs. Palfrey at the Claremont,2005
421238,The Proposition,2005
421239,Red Eye,2005
421715,The Curious Case of Benjamin Button,2008
421729,Big Momma's House 2,2006
421994,Imagine Me & You,2005
422093,Diary of a Mad Black Woman,2005
422182,Hell's Heroes,1987
422272,Fragile,2005
422295,Fur: An Imaginary Portrait of Diane Arbus,2006
422399,Hard Scrambled,2006
422401,Hatchet,2006
422458,A Simple Curve,2005
422479,Dark Mind,2006
422528,Sarah Silverman: Jesus Is Magic,2005
422720,Marie Antoinette,2006
422734,McCartney's Genes,2008
422768,The Mortuary,2004
422774,Are We Done Yet?,2007
422779,Murder-Set-Pieces,2004
422783,Music Within,2007
422861,The Oh in Ohio,2006
423007,Punch & Judy,2002
423116,Sam's Lake,2006
423169,Sherrybaby,2006
423238,Southern Belles,2005
423279,A Stroke of Genius,1984
423294,Surf's Up,2007
423372,El Cortez,2006
423409,Tristram Shandy: A Cock and Bull Story,2005
423442,"One Stays, the Other Leaves",2005
423474,Venus & Vegas,2010
423869,Blood,2004
423977,Charlie Bartlett,2007
424095,Flushed Away,2006
424107,The Garage,2006
424136,Hard Candy,2005
424338,Palais royal!,2005
424365,Promised Land,2004
424774,The Adventures of Sharkboy and Lavagirl 3-D,2005
424823,Balls of Fury,2007
424859,The Ninth Cloud,2014
424863,The Book of Revelation,2006
424880,Candy,2006
424908,Copying Beethoven,2006
424993,Employee of the Month,2006
424999,Enfants terribles,2005
425055,Game 6,2005
425056,Gang Warz,2004
425061,Get Smart,2008
425069,God's Waiting List,2006
425087,The Hard Easy,2006
425094,Heavens Fall,2006
425112,Hot Fuzz,2007
425123,Just Like Heaven,2005
425126,I Have Something Important to Tell You,2005
425137,Whiskey School,2005
425151,Jimmy and Judy,2006
425186,The Fine Art of Love: Mine Ha-Ha,2005
425196,Like Minds,2006
425198,Little Box of Sweets,2006
425206,Long Distance,2005
425210,Lucky Number Slevin,2006
425236,Mary,2005
425253,Mini's First Time,2006
425308,Noise,2007
425326,Outsourced,2006
425359,Pope Dreams,2006
425395,Relative Strangers,2006
425404,Riders to the Sea,1987
425413,"Run, Fat Boy, Run",2007
425414,Runaway,2005
425430,The Messengers,2007
425478,American Blend,2006
425548,Touched,2005
425598,Dave Chappelle's Block Party,2005
425600,"Sorry, Haters",2005
425648,Whitepaddy,2006
426266,La cloche a sonné,2005
426315,Wolf Tracer's Dinosaur Island,2004
426462,Fifty Pills,2006
426592,Superhero Movie,2008
426597,Terrorists,2004
426615,In the Mix,2005
426616,Venice Underground,2005
426627,Stoned,2005
426883,Alpha Dog,2006
426931,August Rush,2007
427048,Cayo,2005
427108,Cuatro labios,2004
427133,"Dean Tavoularis, le magicien d'Hollywood",2003
427152,Dinner for Schmucks,2010
427229,Failure to Launch,2006
427309,The Great Debaters,2007
427327,Hairspray,2007
427370,I Believe in America,2007
427392,The Invasion,2007
427470,The Lookout,2007
427543,A Million Little Pieces,2018
427582,The Method,2005
427650,Perception,2005
427848,Shadow: Dead Riot,2006
427944,Thank You for Smoking,2005
427968,Trust the Man,2005
427969,Hollywoodland,2006
427998,The Grand,2007
428003,El vacilón: The Movie,2005
428251,Venom,2005
428390,Severed,2005
428441,The Cutting Edge: The Magic of Movie Editing,2004
428446,The Darwin Awards,2006
428532,The Feast of the Goat,2005
428579,Suburban Girl,2007
428765,The Legend of Lucy Keyes,2005
428803,March of the Penguins,2005
428856,La moustache,2005
428865,My Tiny Universe,2004
429153,Tara Road,2005
429173,The Tenants,2005
429177,The Thing About My Folks,2005
429200,The Art of Breaking Up,2005
429203,An Innocent Little Game,2004
429230,Virgil,2005
429277,Zyzzyx Rd,2006
429493,The A-Team,2010
429573,An American Haunting,2005
429589,The Ant Bully,2006
429591,Aquamarine,2006
429715,The Business,2005
430105,Four Brothers,2005
430224,Hell,2005
430239,It Waits,2005
430308,Get Rich or Die Tryin',2005
430357,Miami Vice,2006
430420,Odyssey in Rome,2005
430431,One Night with the King,2006
430576,The Secret Life of Words,2005
430700,A Trumpet at the Walls of Jericho,2005
430770,The Women,2008
430779,Everyone's Hero,2006
430912,Basic Instinct 2,2006
430918,Berkeley,2005
430919,The Best Man,2005
430922,Role Models,2008
431021,The Possession,2012
431058,Fatwa,2006
431197,The Kingdom,2007
431213,Lassie,2005
431308,P.S. I Love You,2007
431461,Waltzing Anna,2006
431975,To Paint or Make Love,2005
431979,Le petit lieutenant,2005
432021,Resident Evil: Extinction,2007
432180,Venice: Lost and Found,2002
432259,Breaking the Fifth,2004
432260,Brothers of the Head,2005
432283,Fantastic Mr. Fox,2009
432289,First Snow,2006
432290,Flannel Pajamas,2006
432314,Leningrad,2009
432318,Live Free or Die,2006
432402,Factory Girl,2006
432432,Rag Tale,2005
433020,Le plus beau jour de ma vie,2004
433035,Real Steel,2011
433350,Boy Culture,2006
433362,Daybreakers,2009
433383,"Good Night, and Good Luck.",2005
433386,The Grudge 2,2006
433387,Harsh Times,2005
433400,Just Friends,2005
433405,Land of the Blind,2006
433412,Material Girls,2006
433416,The Namesake,2006
433442,The Return,2006
433451,Shut Up and Shoot!,2006
433817,Ausentes,2005
433963,Dark Ride,2006
434000,Dulce espiritu,1985
434086,Hormigas en la boca,2005
434124,Kinky Boots,2005
434139,The Last Kiss,2006
434165,Lucid,2005
434215,Flicka,2006
434230,"Sorry, You Can't Get Through!",2005
434277,Pesadilla,1985
434409,V for Vendetta,2005
434424,Undiscovered,2005
434933,Felicia and the Great Quebec,2003
434969,Gentille,2005
435623,Conversations with Other Women,2005
435635,The Easter Egg Adventure,2004
435642,English as a Second Language,2005
435651,The Giver,2014
435669,The Picture of Dorian Gray,2007
435670,The Invisible,2007
435696,The Russian Specialist,2005
435705,Next,2007
435711,Wild About Harry,2009
435721,The Rain Makers,2005
435761,Toy Story 3,2010
435770,The Visitation,2006
436012,212,2005
436091,Backstage,2005
436331,Friends with Money,2006
436339,G-Force,2009
436343,The Garden,2006
436364,Good,2008
436524,"Love, Ludlow",2005
436546,Ma vie en l'air,2005
436689,The Puffy Chair,2005
436697,The Queen,2006
437086,Alita: Battle Angel,2019
437232,Catch a Fire,2006
437250,The Memory Thief,2007
437405,Paper Man,2009
437489,Stephen Tobolowsky's Birthday Party,2005
437526,The Last Mistress,2007
437777,Something New,2006
437800,Akeelah and the Bee,2006
437863,The Benchwarmers,2006
437954,Virgin Territory,2007
438052,The Gene Generation,2007
438097,Ice Age: The Meltdown,2006
438154,The Zero Sum,2009
438315,Peaceful Warrior,2006
438365,Three Days to Vegas,2007
438488,Terminator Salvation,2009
438859,Goodbye Bafana,2007
439115,All the Days Before Tomorrow,2007
439123,Azur & Asmar: The Princes' Quest,2006
439197,Heidi,2005
439280,Private Moments,2005
439284,The American Standards,2008
439289,Running with Scissors,2006
439311,Cut Off,2006
439467,The Big Question,2004
439478,Boynton Beach Club,2005
439504,Brothers in Arms,2005
439544,Dirty,2005
439753,Paid,2006
439815,Slither,2006
439876,What Love Is,2007
439878,Before It Had a Name,2005
440464,Shadow of the Sword,2005
440604,Maha Shaktishaali,1994
440961,Beautiful Dreamer,2006
440963,The Bourne Ultimatum,2007
440992,American Stag,2006
441007,Gracie,2007
441022,The Dead One,2007
441035,Crooked,2006
441674,Princess Raccoon,2005
441761,Free Zone,2005
441762,A Friend of Mine,2006
441773,Kung Fu Panda,2008
441774,Lonely Hearts,2006
441782,Restraint,2008
441791,Sharkskin 6,2005
441796,Stay Alive,2006
441799,Stick It in Detroit,2008
441818,A Woman in Winter,2006
441881,Danger Close,2019
442933,Beowulf,2007
443159,Olé!,2005
443272,Lincoln,2012
443274,Vantage Point,2008
443295,"Yours, Mine & Ours",2005
443456,Breaking and Entering,2006
443465,Before We Go,2014
443473,The Condemned,2007
443489,Dreamgirls,2006
443496,Edmond,2005
443501,Expiration Date,2006
443533,The History of Love,2016
443536,Hoodwinked!,2005
443543,The Illusionist,2006
443559,Killshot,2008
443567,Left Behind III: World at War,2005
443570,Love Life,2007
443604,"Paradise, Texas",2005
443619,Red Mercury,2005
443632,The Sentinel,2006
443649,"10,000 BC",2008
443650,Spiritual Warriors,2007
443680,The Assassination of Jesse James by the Coward Robert Ford,2007
443701,The X Files: I Want to Believe,2008
443706,Zodiac,2007
444415,Return to Rajapur,2006
444628,Fay Grim,2006
444648,Punk Love,2006
444653,Keeping Mum,2005
444669,Miracle at Sage Creek,2005
444672,Moving McAllister,2007
444682,The Reaping,2007
445917,9 Lives of Mara,2007
445922,Across the Universe,2007
445934,Blades of Glory,2007
445935,Bordertown,2007
445939,The Burrowers,2008
445946,The Contract,2006
445948,Cult,2007
445965,Feed,2005
445975,Going Through Splat: The Life and Work of Stewart Stern,2005
445990,Invincible,2006
446013,Pathfinder,2007
446027,Save Angel Hope,2007
446029,Scott Pilgrim vs. the World,2010
446046,Take the Lead,2006
446463,The Secret,2007
446602,Texas,2005
446676,Deal,2008
446683,Domino One,2005
446687,Driving Lessons,2006
446717,In Pursuit of Happiness,2005
446750,Nightwatching,2007
446755,The Painted Veil,2006
446771,Red Ridge,2006
446802,A West Texas Children's Story,2007
447372,Portrait of a '60% Perfect Man': Billy Wilder,1980
447545,What the Folk?... Behind the Scenes of 'Queer as Folk',2000
447619,The Stone Council,2006
447635,Pros and Ex-Cons,2005
448011,Knowing,2009
448022,A Bird of the Air,2011
448075,The Night Listener,2006
448115,Shazam!,2019
448124,Snow Cake,2006
448134,Sunshine,2007
448149,Things That Hang from Trees,2006
448157,Hancock,2008
448166,Two Weeks,2006
448400,Grimm Love,2006
448564,Irresistible,2006
448694,Puss in Boots,2011
449010,Eragon,2006
449018,The Final Season,2007
449059,Little Miss Sunshine,2006
449061,London,2005
449086,Dominion: Prequel to the Exorcist,2005
449088,Pirates of the Caribbean: At World's End,2007
449089,RV,2006
449467,Babel,2006
449472,Champion,2005
449487,Passengers,2008
449851,The Valet,2006
449994,Jodhaa Akbar,2008
450188,La Vie en Rose,2007
450232,16 Blocks,2006
450238,The All Together,2007
450259,Blood Diamond,2006
450336,Blood Creek,2009
450340,Unknown,2006
450345,The Wicker Man,2006
450385,1408,2007
450405,Cirque du Freak: The Vampire's Assistant,2009
450426,Gallipoli,2005
450615,L'entente cordiale,2006
450962,Brothers Three: An American Gothic,2007
450972,As You Like It,2006
451021,The Comedians of Comedy,2005
451073,A Halfway House Christmas,2005
451079,Horton Hears a Who!,2008
451102,The Lost,2006
451106,Loveless in Los Angeles,2007
451166,Premium,2006
451176,Quinceañera,2006
451187,Room 6,2006
451221,The Elephant King,2006
451225,Telling Lies,2008
451279,Wonder Woman,2017
452144,Balkan Brothers,2005
452183,Blunt Movie,2013
452580,A Year Ago in Winter,2008
452594,The Break-Up,2006
452598,Cheaper by the Dozen 2,2005
452608,Death Race,2008
452623,Gone Baby Gone,2007
452624,The Good German,2006
452625,Good Luck Chuck,2007
452637,Lady in the Water,2006
452642,Love & Suicide,2005
452643,Love and Other Disasters,2006
452660,One Last Thing...,2005
452681,The Santa Clause 3: The Escape Clause,2006
452692,The Tender Hook,2008
452694,The Time Traveler's Wife,2009
452701,Undoing,2006
452702,Vacancy,2007
453046,Elia Kazan: An Outsider,1982
453453,Beer League,2006
453467,Deja Vu,2006
453489,Have Mercy,2006
453494,Hoot,2006
453548,Snow Angels,2007
453556,TMNT,2007
453562,42,2013
454082,Black Christmas,2006
454084,Blind Dating,2006
454224,Penny Dreadful,2006
454776,Amazing Grace,2006
454784,Whales of Atlantis: In Search of Moby Dick,2003
454824,Flyboys,2006
454841,The Hills Have Eyes,2006
454848,Inside Man,2006
454864,The Last Winter,2006
454876,Life of Pi,2012
454879,Journey to the End of the Night,2006
454921,The Pursuit of Happyness,2006
454945,She's the Man,2006
454970,Turistas,2006
454987,Let's Go to Prison,2006
455078,L'anniversaire,2005
455323,Being Flynn,2012
455362,The Breed,2006
455400,Comeback Season,2006
455407,The Crazies,2010
455499,Garfield: A Tail of Two Kitties,2006
455537,The House of Usher,2006
455538,How to Lose Friends & Alienate People,2008
455581,King Leopold's Ghost,2006
455590,The Last King of Scotland,2006
455612,Madea's Family Reunion,2006
455760,Dead Silence,2007
455782,The Hunting Party,2007
455805,Then She Found Me,2007
455822,Unconscious,2006
455824,Australia,2008
455841,The Heart Specialist,2006
455857,When a Stranger Calls,2006
455915,Black Irish,2007
455944,The Equalizer,2014
455957,Goya's Ghosts,2006
455958,The Groomsmen,2006
455960,The Hitcher,2007
455961,Hoboken Hollow,2006
455981,Language of the Enemy,2008
455988,The Elder Son,2006
455989,The Outsider,2005
455993,Dangerous Perceptions,2005
456020,Waist Deep,2006
456041,Anche libero va bene,2006
456070,Incontrôlable,2006
456467,Un mundo maravilloso,2006
456526,Malas temporadas,2005
456554,Grandma's Boy,2006
456972,Harry's Daughters,2005
457290,Striking Range,2006
457297,The Butterfly Effect 2,2006
457302,Choking Man,2006
457303,Church Ball,2006
457308,Come Early Morning,2006
457323,Down the P.C.H.,2006
457355,From Mexico with Love,2009
457400,Land of the Lost,2009
457419,Mr. Magorium's Wonder Emporium,2007
457430,Pan's Labyrinth,2006
457433,Perfect Stranger,2007
457475,Silent Partner,2005
457495,Alex Rider: Operation Stormbreaker,2006
457513,Scoop,2006
457572,Fido,2006
457939,The Holiday,2006
458072,Provoked: A True Story,2006
458339,Captain America: The First Avenger,2011
458352,The Devil Wears Prada,2006
458364,The Ex,2006
458367,Right at Your Door,2006
458413,A Long Way Down,2014
458455,Pope Joan,2009
458481,Sin City: A Dame to Kill For,2014
458500,Theresa: The Body of Christ,2007
458522,El cantante,2006
458525,X-Men Origins: Wolverine,2009
458867,Naya Khoon,1990
459239,The Counting House,2007
459421,Junked,1999
459660,Nobody Wants Your Film,2005
460342,You and Me,2006
460722,Black Theater Today: 2005,2005
460732,Caffeine,2006
460745,Chaos Theory,2008
460777,Driftwood,2006
460778,Drunkboat,2010
460780,In the Name of the King: A Dungeon Siege Tale,2007
460792,Fast Food Nation,2006
460809,The Grasslands,2011
460810,The Great Buck Howard,2008
460812,Griffin & Phoenix,2006
460829,Inland Empire,2006
460873,The Moon and the Stars,2007
460890,The Only Living Boy in New York,2017
460892,Lost in Love,2005
460902,Played,2006
460925,The Sasquatch Gang,2006
460989,The Wind that Shakes the Barley,2006
461336,Saving Private Perez,2011
461703,Skinwalkers,2006
461770,Enchanted,2007
461946,Everything's Gone Green,2006
462002,N (Io e Napoleone),2006
462023,"Romulus, My Father",2007
462200,Black Snake Moan,2006
462219,Camille,2008
462229,Code Name: The Cleaner,2007
462275,Envy,2005
462295,Flakes,2007
462298,The Unknown Trilogy,2007
462302,Intervention,2007
462335,High-Rise,2015
462338,The Hoax,2006
462362,The Insatiable,2006
462373,Joy Division,2006
462396,The Last Legion,2007
462421,Mentor,2006
462477,Pierrepoint: The Last Hangman,2005
462504,Rescue Dawn,2006
462510,Rockin' the Corps: An American Thank You,2005
462519,School for Scoundrels,2006
462538,The Simpsons Movie,2007
462579,The Treatment,2006
462601,Walk the Talk,2007
462611,White Air,2007
462690,Le lièvre de Vatanen,2006
463034,"You, Me and Dupree",2006
463287,The Beautiful Beast,2006
463352,Me Two,2008
463486,Comedy of Power,2006
463854,28 Weeks Later,2007
463873,Back in Business,2007
463934,Cake: A Wedding Story,2007
463947,Confessions of a Pit Fighter,2005
463960,The Devil You Know,2013
463963,Two Tickets to Paradise,2006
463990,Fields of Fuel,2008
463998,Freedom Writers,2007
464041,The Lazarus Project,2008
464051,Homie Spumoni,2006
464061,I'm Reed Fish,2006
464086,"Lenexa, 1 Mile",2006
464096,Lonely Street,2008
464154,Piranha 3D,2010
464196,Severance,2006
464320,Wild Seven,2006
464796,The Can,1994
464828,Quand j'étais chanteur,2006
465109,L'éclaireur,2006
465142,American Dreamz,2006
465160,La Californie,2006
465188,Golden Door,2006
465234,National Treasure: Book of Secrets,2007
465375,After Sex,2007
465407,Eye of the Dolphin,2006
465436,December Boys,2007
465440,Disappearances,2006
465461,Four Last Songs,2007
465494,Hitman,2007
465502,Igor,2008
465538,Michael Clayton,2007
465551,Notes on a Scandal,2006
465580,Push,2009
465602,Shoot 'Em Up,2007
465624,My Super Ex-Girlfriend,2006
465666,"What's Up, Scarlet?",2005
465737,"Maradona, the Hand of God",2007
466342,Date Movie,2006
466665,The Architect,2006
466787,Wasted,2006
466794,Flip the Script,2005
466816,Hallam Foe,2007
466839,I Could Never Be Your Woman,2007
466856,ATL,2006
466893,Margaret,2011
466909,The Omen,2006
466922,Passion & Poetry: The Ballad of Sam Peckinpah,2005
467110,Underdog,2007
467111,A Broken Sole,2006
467167,Beneath,2007
467197,Max Payne,2008
467200,The Other Boleyn Girl,2008
467406,Juno,2007
468071,448 BC: Olympiad of Ancient Hellas,2004
468489,Half Nelson,2006
468521,The Night of the White Pants,2006
468529,One Way to Valhalla,2009
468535,Poppies,2006
468536,Prey,2007
468548,The Situation,2006
468569,The Dark Knight,2008
468965,When a Man Falls,2007
469021,Alan Partridge,2013
469045,Broken,2006
469066,Descansos,2006
469151,The Pacific and Eddy,2007
469184,Shanghai Kiss,2007
469263,The Astronaut Farmer,2006
469318,Dark Country,2009
469429,Her Best Move,2007
469494,There Will Be Blood,2007
469623,Things We Lost in the Fire,2007
469640,Bathory: Countess of Blood,2008
469641,World Trade Center,2006
469689,The Last Time,2006
469745,Classe de comédie,2005
469897,Diggers,2006
469903,The Express,2008
469925,Japan,2008
469976,Spinning Into Butter,2007
470000,Wicked Little Things,2006
470679,August,2008
470692,Welcome Home,2006
470705,Bug,2006
470732,Bernard and Doris,2006
470737,The Dukes,2007
470752,Ex Machina,2014
470765,For Your Consideration,2006
470864,Mojave Phone Booth,2006
470878,On Native Soil,2006
471005,Home of the Giants,2007
471009,Just Like the Son,2006
471037,Still Green,2007
471041,The Tournament,2009
471042,Tower Heist,2011
471565,American Visa,2005
471930,Who Loves the Sun,2006
472033,9,2009
472050,Bart Got a Room,2008
472062,Charlie Wilson's War,2007
472071,Death Defying Acts,2007
472096,Forfeit,2007
472118,Kill Your Darlings,2006
472126,Local Color,2006
472156,Pu-239,2006
472160,Penelope,2006
472175,Saving Shiloh,2006
472181,The Smurfs,2011
472186,The Strange Case of Dr. Jekyll and Mr. Hyde,2006
472198,Notorious,2009
472200,Valley of the Heart's Delight,2006
472205,Watching the Detectives,2007
472268,The Flying Scotsman,2006
472399,The Mechanic,2011
472836,Konecná stanica,2004
473075,Prince of Persia: The Sands of Time,2010
473102,The Perfect Game,2010
473188,Bobby Z,2007
473267,Solstice,2008
473308,Waitress,2007
473333,The Backwoods,2006
473356,The Flock,2007
473360,Goal II: Living the Dream,2007
473364,The Heavy,2009
473398,Surveillance,2006
473444,Curse of the Golden Flower,2006
473453,The Bondage,2006
473464,Cherry Crush,2007
473488,A Guide to Recognizing Your Saints,2006
473500,Kettle of Fish,2006
473502,Out There,2006
473700,September Dawn,2007
473705,State of Play,2009
473709,The TV Set,2006
474312,Le pressentiment,2006
474865,A Lobster Tale,2006
475084,Getting Gilliam,2005
475217,All In,2006
475228,Bone Dry,2007
475243,Crashing,2007
475252,Jack and Jill vs. the World,2008
475255,Dog Days of Summer,2007
475290,"Hail, Caesar!",2016
475330,Love and Mary,2007
475355,Pride,2007
475380,Scenes of a Sexual Nature,2006
475393,Shaking Dream Land,2006
475394,Smokin' Aces,2006
475397,Sp!t,2006
475417,Unearthed,2007
475659,Mia Sarah,2006
475944,The Covenant,2006
475984,Mister Lonely,2007
476023,Stiffs,2010
476550,God Tussi Great Ho,2008
476657,The French Guy,2005
476678,Mujer alabastrina,2006
476958,Amusement,2008
476964,The Brave One,2007
476967,The Cassidy Kids,2006
476992,Fat Rose and Squeaky,2006
476995,Firehouse Dog,2007
477029,Looking for Sunday,2006
477050,Noble Things,2008
477051,Norbit,2007
477071,Premonition,2007
477078,Rocket Science,2007
477080,Unstoppable,2010
477095,Starter for 10,2006
477139,Wristcutters: A Love Story,2006
477302,Extremely Loud & Incredibly Close,2011
477347,Night at the Museum,2006
477348,No Country for Old Men,2007
477472,Solo,2006
478033,The Shore,2006
478087,21,2008
478088,508 Nelson,2006
478134,In the Valley of Elah,2007
478135,Satanic,2006
478149,Fade to Black,2006
478154,Freebird,2008
478210,The Good Student,2006
478237,Rain,2006
478304,The Tree of Life,2011
478311,Knocked Up,2007
478329,The Gray Man,2007
478705,Michou d'Auber,2007
478737,Treasure Raiders,2007
478813,The Trap,2007
478970,Ant-Man,2015
478994,Citizen Duane,2006
479074,The Inner Life of Martin Frost,2007
479140,Ripple Effect,2007
479143,Rocky Balboa,2006
479204,Perfect Life,2010
479289,The Go-Getter,2007
479341,Adam Resurrected,2008
479409,Herbie Hancock: Possibilities,2006
479500,Nancy Drew,2007
479528,Rogue,2007
479537,Seraphim Falls,2006
479635,Anastezsi,2007
479661,"14, Fabian Road",2008
479880,Children of Wax,2007
479884,Crank,2006
479914,Flourish,2006
479948,Living & Dying,2007
479952,Madagascar: Escape 2 Africa,2008
479965,Off the Black,2006
479968,One Missed Call,2008
479997,Season of the Witch,2011
480001,The Sensation of Sight,2006
480011,Closure,2007
480239,Atlas Shrugged: Part I,2011
480242,Dan in Real Life,2007
480249,I Am Legend,2007
480251,Ira & Abby,2006
480255,The Losers,2010
480268,Blind Date,2007
480269,Interview,2007
480271,Van Wilder 2: The Rise of Taj,2006
480516,Canes,2006
480669,Timecrimes,2007
480680,Fiction,2006
480687,Hall Pass,2011
481141,No Reservations,2007
481278,Guido che sfidò le Brigate Rosse,2007
481369,The Number 23,2007
481499,The Croods,2013
481517,Feel,2006
481519,The Fifth Patient,2007
481536,Harold & Kumar Escape from Guantanamo Bay,2008
481797,Youth Without Youth,2007
482461,Barry Munday,2010
482463,Bella,2006
482527,It's a Boy Girl Thing,2006
482546,Miss Potter,2006
482571,The Prestige,2006
482572,Pride and Glory,2008
482582,Restraining Order,2006
482593,Seagull,2005
482599,Shutter,2008
482603,Space Chimps,2008
482606,The Strangers,2008
482613,The Third Nail,2007
482629,The Ultimate Gift,2006
482957,Exit,2006
483098,Oliviero Rising,2007
483577,The Night Buffalo,2007
483586,Chasing 3000,2010
483726,Man of the Year,2006
483756,Nobel Son,2007
483763,California Dreaming,2007
483789,Richard III,2007
483796,Moola,2007
483812,Stephanie Daley,2006
484039,Glue,2006
484111,The Good Night,2007
484187,The Ride,2003
484207,Homo Erectus,2007
484224,On the Road with Judas,2007
484382,One Way,2006
484426,Fly Light,2009
484562,The Seeker: The Dark Is Rising,2007
484740,Love in the Time of Cholera,2007
484831,Spy School,2008
484877,Wedding Daze,2006
484881,Puffball: The Devil's Eyeball,2007
485376,Dark Corners,2006
485411,Les murs porteurs,2007
485522,Umrao Jaan,2006
485675,The Marconi Bros.,2008
485851,The Air I Breathe,2007
485927,The Lather Effect,2006
485947,Mr. Nobody,2009
485985,Red Tails,2012
486020,Summer Love,2006
486021,Superheroes,2007
486029,Three Priests,2008
486051,Wind Chill,2007
486090,Filmmakers in Action,2005
486321,Fly Me to the Moon 3D,2008
486546,Alleyball,2006
486551,Beerfest,2006
486561,Cold Ones,2007
486569,Sasquatch Mountain,2006
486572,The Dog Problem,2006
486576,Fantastic 4: Rise of the Silver Surfer,2007
486578,First Sunday,2008
486583,Fred Claus,2007
486585,Fuck,2005
486622,Making Change,2012
486628,Middletown,2006
486640,Postal,2007
486652,Sisters,2006
486655,Stardust,2007
486674,What Just Happened,2008
486822,Disturbia,2007
486946,Wild Hogs,2007
487144,Killing Zelda Sparks,2007
487156,In Her Line of Fire,2006
487195,Bonneville,2006
487260,Family Hero,2006
487271,Wo ist Fred?,2006
487339,L'année suivante,2006
487928,Dante 01,2008
488085,Big Nothing,2006
488120,Fracture,2007
488138,Small Engine Repair,2006
488151,Lying,2006
488164,Moscow Zero,2006
488349,Yellow,2006
488380,Closing the Ring,2007
488539,Farce of the Penguins,2006
488565,Could This Be Love?,2007
488604,The Oxford Murders,2008
488658,Unaccompanied Minors,2006
488928,Guilty Hearts,2006
488997,Circadian Rhythm,2005
489010,A Crime,2006
489017,Dark World,2008
489037,Who Killed the Electric Car?,2006
489048,The Grift,2008
489049,Fanboys,2009
489085,I-See-You.com,2006
489099,Jumper,2008
489210,Little Hercules in 3-D,2009
489225,Man in the Chair,2007
489237,The Nanny Diaries,2007
489281,Stop-Loss,2008
489282,Strange Wilderness,2008
489286,Suffering Man's Charity,2007
489318,The Ungodly,2007
489327,Venus,2006
489664,Shattered,2007
490075,Aftermath,2013
490076,All the Boys Love Mandy Lane,2006
490084,Because I Said So,2007
490086,Big Stan,2007
490087,Black Water Transit,2009
490181,Mutant Chronicles,2008
490199,PrimeMates,2010
490204,Reign Over Me,2007
490215,Silence,2016
490234,A Secret,2007
490240,Warriors of Terra,2006
490499,The Tiger's Tail,2006
490579,Dedication,2007
490701,Spin,2007
491005,Kaw,2007
491046,A Matador's Mistress,2008
491104,Pineapple,2008
491152,Something Borrowed,2011
491162,Spiral,2007
491175,Suburbicon,2017
491203,Tulip Fever,2017
491589,All the Best!,2006
492044,The Haunting in Connecticut,2009
492389,Furry Vengeance,2010
492481,Puccini for Beginners,2006
492881,The Fifth Commandment,2008
492896,Archie's Final Project,2009
492913,Sweet Amerika,2008
492931,The 11th Hour,2007
492956,The Game Plan,2007
493076,Nina,2016
493118,The Deal,2007
493393,Ashes and Snow,2005
493395,Badland,2007
493402,Boarding Gate,2007
493405,CHIPS,2017
493406,Chinaman's Chance: America's Other Slaves,2008
493421,Greetings from the Shore,2007
493451,The Skeptic,2009
493464,Wanted,2008
493567,Black Kiss,2004
493949,Ramona and Beezus,2010
494229,Good Sharma,2010
494238,Inkheart,2008
494249,Last Hour,2008
494279,Corporate Affairs,2008
494652,"Welcome Home, Roscoe Jenkins",2008
494834,Silk,2007
494864,Tenderness,2009
495026,Choose Connor,2007
495036,If I Didn't Care,2007
495795,Agi and Emma,2007
496319,The Hottest State,2006
496349,Marrying God,2006
496350,The Marsh,2006
496436,White Noise 2: The Light,2007
496634,The Countess,2009
496806,Ocean's Thirteen,2007
497273,Tomorrow Morning,2006
497323,Anamorph,2007
497420,Nicky's Birthday Camera,2007
497465,Vicky Cristina Barcelona,2008
497470,Weapons,2007
497972,Sex and Death 101,2007
497991,Un an,2006
498118,Bad Faith,2006
498120,Private Fears in Public Places,2006
498351,The Hero of Color City,2014
498361,The Christmas Miracle of Jonathan Toomey,2007
498368,The Metrosexual,2007
498380,Letters from Iwo Jima,2006
498381,Rings,2017
498399,We Own the Night,2007
498800,GAL,2006
499097,Without Remorse,2020
499484,The Genius Club,2006
499549,Avatar,2009
499556,War,2007
499570,Slipstream,2007
499596,What the Bleep!?: Down the Rabbit Hole,2006
499603,10 Items or Less,2006
756621,Beautiful Loser,2008
756677,The Limbo Room,2006
756725,Where God Left His Shoes,2007
756729,Year of the Dog,2007
757361,Margot at the Wedding,2007
758734,Blind Ambition,2008
758752,Love & Other Drugs,2010
758753,If I Had Known I Was a Genius,2007
758758,Into the Wild,2007
758762,The Last Sentinel,2007
758764,Little Chenier,2006
758766,Music and Lyrics,2007
758771,Outlaw,2007
758774,Body of Lies,2008
758784,Starting Out in the Evening,2007
758786,Stuck,2007
758794,We Are Marshall,2006
758798,Weirdsville,2007
760173,Lovely by Surprise,2007
760187,The Tripper,2006
760188,When Nietzsche Wept,2007
760311,He Was a Quiet Man,2007
762072,Baghdad Texas,2009
762102,Honeymoon with Mom,2006
762104,How to Rob a Bank (and 10 Tips to Actually Get Away with It),2007
762105,I Hate Valentine's Day,2009
762107,I Now Pronounce You Chuck & Larry,2007
762114,License to Wed,2007
762115,The List,2007
762121,The Nativity Story,2006
762125,Planet 51,2009
762138,Syrup,2013
762145,Vice,2008
763314,Je t'aime... moi non plus: Artistes et critiques,2004
763831,A Thousand Words,2012
763839,The Heart of the Earth,2007
763840,Home of the Brave,2006
765010,Brothers,2009
765120,My Blueberry Nights,2007
765128,Oceans,2009
765429,American Gangster,2007
765432,The Baader Meinhof Complex,2008
765442,The Dust of Time,2008
765443,Eastern Promises,2007
765446,Escape from Planet Earth,2013
765447,Evening,2007
765460,Cover,2007
765465,The Legend of Secret Pass,2010
765476,Meet Dave,2008
765478,Taphephobia,2006
765487,The Wizard of Gore,2007
768183,Day Zero,2007
768212,The Last Mimzy,2007
768218,The Mysteries of Pittsburgh,2008
768222,Night of the Templar,2013
768239,Storm,2009
770703,What's Your Number?,2011
770752,Fool's Gold,2008
770772,I Think I Love My Wife,2007
770778,King of the Avenue,2010
770828,Man of Steel,2013
772150,Alexis Arquette: She's My Brother,2007
772157,Broken English,2007
772158,Age of Kali,2005
772168,Grace Is Gone,2007
772175,Jersey Justice,2014
772193,Primeval,2007
772197,Reverb,2008
772762,City Teacher,2007
772892,The Wooden Box,2006
773306,Rome & Jewel,2008
773775,Wil,2006
774756,Twice Upon a Time,2006
775090,The Stone Merchant,2006
775440,Cell,2016
775529,The Savages,2007
775543,Night Catches Us,2010
778661,Daddy's Little Girls,2007
778784,My Best Friend,2006
780484,Blizhniy Boy: The Ultimate Fighter,2007
780486,Blue State,2007
780500,Deep Winter,2008
780504,Drive,2011
780511,Everybody's Fine,2009
780516,Flawless,2007
780521,The Princess and the Frog,2009
780534,My Mom's New Boyfriend,2008
780536,In Bruges,2008
780548,Kid Cannabis,2014
780567,Imagine That,2009
780571,Mr. Brooks,2007
780608,Smiley Face,2007
780622,Teeth,2007
780650,Welcome to Paradise,2007
780653,The Wolfman,2010
782710,Yours to Keep,1989
783233,Atonement,2007
783234,The Baker,2007
783238,The Dead Girl,2006
783478,American Venus,2007
783515,The Education of Charlie Banks,2007
783565,Game of Life,2007
783598,Until Death,2007
783601,American Loser,2007
783608,The Walker,2007
783640,The Last Full Measure,2020
783767,Angel,2007
784972,The Brothers Solomon,2007
785006,Hotel for Dogs,2009
785007,Over Her Dead Body,2008
785012,In Tranzit,2008
785016,Kill Kill Faster Faster,2008
787462,Elvis and Anabelle,2007
787470,Balls Out: Gary the Tennis Coach,2009
787474,The Boxtrolls,2014
787475,Hot Rod,2007
787500,Love Comes Lately,2007
787515,Strength and Honour,2007
787519,Broken Lines,2008
787523,Towelhead,2007
790590,Botched,2007
790604,Deck the Halls,2006
790623,Meet Bill,2007
790627,Brief Interviews with Hideous Men,2009
790628,The Incredible Burt Wonderstone,2013
790636,Dallas Buyers Club,2013
790657,Everybody Wants to Be Italian,2007
790663,The First Grader,2010
790665,Flood,2007
790676,The Good Life,2007
790686,Mirrors,2008
790712,The Messenger,2009
790721,Normal Adolescent Behavior,2007
790722,One Night with You,2006
790723,Just Add Water,2008
790724,Jack Reacher,2012
790736,R.I.P.D.,2013
790751,Sparkle,2007
790769,Kurt Cobain About a Son,2006
790770,Miles Ahead,2015
790799,$9.99,2008
790804,The Comebacks,2007
790823,When Stand Up Stood Out,2003
791303,A Summer in Genoa,2008
791304,Georgia Rule,2007
792975,L'invité,2007
794280,Kamiya Etsuko no seishun,2006
795351,Case 39,2009
795361,Cougar Club,2007
795368,Death at a Funeral,2007
795370,Le deuxième souffle,2007
795371,Dirty Laundry,2006
795421,Mamma Mia!,2008
795438,Not Easily Broken,2009
795439,Numb,2007
795459,Wilde Salomé,2011
795461,Scary Movie 5,2013
795493,Cassandra's Dream,2007
796206,The Black Pimpernel,2007
796307,Under the Same Moon,2007
796335,Molière,2007
796339,On Broadway,2007
796366,Star Trek,2009
796368,Talk to Me,2007
796375,You Kill Me,2007
798817,13,2010
799911,Our Country,2006
799934,Be Kind Rewind,2008
799942,Black Crescent Moon,2008
799949,Epic Movie,2007
799951,Body Armour,2007
800027,Feast of Love,2007
800039,Forgetting Sarah Marshall,2008
800080,The Incredible Hulk,2008
800145,Nevermore,2007
800240,Deception,2008
800241,Transsiberian,2008
800268,Wieners,2008
800272,The Hip Hop Project,2006
800308,Appaloosa,2008
800320,Clash of the Titans,2010
800347,Marvelous,2006
800369,Thor,2011
802948,An American Crime,2007
803057,The Promotion,2008
803061,Red Dog,2011
803096,Warcraft,2016
804461,Death Sentence,2007
804463,Devil's Knot,2013
804497,It's Kind of a Funny Story,2010
804505,Married Life,2007
804516,P2,2007
804522,Rendition,2007
804529,Sleep Dealer,2008
804552,The Killing Gene,2007
805564,Lars and the Real Girl,2007
805570,The Midnight Meat Train,2008
805647,The Witches,2020
806130,My Sexiest Year,2007
806147,Extreme Movie,2008
806165,The Ramen Girl,2008
806203,Carriers,2009
808151,Angels & Demons,2009
808182,Gone for a Dance,2007
808232,A Dog Year,2009
808244,Easy Virtue,2008
808245,A Letter to Elia,2010
808261,Fallen Angels,2006
808279,Funny Games,2007
808285,The Good Heart,2009
808331,Joshua,2007
808339,The Heir Apparent: Largo Winch,2008
808392,Neal Cassady,2007
808399,"New York, I Love You",2008
808417,Persepolis,2007
808425,Pornorama,2007
808510,Tooth Fairy,2010
808526,Life During Wartime,2009
809504,The Accidental Husband,2008
810772,Belle du Seigneur,2012
810784,Bright Star,2009
810794,Chaos and Order: Making American Theater,2005
810817,The Da Vinci Treasure,2006
810819,The Danish Girl,2015
810836,Dirt Music,2019
810880,Gospel Hill,2008
810913,Jack and Jill,2011
810922,Take Me Home Tonight,2011
810928,The Last Sin Eater,2007
810945,Live!,2007
810988,The Nines,2007
811080,Speed Racer,2008
811106,The Ten,2007
811128,Turn the River,2007
811138,The Love Guru,2008
813378,Almost Heaven,2006
813542,"Sexo, amor y otras perversiones 2",2006
813991,Act of God,2009
814072,Day on Fire,2006
814130,The Hammer,2007
814255,Percy Jackson & the Olympians: The Lightning Thief,2010
814314,Seven Pounds,2008
814331,Spring Breakdown,2009
814335,The Stepfather,2009
814690,Waiting for Someone,2007
814691,Made in Paris,2006
814759,Parc,2008
814768,The Price to Pay,2007
815096,Agent Crush,2008
815138,Take,2007
815178,The Life Before Her Eyes,2007
815182,Irene in Time,2009
815236,She's Out of My League,2010
815245,The Uninvited,2009
816442,The Book Thief,2013
816462,Conan the Barbarian,2011
816516,Gregory Peck: His Own Man,1988
816545,Kabluey,2007
816616,Poor Boy's Game,2007
816648,Shanghai Hotel,2011
816692,Interstellar,2014
816711,World War Z,2013
817177,Flipped,2010
817230,Valentine's Day,2010
817538,Drillbit Taylor,2008
817545,The Power of Few,2013
818165,The Alphabet Killer,2008
818172,Soupernatural,2010
818831,Bull,2008
819123,Sacred Waters,2006
819714,The Edge of Love,2008
820078,For No Good Reason,2004
820914,Left for Dead,2007
821640,Ghosts of Girlfriends Past,2009
821642,The Soloist,2009
821810,All Roads Lead Home,2008
822785,3:19,2008
822791,Blackout,2007
822802,Death Toll,2008
822811,God's Ears,2008
822832,Marley & Me,2008
822847,Priest,2011
822849,Rails & Ties,2007
822854,Shooter,2007
824330,Female Agents,2008
824747,Changeling,2008
824758,The Last Station,2009
825225,American Pastime,2007
825232,The Bucket List,2007
825244,Conversations with My Gardener,2007
826593,Pandemic,2009
826823,Magic,2010
827181,Hide,2008
828065,Moondance Alexander,2007
828103,Taking Chances,2009
828158,The Take,2007
829098,When Did You Last See Your Father?,2007
829150,Dracula Untold,2014
829160,Edge of Outside,2006
829193,Honeydripper,2007
829297,Ten Inch Hero,2007
829459,A Mighty Heart,2007
829482,Superbad,2007
830515,Quantum of Solace,2008
830558,The Girl Next Door,2007
830681,Who's Your Monkey?,2007
830861,A Fox's Tale,2008
831280,Waking Madison,2010
831299,I Really Hate My Job,2007
831387,Godzilla,2014
831846,Citadel,2006
831884,Reservation Road,2007
831887,The Spirit,2008
832266,"Definitely, Maybe",2008
832318,What Goes Up,2009
832906,Monkey Warfare,2006
833557,Visioneers,2008
833960,Gardens of the Night,2008
834001,Underworld: Rise of the Lycans,2009
834539,Fall Down Dead,2007
834540,New York City Serenade,2007
834541,Sherman's Way,2008
834941,A Plumm Summer,2007
834961,Fashion Victim,2008
835418,The Babymakers,2012
835775,Electric Slide,2014
835802,Krystal,2017
837106,Arn: The Knight Templar,2007
837562,Hotel Transylvania,2012
837563,Pet Sematary,2019
837795,Frame of Mind,2009
837802,Your Name Here,2008
837803,Sex and Breakfast,2007
838221,The Darjeeling Limited,2007
838232,The Pink Panther 2,2009
838247,After.Life,2009
838283,Step Brothers,2008
839742,Bhopal: A Prayer for Rain,2014
839773,Daisy Diamond,2007
839976,Santos,2008
839980,Semi-Pro,2008
840306,Cosmic Radio,2007
840322,Forever Strong,2008
840361,The Town,2010
840363,Racing Daylight,2007
840375,Shanghai Baby,2007
840406,"War Eagle, Arkansas",2007
841032,The Perfect Holiday,2007
841044,2 Days in Paris,2007
841046,Walk Hard: The Dewey Cox Story,2007
841393,Fragile(s),2007
842022,Retaliation,2006
842926,The Kids Are All Right,2010
843358,My Dog Tulip,2009
843843,A Dance for Bethany,2007
844286,The Brothers Bloom,2008
844471,Cloudy with a Chance of Meatballs,2009
844489,West 32nd,2007
844666,Blackout,2008
844708,The Last House on the Left,2009
844768,Wild West Comedy Show: 30 Days & 30 Nights - Hollywood to the Heartland,2006
844866,Killer by Nature,2010
844993,Hoodwinked Too! Hood vs. Evil,2011
846308,Kit Kittredge: An American Girl,2008
847167,The Girl in the Park,2007
847187,O Lucky Malcolm!,2006
847215,Neowolf,2010
847743,Hidden Love,2007
847745,Manuale d'amore 2 (Capitoli successivi),2007
847754,"Piano, solo",2007
847825,The Speed of Thought,2011
847830,Grow Your Own,2007
847897,The Stone Angel,2007
848228,The Avengers,2012
848281,The Deal,2008
848537,Epic,2013
848556,Vicious Circle,2009
848557,Diary of the Dead,2007
850253,Battle in Seattle,2007
850648,American Cowslip,2009
851530,The Lodger,2009
852713,The House Bunny,2008
852940,Born,2007
852953,Dreaming of Tibet,2003
852963,The Hideout,2007
852975,The Last Request,2006
852986,Naked Run,2011
853157,The Upsetter: The Life and Music of Lee Scratch Perry,2008
854147,"Life, Death, and Damien",2000
854159,Robert Mitchum: The Reluctant Star,1991
854672,The Lark Farm,2007
855011,Mrs. Ratcliffe's Revolution,2007
856778,Clubbed,2008
857191,The Visitor,2007
857265,Sleuth,2007
857275,Wonderful World,2009
857285,Let Them Chirp Awhile,2007
857295,Timber Falls,2007
858411,2001 Maniacs: Field of Screams,2010
858463,Monkfish,2008
858479,Smart People,2008
858486,Battle for Terra,2007
858500,Wide Blue Yonder,2010
859163,The Mummy: Tomb of the Dragon Emperor,2008
859635,Super Troopers 2,2018
860866,Far North,2007
860870,Touching Home,2008
861689,Blindness,2008
861704,Emotional Arithmetic,2007
861721,Les moutons de Jacob,2002
862714,"Hécuba, un sueño de pasión",2006
862846,Sunshine Cleaning,2008
862856,Trick 'r Treat,2007
862884,The Twenty,2009
862911,The Reject,2007
863111,Bastardi,2008
863117,Wine and Kisses,2007
864751,Kid Power,2007
864761,The Duchess,2008
864835,Mr. Peabody & Sherman,2014
864918,Trivial,2007
864921,My Very Best Friend,2007
865297,The Black Balloon,2008
865554,The Informers,2008
865556,The Forbidden Kingdom,2008
865559,My Life in Ruins,2009
866435,Hotel California,2008
866437,The Jane Austen Book Club,2007
866439,Made of Honor,2008
867160,Whaledreamers,2006
867270,Childless,2008
867295,From a Place of Darkness,2008
867334,Jolene,2008
867464,Unnatural Causes,2008
867591,Smother,2008
869994,Paris,2008
870111,Frost/Nixon,2008
870118,Harrison Montgomery,2008
870122,Humboldt County,2008
870154,Jungle Cruise,2020
870204,Boot Camp,2008
870222,Surviving My Mother,2007
870937,Open Graves,2009
870984,Antichrist,2009
871020,The Cradle,2007
871426,Baby Mama,2008
871509,The Last Gang,2007
872110,Im freien Fall - Tom Tykwer und das Kino,2004
872202,Ghosts,2006
872264,The Rimshop,2008
873886,Red State,2011
874268,The Dot Man,2017
874271,Elsewhere,2009
874292,J-ok'el,2007
874425,Pretty Ugly People,2008
875034,Nine,2009
875608,The Plex,2008
875613,Rift,2011
876233,The Last Word,2008
876563,Ponyo,2008
878700,"New Orleans, Mon Amour",2008
878804,The Blind Side,2009
878835,Please Give,2010
879870,Eat Pray Love,2010
880570,The Ministers,2009
880578,Untraceable,2008
881891,All About Steve,2009
882113,Looking for Palladin,2008
882765,Eavesdrop,2008
882969,The Golden Boys,2008
882977,Snitch,2013
883398,Dark Reel,2008
883410,Nora's Hair Salon II,2008
884038,El camino,2008
884056,Dirty Habit,2006
884214,Wreckage,2010
884224,"War, Inc.",2008
884328,The Mist,2007
884726,Legends of Oz: Dorothy's Return,2013
884732,The Wedding Ringer,2015
886531,Shades of Ray,2008
887719,Blonde Ambition,2007
887883,Burn After Reading,2008
887912,The Hurt Locker,2008
887966,Under New Management,2009
887971,While She Was Out,2008
888507,Last Minute Marocco,2007
888693,Sleepwalking,2008
889134,Finding Amanda,2008
889573,The Switch,2010
889588,The Children of Huang Shi,2008
889671,Trumbo,2007
890883,Black Ice,2007
891527,Lions for Lambs,2007
891592,Street Fighter: The Legend of Chun-Li,2009
892096,Remarkable Power,2008
892255,Che: Part One,2008
892318,Letters to Juliet,2010
892391,The Meerkats,2008
892392,Serbian Scars,2009
892767,Horsemen,2009
892769,How to Train Your Dragon,2010
892782,Monsters vs. Aliens,2009
892791,Shrek Forever After,2010
893322,The Dissection of Thanksgiving,2008
893346,Kiss the Bride,2007
893356,Nanking,2007
893402,Franklyn,2008
893406,Loaded,2008
893411,Never Forget,2008
893412,From Prada to Nada,2011
893509,Blonde and Blonder,2007
896031,The Loss of a Teardrop Diamond,2008
896529,Cairo Time,2009
896534,Deadgirl,2008
896798,Cleaner,2007
896872,The Whistleblower,2010
896923,The City of Your Final Destination,2009
896957,Oviedo Express,2007
897347,The Echo,2008
897361,I Know Who Killed Me,2007
898367,The Road,2009
899106,Love Happens,2009
899128,100 Feet,2008
899138,An American Affair,2008
899143,Dinosaurs: Giants of Patagonia,2007
899145,Don't Fade Away,2010
899154,The Key Man,2011
899303,Oscar: The Color of Destiny,2008
900387,Suite Française,2014
901476,Bride Wars,2009
901481,Eichmann,2007
901485,A Girl Cut in Two,2007
901504,Psych:9,2010
902247,Acts of Violence,2010
902270,Constantine's Sword,2007
902279,Entry Level,2007
902290,I Sell the Dead,2008
902337,Under Still Waters,2008
902347,Voice from Afar,2007
902348,The Waiting Room,2007
903131,All Hat,2007
903606,Hooking Up,2009
903624,The Hobbit: An Unexpected Journey,2012
903627,Julia,2008
903636,A Place in Time,2007
903657,Love & Mercy,2014
904127,The Poet,2007
905357,Normal,2007
905367,Sci Fi Inside: 'King Kong',2005
905372,The Thing,2011
905979,Chicago 10,2007
906108,Why Did I Get Married?,2007
906727,Ball Don't Lie,2008
906734,The Broken,2008
906773,Player 5150,2008
906777,La señal,2007
906778,Black Butterflies,2011
906783,The 27 Club,2008
907678,Edison & Leo,2008
907680,Walk All Over Me,2007
909824,Rez Bomb,2008
910554,Frequently Asked Questions About Time Travel,2009
910885,A Merry Friggin' Christmas,2014
910905,In the Electric Mist,2009
910911,It Had to be You,2007
910915,Life in Flight,2008
910936,Pineapple Express,2008
910970,WALL·E,2008
910993,Beyond the Ring,2008
913354,Armored,2009
913413,The Marc Pease Experience,2009
914362,Last Call,2008
914797,Bottle Shock,2008
914798,The Boy in the Striped Pajamas,2008
914837,44 Inch Chest,2009
914845,Familiar Strangers,2008
914863,Unthinkable,2010
915473,This Is Not a Test,2008
918520,Gangster Kittens,2016
918628,Fishtales,2007
918639,The View from Greenhaven,2008
918927,Doubt,2008
918940,The Legend of Tarzan,2016
920458,Flame & Citron,2008
920460,Gitmek: My Marlon and Brando,2008
920473,Shall We Kiss?,2007
922354,Après lui,2007
922642,Tooth and Nail,2007
923653,The Dead Undead,2010
924129,Crossing Over,2009
924151,Strange Culture,2007
926084,Harry Potter and the Deathly Hallows: Part 1,2010
926129,Prom Night,2008
926380,The Boys Are Back,2009
926762,Loft,2008
928188,The Box,2007
928193,San Saba,2008
929238,Hamlet (Solo),2007
929441,Lezione 21,2008
929632,Precious,2009
932527,George Sluizer - Filmen over grenzen,2006
932661,Brothers War,2009
932669,Older Than America,2008
934446,"Glenn, the Flying Robot",2010
934536,Muse of Fire,2007
934840,Float,2008
935075,Rabbit Hole,2010
936501,Taken,2008
937347,Already Dead,2007
937375,This Christmas,2007
937391,A Broken Life,2007
938305,Freaky Deaky,2012
938330,Silent Hill: Revelation,2012
938706,The Last Lullaby,2008
939615,Hotel Gramercy Park,2008
940580,Afterwards,2008
940657,Arthur and the Revenge of Maltazard,2009
940782,Le tueur,2007
940789,Teo's Journey,2008
942385,Tropic Thunder,2008
942891,The Guitar,2008
942904,The Uninvited,2008
944101,Good Dick,2008
944835,Salt,2010
944958,Love and Other Crimes,2008
945321,The Bird Can't Fly,2007
945513,Source Code,2011
945564,The Haunting of Marsten Manor,2007
945580,Odysseus: Voyage to the Underworld,2008
947798,Black Swan,2010
947802,Lakeview Terrace,2008
947810,Green Zone,2010
948470,The Amazing Spider-Man,2012
948547,Fragments,2008
949340,Autodidakté architektury nitra,2005
949731,The Happening,2008
949815,Mr. Warmth: The Don Rickles Project,2007
950677,Deeply Irresponsible,2007
950755,Not in Our Name!,2006
951216,Mad Money,2008
951335,The New Daughter,2009
952640,Alvin and the Chipmunks,2007
952687,The Third Eye,2007
953369,Disco,2008
954945,Izabrao sam Sokrat-Prota-Krap,2007
954947,The Killer Inside Me,2010
954981,Cass,2008
954990,The Yellow Handkerchief,2008
955308,Robin Hood,2010
955411,The Ten Commandments,2007
956038,Nights in Rodanthe,2008
959306,Reach Me,2014
959337,Revolutionary Road,2008
960066,The Black Waters of Echo's Pond,2009
960098,Winter of Frozen Dreams,2009
960144,You Don't Mess with the Zohan,2008
960721,Adventures of Power,2008
960731,Bedtime Stories,2008
960862,Through Your Eyes,2007
961079,Reclaiming the Blade,2009
961108,Fireflies in the Garden,2008
961728,The Escapist,2008
961755,The Trouble with Cali,2012
962726,High School Musical 3: Senior Year,2008
962733,A Man Among Giants,2008
962736,The Young Victoria,2009
963177,Made in Romania,2010
963178,The International,2009
963194,Repo! The Genetic Opera,2008
963794,The Ruins,2008
963965,Dolan's Cadillac,2009
963966,The Sorcerer's Apprentice,2010
964185,Tetro,2009
964517,The Fighter,2010
964539,Pathology,2008
964586,Skin,2008
964587,St. Trinian's,2007
965369,A Couple of White Chicks at the Hairdresser,2007
965375,Breaking Point,2009
965429,L'imbroglio nel lenzuolo,2010
965440,Rain,2008
967945,The Merry Gentleman,2008
968264,The Conspirator,2010
969292,Little Red Devil,2008
969348,The Toe Tactic,2008
970179,Hugo,2011
970199,Zero Hour,2007
970411,City of Ember,2008
970416,The Day the Earth Stood Still,2008
970452,Solomon Kane,2009
970468,Miss Pettigrew Lives for a Day,2008
970522,Wamego Strikes Back,2007
970866,Little Fockers,2010
970926,The Chosen One,2010
971209,A Perfect Getaway,2009
972381,Jack Taylor of Beverly Hills,2007
972544,Back Roads,2018
972552,Dickie Smalls: From Shame to Fame,2007
972817,Heart of the Garden,1985
972883,Red,2008
974005,Inconceivable,2008
974014,Creation,2009
974015,Justice League,2017
974554,Elegy,2008
974584,Black Limousine,2010
974613,The Other Man,2008
974661,17 Again,2009
974662,The Velveteen Rabbit,2009
975645,Hitchcock,2012
975720,RSO [Registered Sex Offender],2008
976025,Certifiably Jonathan,2007
976036,The Frequency of Claire,2008
976039,Hip-Hop: Beyond Beats & Rhymes,2006
976040,Holy Money,2009
976051,The Reader,2008
976222,Bandslam,2009
976238,Old Dogs,2009
976246,Little New York,2009
976247,"Surfer, Dude",2008
977214,Hero Wanted,2008
977639,Boyle Heights,2010
977855,Fair Game,2010
978670,The Neighbor,2007
978759,Frozen River,2008
978762,Mary and Max,2009
978764,Sucker Punch,2011
978800,La cucina,2007
981042,Like Dandelion Dust,2009
981072,The Lucky Ones,2008
981227,Nick and Norah's Infinite Playlist,2008
982914,Final Draft,2007
983193,The Adventures of Tintin,2011
983909,Real Time,2008
983946,Fantasy Island,2020
984200,Incendiary,2008
984210,Multiple Sarcasms,2010
985047,Animal 2,2008
985058,Metropia,2009
985593,Miss Conception,2008
985694,Machete,2010
985695,The Smell of Success,2009
985699,Valkyrie,2008
986263,Surrogates,2009
988045,Sherlock Holmes,2009
988047,Traitor,2008
988083,Killer Movie,2008
988595,27 Dresses,2008
989000,In Search of a Midnight Kiss,2007
989757,Dear John,2010
990361,Room of Death,2007
990407,The Green Hornet,2011
991163,The Man Who Shot Chinatown: The Life and Work of John A. Alonzo,2007
991174,Ingenious,2009
993753,David & Fatima,2008
993841,Dead Air,2009
993842,Hanna,2011
993846,The Wolf of Wall Street,2013
995039,Ghost Town,2008
995060,Brutal Massacre: A Comedy,2007
995845,The Courier,2012
995851,In Her Skin,2009
995868,Pelé: Birth of a Legend,2016
996363,El brassier de Emma,2007
996389,Eros una vez María,2007
996396,Fog City Mavericks,2007
996605,Love Songs,2007
996932,The Feelings Factory,2008
996934,Farm House,2008
996956,Lady Jane,2008
996982,The Tour,2008
997038,The Butcher,2009
997047,College Road Trip,2008
997053,Dream Makers,2006
997057,An Englishman in New York,2009
997060,Film Trix,2005
997152,The Experiment,2010
997280,The Demons of St. Petersburg,2008
999872,Thomas Kinkade's Christmas Cottage,2008
999898,The Lew Rudin Way,2006
999913,Straw Dogs,2011
999986,My Big Break,2009
1000774,Sex and the City,2008
1001508,He's Just Not That Into You,2009
1001526,Megamind,2010
1001534,A Secret Promise,2009
1001540,Perestroika,2009
1002561,2:13,2009
1002966,Ca$h,2008
1003009,La leyenda de la Nahuala,2007
1003010,Fling,2008
1003034,Perrier's Bounty,2009
1003116,Pete Seeger: The Power of Song,2007
1007018,The Open Road,2009
1007028,Zack and Miri Make a Porno,2008
1007029,The Iron Lady,2011
1007032,iMurders,2008
1007950,Diminished Capacity,2008
1008010,The Narrows,2008
1008017,Palermo Shooting,2008
1009019,Crimes of the Past,2009
1010020,The Lovebirds,2007
1010027,Mo,2007
1012729,Helen,2009
1012757,Loins of Punjab Presents,2007
1012804,Redbelt,2008
1013651,The Man Who Came Back,2008
1013716,The Sophisticated Misfit,2007
1013743,Knight and Day,2010
1013752,Fast & Furious,2009
1013753,Milk,2008
1013860,Dylan Dog: Dead of Night,2010
1014759,Alice in Wonderland,2010
1014763,Child 44,2015
1014766,The Least of These,2008
1014774,A Shine of Rainbows,2009
1014775,Beverly Hills Chihuahua,2008
1014806,The Poker House,2008
1014808,The Understudy,2008
1015470,A Single Woman,2008
1015474,Train,2008
1015976,Columbus Day,2008
1017430,Days of Wrath,2008
1017451,The Runaways,2010
1017460,Splice,2009
1017464,The Tortured,2010
1018765,Our Brand Is Crisis,2015
1018785,The Sisterhood of the Traveling Pants 2,2008
1018818,Assassination of a High School President,2008
1018830,Yonkers Joe,2008
1019452,A Serious Man,2009
1020055,Night Train,2009
1020072,Selma,2014
1020530,Eden Lake,2008
1020558,Centurion,2010
1020559,Patagonia,2010
1020885,Vampire Killers,2009
1020951,Enemigos íntimos,2008
1022603,500 Days of Summer,2009
1023111,Never Back Down,2008
1023114,The Way Back,2010
1023342,Of Boys and Men,2008
1023344,Outrage: Born in Terror,2009
1023346,True Adolescents,2009
1023500,Doghouse,2009
1023505,Remembering Phil,2008
1024255,Wild Child,2008
1024648,Argo,2012
1024715,Choke,2008
1024733,$5 a Day,2008
1024855,Gunned Down,2017
1024903,Je suis venu pour elle,2009
1025100,Gemini Man,2019
1027718,Wall Street: Money Never Sleeps,2010
1027747,Stiletto,2008
1027760,Uncross the Stars,2008
1027862,Swing Vote,2008
1027873,The Magnificent Eleven,2013
1028528,Death Proof,2007
1028532,Hachi: A Dog's Tale,2009
1028576,Secretariat,2010
1028581,Love N' Dancing,2009
1029120,Henry Poole Is Here,2008
1029134,Birds of America,2008
1029241,Vinyan,2008
1029360,Poltergeist,2015
1031224,Control Alt Delete,2008
1031241,From Time to Time,2009
1031243,The Garden of Eden,2008
1031280,Splinter,2008
1031291,Verstörung - und eine Art von Poesie. Die Filmlegende Bernhard Wicki,2007
1031969,The Rocker,2008
1032751,The Warrior's Way,2010
1032755,RocknRolla,2008
1032817,Middle of Nowhere,2008
1032819,Powder Blue,2009
1032825,The Other Woman,2009
1033575,The Descendants,2011
1033643,What Happens in Vegas,2008
1034010,Bad Meat,2011
1034032,Gamer,2009
1034090,All's Faire in Love,2009
1034302,The Cry of the Owl,2009
1034303,Defiance,2008
1034320,Private Valentine: Blonde & Dangerous,2008
1034324,The Mighty Macs,2009
1034325,Phoebe in Wonderland,2008
1034331,Righteous Kill,2008
1034389,The Eagle,2011
1034415,Suspiria,2018
1035736,Coco Before Chanel,2009
1037090,The Last International Playboy,2008
1037218,Flashbacks of a Fool,2008
1037222,Cody the Robosapien,2013
1037705,The Book of Eli,2010
1038011,The Tomb,2009
1038043,Mammoth,2009
1038680,Love at First Kill,2008
1038686,Legion,2010
1038693,The Story of Luke,2012
1038902,Spiker,2007
1038915,Shoot on Sight,2007
1038919,The Bounty Hunter,2010
1039613,Manipulation,2011
1039652,The Zone,2007
1041753,Harold,2008
1041778,Let the Game Begin,2010
1041829,The Proposal,2009
1042497,Exit Speed,2008
1042877,Cadillac Records,2008
1043726,The Legend of Hercules,2014
1043787,A Beautiful Life,2008
1043838,Conspiracy,2008
1043845,Fierce Light: When Spirit Meets Action,2008
1045658,Silver Linings Playbook,2012
1045772,I Love You Phillip Morris,2009
1045778,Year One,2009
1046163,My Best Friend's Girl,2008
1046171,You and I,2011
1046173,G.I. Joe: The Rise of Cobra,2009
1046936,Hurt,2009
1046947,Last Chance Harvey,2008
1046957,A Line in the Sand,2008
1046997,Miracle at St. Anna,2008
1047011,Unfinished Song,2012
1047445,Big Game,2008
1047449,Camp Hell,2010
1047450,Caris' Peace,2011
1047494,Meet the Browns,2008
1047540,Parental Guidance,2012
1047832,Linewatch,2008
1049405,The Other End of the Line,2008
1049406,Pablo,2012
1049413,Up,2009
1049948,Casi divas,2008
1051253,The Portal,2010
1051340,Ivory,2010
1051904,Goosebumps,2015
1051906,The Invisible Man,2020
1053424,Repo Men,2010
1053810,The Big Year,2011
1053880,"Little Fish, Strange Pond",2009
1054118,No Subtitles Necessary: Laszlo & Vilmos,2008
1054588,Flash of Genius,2008
1054606,The Imaginarium of Doctor Parnassus,2009
1055292,Life as We Know It,2010
1055363,The Dead Matter,2010
1055369,Transformers: Revenge of the Fallen,2009
1056036,Animals,2008
1056220,New délire,2007
1057500,Invictus,2009
1057505,Love Me Still,2008
1057581,How to Be,2008
1058017,The Invention of Lying,2009
1058743,Pretty Bird,2008
1059317,Sophomore,2012
1059786,Eagle Eye,2008
1059798,In the Company of Actors,2007
1059925,According to Greta,2009
1060243,La buena nueva,2008
1060277,Cloverfield,2008
1062964,The Seventh Python,2008
1063111,Small Town Saturday Night,2010
1064977,A Simple Heart,2008
1065073,Boyhood,2014
1065124,Shadows in the Sun,2009
1065290,All Inclusive,2008
1066327,London Betty,2009
1067106,A Christmas Carol,2009
1067583,Water for Elephants,2011
1067765,Adult World,2013
1067774,Monte Carlo,2011
1068242,Footloose,2011
1068641,The Burning Plain,2008
1068649,I've Loved You So Long,2008
1068678,Veronika Decides to Die,2009
1068680,Yes Man,2008
1070781,Good Intentions,2010
1070887,The War Boys,2009
1071812,Mao's Last Dancer,2009
1071832,Stolen,2005
1071875,Ghost Rider: Spirit of Vengeance,2011
1072438,Not Since You,2009
1072748,Winchester,2018
1072754,Messages Deleted,2010
1073241,Nothing But the Truth,2008
1073246,See You in September,2010
1073624,Wild Blood,2008
1073660,Colpo d'occhio,2008
1073671,Par suite d'un arrêt de travail...,2008
1074191,The Betrayed,2008
1074214,The Six Wives of Henry Lefay,2009
1074638,Skyfall,2012
1075113,Don't Look Back,2009
1075417,Race to Witch Mountain,2009
1075747,Jonah Hex,2010
1077258,Planet Terror,2007
1077368,Dark Shadows,2012
1078188,Boy A,2007
1078588,My Sister's Keeper,2009
1078600,Walking Vengeance,2008
1078912,Night at the Museum: Battle of the Smithsonian,2009
1078940,Couples Retreat,2009
1079968,Jack and the Beanstalk,2009
1079974,10 Years Later,2010
1079980,Death in Love,2008
1080016,Ice Age: Dawn of the Dinosaurs,2009
1082007,Italians,2009
1082009,Queen to Play,2009
1082577,Deadly Impact,2010
1082599,Stag Night,2008
1082601,Fighting,2009
1082807,The Belko Experiment,2016
1082853,Management,2008
1082886,The Wackness,2008
1083456,Fired Up!,2009
1084697,Jump Out Boys,2008
1084950,Rachel Getting Married,2008
1084955,Falling Up,2009
1085382,Chicago Overcoat,2009
1085492,The Prince,2014
1086064,Bill & Ted Face the Music,2020
1086216,Uncertainty,2008
1086772,Blended,2014
1086797,Unstable Fables: 3 Pigs & a Baby,2008
1087524,Once Fallen,2010
1087527,Trucker,2008
1087832,Kod apokalipsisa,2007
1087851,Les grandes personnes,2008
1090646,City Rats,2009
1090674,Opposite Day,2009
1090695,2B,2009
1090749,Consent,2010
1091191,Lone Survivor,2013
1091722,Adventureland,2009
1091751,The Longshots,2008
1091821,Noah,2012
1091863,With Great Power: The Stan Lee Story,2010
1092018,Mr. Sadman,2009
1092026,Paul,2011
1092633,"The Goods: Live Hard, Sell Hard",2009
1092634,Shanghai,2010
1093352,Comme les autres,2008
1093357,The Darkest Hour,2011
1093908,Confessions of a Shopaholic,2009
1094206,Welcome to Academia,2009
1094285,Viaggio in corso nel cinema di Carlo Lizzani,2007
1094296,For Sale by Owner,2009
1094597,The Quiet Ones,2010
1094668,Jusqu'à toi,2009
1095001,Explicit Ills,2008
1095174,New in Town,2009
1095217,Bad Lieutenant: Port of Call New Orleans,2009
1095432,A Tram in SP,2008
1096986,Reach for Me,2008
1096991,Red Velvet,2008
1097013,Next Day Air,2009
1097643,Fifty Dead Men Walking,2008
1098327,Dragonball Evolution,2009
1099209,Silent Life,2020
1099212,Twilight,2008
1100048,35 Shots of Rum,2008
1100051,Bereavement,2010
1100089,Foxcatcher,2014
1100119,Shorts,2009
1100898,The Conspiracy,2008
1103153,Killers,2010
1103192,The Blind Sunflowers,2008
1103221,Fix,2008
1103256,Red Sands,2009
1103273,Peep World,2010
1103275,Two Lovers,2008
1104001,TRON: Legacy,2010
1104006,Walled In,2009
1104126,Shifty,2008
1104733,Hamlet 2,2008
1104806,One Week,2008
1104814,Coffin Rock,2009
1105355,Growing Up Smith,2015
1105512,The Missing Person,2009
1105740,Eva,2010
1106860,Ca$h,2010
1107319,Dirty Girl,2010
1107816,Giallo,2009
1107948,Saving Grace B. Jones,2009
1109469,Family Tree,1985
1109473,Festival of Mirrors,1982
1109477,The Human Contract,2008
1109574,Between Us,2012
1109594,Kalamity,2010
1109624,Paddington,2014
1111235,Trance,2010
1111422,The Taking of Pelham 123,2009
1111918,The Line,2009
1111948,Soul Men,2008
1112782,Thick as Thieves,2009
1113827,Toronto Stories,2008
1114680,That Evening Sun,2009
1114710,He Ain't Like That,2010
1114740,Paul Blart: Mall Cop,2009
1116183,Carmen's Kiss,2010
1117385,Felon,2008
1119191,The Killing Room,2009
1119646,The Hangover,2009
1120899,Do You Sleep in the Nude?,2007
1120985,Blue Valentine,2010
1121096,Seventh Son,2014
1121786,Formosa Betrayed,2009
1121931,Crank: High Voltage,2009
1121977,Mother and Child,2009
1121986,Money Fight,2012
1122765,The House That Jack Built,2009
1122775,Rosencrantz and Guildenstern Are Undead,2009
1124035,The Ides of March,2011
1124037,Free State of Jones,2016
1124039,Echelon Conspiracy,2009
1124060,Number One with a Bullet,2008
1124061,Why We Laugh: Black Comedians on Black Comedy,2009
1124377,John Rabe,2009
1125849,The Wrestler,2008
1125914,Quemar las naves,2007
1125929,Love Ranch,2010
1126590,Big Eyes,2014
1126591,Burlesque,2010
1126618,Morning Glory,2010
1127180,Drag Me to Hell,2009
1127221,Not Forgotten,2009
1127227,Lifelines,2008
1127877,Cold Souls,2009
1127881,Farming,2018
1127886,Here,2011
1129381,Lower Learning,2008
1129396,Radio Free Albemuth,2010
1129404,Another Harvest Moon,2010
1129423,Fireproof,2008
1129427,Miss Nobody,2010
1129442,Transporter 3,2008
1129445,Amelia,2009
1130080,The Informant!,2009
1130087,16 to Life,2009
1130884,Shutter Island,2010
1130964,The 5th Quarter,2010
1130969,Sinners and Saints,2010
1130983,The Kid: Chamaco,2009
1131593,Juvenile Liaison 2,1990
1131724,2:22,2017
1131727,Against the Current,2009
1131728,Basmati Blues,2017
1131729,Pirate Radio,2009
1131734,Jennifer's Body,2009
1131742,Mutants,2008
1131747,Phantom Punch,2008
1132193,(Untitled),2009
1132285,The Factory,2012
1132438,Born of Earth,2008
1132449,Lay the Favorite,2012
1132620,The Girl with the Dragon Tattoo,2009
1133511,Cry of the Butterfly,2014
1133936,Detective Conan: Strategy Above the Depths,2005
1133985,Green Lantern,2011
1133991,What Doesn't Kill You,2008
1133993,Serious Moonlight,2009
1134629,The Private Lives of Pippa Lee,2009
1134664,Boogie Woogie,2009
1134673,Theater of War,2008
1134801,Bouquet final,2008
1135084,Takers,2010
1135085,Cat City,2008
1135092,The Limits of Control,2009
1135095,Tell Tale,2009
1135487,Duplicity,2009
1135503,Julie & Julia,2009
1135525,The Slammin' Salmon,2009
1135938,Lock and Roll Forever,2008
1135952,White Material,2009
1135968,Dean Spanley,2008
1135977,Let's All Hate Toronto,2007
1135985,Sex Drive,2008
1137450,Death Wish,2018
1137470,Accidental Love,2015
1138006,I Am Because We Are,2008
1138489,Personal Effects,2009
1139282,Stolen,2009
1139328,The Ghost Writer,2010
1139626,Shooting 'Ghosts',2006
1139662,Hope & Redemption: The Lena Baker Story,2008
1139668,The Unborn,2009
1139780,45 R.P.M.,2008
1139800,The Girl from Monaco,2008
1139806,The Easy Way,2008
1141702,I Believe in Unicorns,2014
1142433,Post Grad,2009
1142798,The Family That Preys,2008
1142800,Madea Goes to Jail,2009
1142804,Within the Whirlwind,2009
1142977,Frankenweenie,2012
1142988,The Ugly Truth,2009
1143110,High Life,2009
1143896,Holy Rollers,2010
1144546,Holyman Undercover,2010
1144804,Incredible Love,2009
1144815,Son of Morning,2011
1147681,After,2014
1147682,Cook County,2008
1147687,The Devil's Tomb,2009
1148200,Chain Letter,2009
1148204,Orphan,2009
1148205,The Bronx Bull,2016
1149592,Spy(Ies),2009
1150938,Divina confusión,2008
1150947,"Lovely, Still",2008
1151359,Leaves of Grass,2009
1151410,Tanner Hall,2009
1151911,Cornered!,2009
1151915,Nothing Like the Holidays,2008
1152270,Mad Sad & Bad,2009
1152397,American Violet,2008
1152398,Beastly,2011
1152836,Public Enemies,2009
1153043,The Least Among You,2009
1153053,Today's Special,2009
1153106,The Hessen Conspiracy,2009
1153543,The Coverup,2008
1153696,Home,2006
1153706,Dance Flick,2009
1155056,"I Love You, Man",2009
1155060,Down the Shore,2011
1155076,The Karate Kid,2010
1156067,The Lightkeepers,2009
1156143,Wild Grass,2009
1156170,The Very Very Big Company,2008
1156398,Zombieland,2009
1156512,King Conqueror,2009
1156524,The People Speak,2009
1158939,Never Grow Old,2019
1159721,Order of Chaos,2010
1159922,Cheerful Weather for the Wedding,2012
1159926,City of Life,2009
1160027,Le voyage aux Pyrénées,2008
1160368,12 Rounds,2009
1160419,Dune,2020
1160996,The Colony,2013
1161064,Super Capers: The Origins of Ed and the Missing Bullion,2009
1161404,Blood Night: The Legend of Mary Hatchet,2009
1161418,Gentlemen Broncos,2009
1161864,The Rite,2011
1164999,Biutiful,2010
1167638,22 Bullets,2010
1168773,Bananaz,2008
1169273,The Love Section,2013
1170358,The Hobbit: The Desolation of Smaug,2013
1170391,Beautiful,2009
1170398,Hinter Kaifeck,2009
1171222,Baggage Claim,2013
1171226,A Bunch of Amateurs,2008
1172049,Demolition,2015
1172230,Diamond 13,2009
1172233,Whip It,2009
1172587,Delhi Safari,2012
1172991,The Company Men,2010
1172994,The House of the Devil,2009
1172998,Hurricane Season,2009
1173687,The Bang Bang Club,2010
1174730,City Island,2009
1174732,An Education,2009
1174739,The Undying,2009
1175491,W.,2008
1175506,Me and Orson Welles,2008
1175709,All Good Things,2010
1175713,The Family Tree,2011
1176161,Fatal Secrets,2009
1176251,Gigantic,2008
1176724,Across the Hall,2009
1176740,Away We Go,2009
1178663,Whatever Works,2009
1178665,A Walk in the Woods,2015
1179025,The Extraordinary Adventures of Adèle Blanc-Sec,2010
1179031,Cold in July,2014
1179034,From Paris with Love,2010
1179056,A Nightmare on Elm Street,2010
1179069,6 Souls,2010
1179258,Chéri,2009
1179794,TiMER,2009
1179933,10 Cloverfield Lane,2016
1180346,One Day You'll Understand,2008
1181791,Black Death,2010
1181795,Bunraku,2010
1182345,Moon,2009
1182350,You Will Meet a Tall Dark Stranger,2010
1182921,Ninja,2009
1182924,A Pain in the Ass,2008
1183251,Beyond a Reasonable Doubt,2009
1183665,Cracks,2009
1183911,Mr. Nice,2010
1183921,The Vicious Kind,2009
1183923,Welcome to the Rileys,2010
1185242,Finding Bliss,2009
1185264,Red Mist,2008
1185344,Princess Kaiulani,2009
1185353,Erika Rabau: Puck of Berlin,2008
1185371,Corman's World: Exploits of a Hollywood Rebel,2011
1185376,Map of the Sounds of Tokyo,2009
1185416,When in Rome,2010
1185431,My One and Only,2009
1185836,Adam,2009
1185838,Easy Rider 2: The Ride Home,2012
1186357,Lope,2010
1186370,Spread,2009
1186788,Baby on Board,2009
1186830,Agora,2009
1187041,The Answer Man,2009
1187047,1½ Knights - In Search of the Ravishing Princess Herzelinde,2008
1188113,Peacock,2010
1188729,Pandorum,2009
1188994,The Island Inside,2009
1189073,The Skin I Live In,2011
1189340,The Lincoln Lawyer,2011
1189361,Blood Appears,2008
1190080,2012,2009
1190858,Amreeka,2009
1192620,Call of the Wild,2009
1192628,Rango,2011
1193138,Up in the Air,2009
1193507,My Own Love Song,2010
1193627,Immigrants (L.A. Dolce Vita),2008
1193630,Reunion,2009
1194173,The Bourne Legacy,2012
1194231,The Big Dream,2009
1194263,Get Low,2009
1194417,Casino Jack,2010
1194610,Special Correspondents,2009
1195478,The Five-Year Engagement,2012
1196124,Blood Shot,2013
1196134,Crazy on the Outside,2010
1196141,Diary of a Wimpy Kid,2010
1196338,Pound of Flesh,2010
1196340,Inhale,2010
1196609,Contamination,2008
1196948,Charlie Countryman,2013
1197613,The Hitmen Diaries: Charlie Valentine,2009
1197624,Law Abiding Citizen,2009
1197628,Observe and Report,2009
1198075,Cougars Inc.,2011
1198138,Obsessed,2009
1198156,You're Not You,2014
1198199,About Sunny,2011
1198385,In the Beginning,2009
1198408,Tenure,2008
1199503,Nick Nolte: No Exit,2008
1199588,Black Widow,2010
1200272,La Mission,2009
1200273,Spooner,2009
1200799,Hemispheres: A Documentary on Cerebral Palsy,2009
1201167,Funny People,2009
1201607,Harry Potter and the Deathly Hallows: Part 2,2011
1202160,Chevolution,2008
1202222,Lies & Illusions,2009
1202245,Beyond the Fire,2009
1202522,The Escape,2009
1202541,The Man Who Loves,2008
1203517,The Graves,2009
1204342,The Muppets,2011
1204935,Mythic Journeys,2009
1204953,PoliWood,2009
1204975,Last Vegas,2013
1204979,Vacancy 2: The First Cut,2008
1205497,I Know a Woman Like That,2009
1205535,The Rebound,2009
1205537,Jack Ryan: Shadow Recruit,2014
1205558,Hick,2011
1206543,Out of the Furnace,2013
1206881,The Bleeding,2009
1206885,Rambo: Last Blood,2019
1208711,The Misadventures of the Dunderheads,2012
1209377,Beautiful Kate,2009
1209378,ExTerminators,2009
1210039,Blood Done Sign My Name,2010
1210042,Brooklyn's Finest,2009
1210059,Flying Lessons,2010
1210071,The Janky Promoters,2009
1210106,St Trinian's II: The Legend of Fritton's Gold,2009
1210166,Moneyball,2011
1210819,The Lone Ranger,2013
1211353,The Mortician,2011
1211837,Doctor Strange,2016
1211890,Middle of Nowhere,2012
1211956,Escape Plan,2013
1212022,The Lion of Judah,2011
1212023,Dark Fields,2009
1212419,Hereafter,2010
1212428,The Lost City of Z,2016
1212436,The Back-up Plan,2010
1212442,Shadows in Paradise,2010
1212443,Spoken Word,2009
1212450,Lawless,2012
1212451,April Showers,2009
1212454,An Invisible Sign,2010
1212909,Broken Hill,2009
1213012,Alpha and Omega,2010
1213641,First Man,2018
1213648,London Boulevard,2010
1213663,The World's End,2013
1213672,Billy: The Early Years,2008
1213825,Love Hurts,2009
1213922,My Stars,2008
1214962,Seeking Justice,2011
1216475,Cars 2,2011
1216477,Dim Sum Funeral,2008
1216487,The Girl Who Played with Fire,2009
1216491,Kill the Messenger,2014
1216492,Leap Year,2010
1216520,Womb,2010
1216644,Sustainable Table: What's on Your Plate?,2006
1217070,Triage,2009
1217209,Brave,2012
1217213,Secret of the Wings,2012
1217426,Easier with Practice,2009
1217575,Hooked on Speedman,2008
1217616,Endgame,2009
1217645,You Might as Well Live,2009
1219289,Limitless,2011
1219336,The Donner Party,2009
1219342,Legend of the Guardians: The Owls of Ga'Hoole,2010
1219827,Ghost in the Shell,2017
1219828,Happy Tears,2009
1220198,The Fourth Kind,2009
1220214,Heartless,2009
1220217,The Legend of Hell's Gate: An American Conspiracy,2011
1220220,Motherhood,2009
1220627,Hard Breakers,2010
1220628,I Hope They Serve Beer in Hell,2009
1220633,Pastor Brown,2009
1220634,Resident Evil: Afterlife,2010
1220638,Get Real! Wise Women Speak,2011
1220888,Henry's Crime,2010
1221131,Don't Tell My Booker!!!,2007
1221207,Demoted,2011
1221208,Frankie & Alice,2010
1221895,A Kiss of Chaos,2009
1222329,Wild Cherry,2009
1222698,Beneath the Blue,2010
1222817,Zookeeper,2011
1223236,African Cats,2011
1224136,The Tested,2010
1224366,Afterschool,2008
1224378,Viy,2014
1225293,Notte senza fine,2004
1225302,The Big I Am,2010
1225698,The Nail: The Story of Joey Nardone,2009
1225822,Extract,2009
1226229,Get Him to the Greek,2010
1226232,The Greatest,2009
1226240,A Late Quartet,2012
1226273,Edge of Darkness,2010
1226753,The Debt,2010
1226766,The Great Gilly Hopkins,2015
1226774,In the Loop,2009
1226837,Beautiful Boy,2018
1227170,Passenger Side,2009
1227787,London River,2009
1227931,Slightly Single in L.A.,2013
1227932,When the Evening Comes,2009
1228705,Iron Man 2,2010
1228933,Laid to Rest,2009
1228953,Big Fan,2009
1228987,Let Me In,2010
1229238,Mission: Impossible - Ghost Protocol,2011
1229340,Anchorman 2: The Legend Continues,2013
1229405,Junkyard Dog,2010
1229822,Jane Eyre,2011
1230155,Nobody,2009
1230168,Same Kind of Different as Me,2017
1230204,A Turtle's Tale: Sammy's Adventures,2010
1230214,Stuntmen,2009
1230364,Big Heart City,2008
1230372,Endure,2010
1230380,The Job,2009
1230387,Just Peck,2009
1230414,It's Complicated,2009
1230460,Imagine a School... Summerhill,2008
1231273,Nucingen House,2008
1231287,Labor Pains,2009
1231291,Rap Therapy,2009
1231580,Alvin and the Chipmunks: The Squeakquel,2009
1231583,Due Date,2010
1231586,A Good Old Fashioned Orgy,2011
1231587,Hot Tub Time Machine,2010
1232200,That's My Boy,2012
1232824,Into Temptation,2009
1232829,21 Jump Street,2012
1232838,Triple Dog,2010
1233192,Brighton Rock,2010
1233219,"My Son, My Son, What Have Ye Done",2009
1233301,Ironclad,2011
1233332,New York Street Games,2010
1234546,'Master Harold' ... And the Boys,2010
1234548,The Men Who Stare at Goats,2009
1234560,Vsyo mogut koroli,2008
1234654,Greenberg,2010
1234719,Red Dawn,2012
1234721,RoboCop,2014
1234927,Dark Games,2011
1235124,Dorian Gray,2009
1235154,Monsterpiece Theatre Volume 1,2011
1235187,Where Hands Touch,2018
1235189,Wild Target,2010
1235200,Mercy,2009
1235430,Heterosexuals,2010
1235522,Broken City,2013
1235807,Stay Cool,2009
1237932,The Truth About Angels,2011
1238291,Five Minutes of Heaven,2009
1238298,"On the Other Hand, Death",2008
1238304,Table for Three,2009
1238735,Dhoom Dadakka,2008
1238772,Red & Blue Marbles,2011
1238843,The Day After Peace,2008
1239242,Frank and Cindy,2015
1239374,Mariachi Gringo,2012
1240538,The Arrested Development Documentary Project,2013
1240982,Your Highness,2011
1241316,Dare,2009
1241317,Death Note,2017
1241329,The River Why,2010
1241330,Road Kill,2010
1242423,Dear Lemon Lima,2009
1242460,We Need to Talk About Kevin,2011
1242516,Sword of War,2009
1242522,Oscar and the Lady in Pink,2009
1242527,At World's End,2009
1242543,Jungle Child,2011
1242544,Last Day of Summer,2009
1242548,The Perfect Age of Rock 'n' Roll,2009
1242618,Deadline,2009
1242785,Peopling the Palaces at Venaria Reale,2007
1243946,Nephilim,2017
1243957,The Tourist,2010
1243974,Aloha,2015
1244588,Magic Man,2010
1244658,Burning Bright,2010
1244659,Extraordinary Measures,2010
1244754,Conviction,2010
1245492,This Is the End,2013
1245526,RED,2010
1245534,Snatched,2011
1247662,The Good Guy,2009
1247667,High School,2010
1247683,Norman,2010
1247690,Serena,2014
1247691,Shannon's Rainbow,2009
1247692,Shrink,2009
1248971,Cherrybomb,2009
1249311,Albert Schweitzer,2009
1249315,Love on a Wkend,2009
1250777,Kick-Ass,2010
1251360,The Nothing Men,2010
1251743,Salvation Boulevard,2011
1251756,The Making of Plus One,2010
1251757,Middle Men,2009
1252486,The Garden,2008
1253863,300: Rise of an Empire,2014
1253864,Immortals,2011
1254696,Splinterheads,2009
1254978,Daylight,2010
1255919,Holmes & Watson,2018
1257569,Petit indi,2009
1258137,Give 'em Hell Malone,2009
1258154,Rock Slyde,2009
1258187,Universalove,2008
1258972,The Man with the Iron Fists,2012
1258998,The Tenant,2010
1259014,Mesrine Part 1: Killer Instinct,2008
1259521,The Cabin in the Woods,2011
1259528,Den of Thieves,2018
1259571,The Twilight Saga: New Moon,2009
1259580,Once More with Feeling,2009
1259786,So You Want Michael Madsen?,2008
1260365,On the Inside,2011
1260567,Dark House,2009
1260594,This Life,2008
1261050,I Forgot to Tell You,2009
1261420,In My Pocket,2011
1261945,Sex and the City 2,2010
1262416,Scream 4,2011
1262981,World's Greatest Dad,2009
1262990,Paradise,2013
1263670,Crazy Heart,2009
1263740,Hidden Diary,2009
1264115,The Trial,2010
1264898,Mothers&Daughters,2008
1264912,So Woman!,2009
1265617,Pass the Sugar,2009
1265990,The Roommate,2011
1266029,Nowhere Boy,2009
1266037,Quartier lointain,2010
1266545,Chamku,2008
1267297,Hercules,2014
1268799,A Very Harold & Kumar 3D Christmas,2011
1268970,The Last Rites of Ransom Pride,2010
1268987,Operation: Endgame,2010
1269696,La soga,2009
1270120,Transfer,2010
1270262,The Devil's Double,2011
1270277,Sympathy for Delicious,2010
1270280,"All Me, All the Time",2009
1270296,The Killing Jar,2010
1270761,Don't Be Afraid of the Dark,2010
1270797,Venom,2018
1270798,X-Men: First Class,2011
1270835,Hatchet II,2010
1270850,The Waiting City,2009
1272011,Fort Apache Napoli,2009
1272878,2 Guns,2013
1272886,Small Apartments,2012
1273219,The Last Film Festival,2016
1273221,London Fields,2018
1273241,Brotherhood,2010
1273678,The Spy Next Door,2010
1274300,The Tempest,2010
1274418,Fist of the Warrior,2007
1274586,Dying of the Light,2014
1274639,Breast Picture,2010
1276104,Looper,2012
1276105,Saint John of Las Vegas,2009
1276419,A Royal Affair,2012
1276962,How to Make Money Selling Drugs,2012
1277373,Umizaru 3: The Last Message,2010
1277737,The Stoning of Soraya M.,2008
1277953,Madagascar 3: Europe's Most Wanted,2012
1278379,Jack Goes Boating,2010
1279935,Date Night,2010
1281374,Don McKay,2009
1282024,Blessed,2009
1282041,Anton Chekhov's The Duel,2010
1282083,Shoot the Duke,2009
1282155,Cartagena,2009
1283887,Burning Palms,2010
1284575,Bad Teacher,2011
1284588,Soltanto un nome nei titoli di testa,2008
1285010,Summer's Moon,2009
1285016,The Social Network,2010
1285240,In Their Sleep,2010
1285309,The Joneses,2009
1286147,Ghost Machine,2009
1286753,Weakness,2010
1286809,La journée de la jupe,2008
1287468,Cats & Dogs: The Revenge of Kitty Galore,2010
1288403,Universal Soldier: Regeneration,2009
1288558,Evil Dead,2013
1288607,Why We Train,2008
1288636,Cell 213,2011
1289401,Ghostbusters,2016
1289406,Harry Brown,2009
1289437,The Steam Experiment,2009
1290138,Frank & Lola,2016
1290140,Meant to Be,2010
1290393,The Clockwork Girl,2014
1290414,Purgatorio,2008
1291150,Teenage Mutant Ninja Turtles,2014
1291549,Meet Monica Velour,2010
1291566,The Vanishing of Sidney Hall,2017
1291570,Solace,2015
1291571,Stanley Rubin: A Work in Progress,2008
1291580,Behind the Candelabra,2013
1291584,Warrior,2011
1292566,How to Be Single,2016
1293842,The Winning Season,2009
1294136,As Good as Dead,2010
1294212,Shit Year,2010
1294213,Solitary Man,2009
1294226,The Last Song,2010
1294688,Last Night,2010
1294970,The Angriest Man in Brooklyn,2014
1296352,Happy in the Valley,2009
1296881,Overnight,2012
1296898,Waiting for Forever,2010
1296899,Wake Wood,2009
1297919,Blitz,2011
1297924,The Death of Alice Blue,2009
1297938,Nonames,2010
1298594,The Presence,2010
1298644,The Hustle,2019
1298649,The Watch,2012
1298650,Pirates of the Caribbean: On Stranger Tides,2011
1298716,Road of No Return,2009
1300155,Alabama Moon,2009
1300851,The Boondock Saints II: All Saints Day,2009
1300854,Iron Man 3,2013
1301990,Every Day,2010
1302001,Harvest,2010
1302006,The Irishman,2019
1302010,Journey to Sundance,2014
1302011,Kung Fu Panda 2,2011
1302066,The Whole Truth,2009
1302067,Yogi Bear,2010
1303230,Persécution,2009
1303680,The Ascent,2010
1303828,Defendor,2009
1303889,Rembrandt's J'Accuse,2008
1303902,Someone's Knocking at the Door,2009
1305583,Our Family Wedding,2010
1305586,Fred & Vinnie,2011
1305591,Mars Needs Moms,2011
1305618,Away from Here,2014
1305775,La velocità della luce,2008
1306980,50/50,2011
1307068,Seeking a Friend for the End of the World,2012
1307071,Ten Stories Tall,2010
1307442,Blue Dream,2013
1307873,The Big Bang,2010
1307926,Go for It!,2011
1308109,Duress,2009
1308728,The Happytime Murders,2018
1308729,Bullet to the Head,2012
1308947,Going to Whatstock?,2008
1309366,Audrey,2014
1309575,Without Borders,2011
1311060,A.C.O.D.,2013
1311071,Kill Your Darlings,2013
1312222,Last Will,2011
1312254,Skateland,2010
1313092,Animal Kingdom,2010
1313139,The Oranges,2011
1313244,Hypothermia,2010
1314169,Case 219,2010
1314190,3 Backyards,2010
1314228,Did You Hear About the Morgans?,2009
1314240,Bank Error in Your Favour,2009
1314655,Devil,2010
1315350,Cherry,2010
1315419,The Truth,2010
1315962,Leaving,2009
1315981,A Single Man,2009
1316616,There Be Dragons,2011
1316622,Wrecked,2010
1316624,The Year Dolly Parton Was My Mom,2011
1318001,Handsome Harry,2009
1318044,American Virgin,2009
1318061,8 Times Up,2009
1318514,Rise of the Planet of the Apes,2011
1319032,The Race,2009
1319694,Glorious 39,2009
1319699,Ballistica,2009
1319712,Exquisite Corpse,2010
1319716,It's a Wonderful Afterlife,2010
1320082,The Concert,2009
1320103,Morning,2010
1320236,Blind Revenge,2009
1320239,Burke and Hare,2010
1320253,The Expendables,2010
1320261,Gulliver's Travels,2010
1321509,Death at a Funeral,2010
1321511,Oldboy,2013
1321860,The Beaver,2011
1321861,Carjacked,2011
1321862,Dino Time,2012
1321869,The Lovers,2013
1321870,Gangster Squad,2013
1322264,The Dry Land,2010
1322269,August: Osage County,2013
1322312,Going the Distance,2010
1322374,Shooting Palermo,2008
1322393,Faith of Our Fathers,2015
1322398,The Last Death,2011
1323045,Frozen,2010
1323594,Despicable Me,2010
1323598,Hey Watch This,2010
1323806,Change Is Gonna Come,2009
1323973,The Trials of Cate McCall,2013
1324055,The Mill and the Cross,2011
1324061,The Woman with a Broken Nose,2010
1324999,The Twilight Saga: Breaking Dawn - Part 1,2011
1325004,The Twilight Saga: Eclipse,2010
1325723,Choose,2011
1326188,Bad Actress,2011
1326197,Citizen Rocky,2018
1326201,Complacent,2012
1326276,Welcome to Eden,2009
1326283,Jane's Journey,2010
1326869,Stuck Like Chuck,2009
1326954,Oh My God,2009
1327194,The Lucky One,2012
1327601,Something Wicked,2014
1327720,Fedz,2013
1327773,Lee Daniels' The Butler,2013
1327939,Swansong: Story of Occi Byrne,2009
1329177,K-11,2012
1329232,St George's Day,2012
1329319,Born Hye: The Armenian Comedian Story,2009
1329327,Char·ac·ter,2009
1330018,The Book of Love,2016
1330829,Live Aid Remembered,2005
1331023,Motherland,2009
1331064,Paper Heart,2009
1331291,5150 Elm's Way,2009
1331329,The Final Storm,2010
1332134,King of Devil's Island,2010
1332554,Marc Forster - Der Weg zu 007,2008
1333125,Movie 43,2013
1334102,The Resident,2011
1334260,Never Let Me Go,2010
1334512,Arthur,2011
1336608,Rock of Ages,2012
1336617,Cyrus,2010
1336624,Project Solitude,2009
1339133,No More Smoke Signals,2008
1339188,Train Wreck,2008
1340138,Terminator Genisys,2015
1340773,Elektra Luxx,2010
1340800,Tinker Tailor Soldier Spy,2011
1340803,Cheech & Chong's Animated Movie,2013
1341188,How Do You Know,2010
1341340,A Warrior's Heart,2011
1341341,Ceremony,2010
1342120,Polish Bar,2010
1342403,Toys in the Attic,2009
1343046,Detective Conan: The Raven Chaser,2009
1343092,The Great Gatsby,2013
1343097,The Girl Who Kicked the Hornet's Nest,2009
1343727,Dredd,2012
1343740,Paradox,2010
1344303,Breath of Hate,2011
1344337,Reuniting the Rubins,2010
1345466,Exodus Fall,2011
1345488,"Manson, My Name Is Evil",2009
1345836,The Dark Knight Rises,2012
1346311,Source of Pride: The Making of 'Pride and Glory',2009
1346961,The Eclipse,2009
1347442,The Front Line,2009
1348327,Villa Amalia,2009
1349451,Butter,2011
1349484,Hollywood Moments,2009
1350629,The Comedy Club,2016
1351186,Luster,2010
1351224,Pyaar Impossible!,2010
1351685,Jack the Giant Slayer,2013
1352380,Lullaby for Pi,2010
1352753,A Night at the Silent Movie Theater,2012
1352824,Chloe,2009
1353029,Inthierryview,2008
1353105,The Ordinary People,2009
1353810,Savages Crossing,2011
1354687,Feed the Fish,2010
1355630,If I Stay,2014
1355631,The Infiltrator,2016
1355644,Passengers,2016
1355683,Black Mass,2015
1356392,Knockdown,2011
1356992,American Renegade: Confessions of a Radical Humanist,2009
1359553,The Chameleon,2010
1360825,Running Mates,2011
1360826,Rust,2010
1361313,The Extra Man,2010
1361318,Good People,2014
1361333,Something Out of Nothing,2008
1361336,Tom and Jerry,2021
1365483,Main Street,2010
1365519,Tomb Raider,2018
1366344,The Sitter,2011
1366365,The Cold Light of Day,2012
1366409,Miral,2010
1368423,Vaginal Holocaust,2009
1368440,Branded,2012
1368858,The Forger,2012
1368870,Ticket Out,2012
1369571,I Am Fear,2020
1369667,Me and Kaminski,2015
1369697,Borrowed Moments,2014
1369706,The Ward,2010
1370219,"Intelligent Life: Change Your Mind, Change Your World",2009
1371111,Cloud Atlas,2012
1371150,This Is Where I Leave You,2014
1371155,Made in Dagenham,2010
1371160,The Kid,2010
1371628,How I Was Stolen by the Germans,2011
1372301,Technotise: Edit & I,2009
1372686,Coriolanus,2011
1372711,Hollywood Don't Surf!,2010
1373138,The First Man,1996
1373406,Snowmen,2010
1374992,Upside Down,2012
1375666,Inception,2010
1375670,Grown Ups,2010
1376195,Gunless,2010
1376213,The Adventurer: The Curse of the Midas Box,2013
1379256,Guyville Redux,2008
1380039,Artefakt,2009
1380151,Blood Honey,2017
1380995,Forged,2010
1381404,The Company You Keep,2012
1381413,Pete Smalls Is Dead,2010
1381418,You May Not Kiss the Bride,2011
1381505,Father of Invention,2010
1382725,La Rafle,2010
1384961,Godkiller: Walk Among Us,2010
1385591,Magic Boys,2012
1385826,The Adjustment Bureau,2011
1385867,Cop Out,2010
1385912,I Can Do Bad All by Myself,2009
1386492,This Is Not a Movie,2011
1386588,The Other Guys,2010
1386691,Shimmer Lake,2017
1386697,Suicide Squad,2016
1386703,Total Recall,2012
1389072,Downsizing,2017
1389096,Stand Up Guys,2012
1389127,Texas Killing Fields,2011
1389137,We Bought a Zoo,2011
1389139,When the Bough Breaks,2016
1390397,Baseline,2010
1390398,"Bless Me, Ultima",2012
1390404,The Deported,2009
1390411,In the Heart of the Sea,2015
1390538,Cage Free,2010
1391034,And Soon the Darkness,2010
1391116,Resistance,2011
1391137,Why Did I Get Married Too?,2010
1391142,Among Us,2010
1392170,The Hunger Games,2012
1392190,Mad Max: Fury Road,2015
1392197,Marmaduke,2010
1392214,Prisoners,2013
1392271,You Don't Know Jack: The Jack Soo Story,2009
1393000,Wrong Turn at Tahoe,2009
1393742,Jesus Henry Christ,2011
1396218,Mr. Popper's Penguins,2011
1396221,Passion Play,2010
1396226,Twice Born,2012
1396484,It,2017
1397280,Taken 2,2012
1397514,Journey 2: The Mysterious Island,2012
1398423,Lonesdale,2010
1398999,Earthling,2010
1399103,Transformers: Dark of the Moon,2011
1399683,Winter's Bone,2010
1401152,Unknown,2011
1401236,The Fields,2011
1401700,Slip & Fall,2011
1402488,Happy Feet Two,2011
1403177,Hesher,2010
1403184,The Invocation,2010
1403236,Assassins' Code,2011
1403241,Wolves,2014
1403865,True Grit,2010
1403981,Remember Me,2010
1403988,The Romantics,2010
1404369,The American Snitch,1983
1405365,Celeste & Jesse Forever,2012
1405412,Hardwired,2009
1405414,Six Days in Paradise,2010
1405500,For Colored Girls,2010
1405809,Lourdes,2009
1407061,Just Wright,2010
1407072,The Ritual,2009
1407084,Twelve,2010
1408101,Star Trek Into Darkness,2013
1408253,Ride Along,2014
1409024,Men in Black 3,2012
1409772,A Man's Story,2010
1410051,Retreat,2011
1410061,Street Apostle,2012
1410198,Klyuch salamandry,2011
1411238,No Strings Attached,2011
1411250,Riddick,2013
1411664,Bucky Larson: Born to Be a Star,2011
1411697,The Hangover Part II,2011
1411704,Hop,2011
1411956,Sold,2016
1412367,Just Another Day,2009
1412386,The Best Exotic Marigold Hotel,2011
1412442,Beware the Gonzo,2010
1412528,Table 19,2017
1413492,12 Strong,2018
1413495,Paranoia,2013
1413496,Revenge of the Electric Car,2011
1414382,You Again,2010
1414449,Awful Nice,2013
1415255,Bus Palladium,2010
1415283,Nanny McPhee Returns,2010
1416801,Kill the Irishman,2011
1417038,The Youngest Son,2010
1417067,Cirkus Columbia,2010
1417297,"Help Me, Help You",2009
1418377,"I, Frankenstein",2014
1418380,The Domino Effect,2012
1418712,Outpost: Black Sun,2012
1421048,Bloodworth,2010
1421051,Somewhere,2010
1422032,Even the Rain,2010
1422136,A Lonely Place to Die,2011
1422653,Groupie,2010
1422800,Beneath the Dark,2010
1422806,A Call to Arms,2009
1423894,Barney's Version,2010
1423995,Stone,2010
1424003,The Infidel,2010
1424381,Predators,2010
1425922,Black Nativity,2013
1425930,Money to Burn,2010
1426328,Leonie,2010
1426329,Lovelace,2013
1426363,Hair Brained,2013
1426748,Losers Take All,2011
1427689,Milos Forman: What doesn't kill you...,2009
1427888,Inertia,2012
1428538,Hansel & Gretel: Witch Hunters,2013
1429392,Small Town Murder Songs,2010
1429432,Rio Sex Comedy,2010
1430064,"1,001 Ways to Enjoy the Missionary Position",2010
1430116,Hellgate,2011
1430137,Blessed,2008
1430607,Arthur Christmas,2011
1430615,Big Miracle,2012
1430626,The Pirates! Band of Misfits,2012
1431045,Deadpool,2016
1431181,Another Year,2010
1433108,Faster,2010
1433207,The Details,2011
1433811,Disconnect,2012
1433822,The Apparition,2012
1434435,Mother's Day,2010
1435513,Hysteria,2011
1436029,Extreme Walking,2006
1436034,Legacy,2010
1436035,Man Without a Head,2011
1436559,"Love, Wedding, Marriage",2011
1436562,Rio,2011
1436568,Assassination Games,2011
1436577,Sam Steele and the Junior Detective Agency,2009
1437366,Beyond,2010
1437849,Le Donk & Scor-zay-zee,2009
1438176,Fright Night,2011
1438251,The Best and the Brightest,2010
1438254,Charlie St. Cloud,2010
1439572,Perfect Sense,2011
1440129,Battleship,2012
1440161,A Little Bit of Heaven,2011
1440292,Submarine,2010
1440345,This Must Be the Place,2011
1440379,Virginia,2010
1440732,Bel Ami,2012
1441326,Martha Marcy May Marlene,2011
1441912,The Way,2010
1441940,Broken,2012
1441951,Quartet,2012
1441952,Salmon Fishing in the Yemen,2011
1441953,Testament of Youth,2014
1442263,Making It in Hollywood,2011
1444252,Terror Trap,2010
1444266,The Silence of Joan,2011
1444270,Politics of Love,2011
1444338,Unknown Things,2007
1445208,The Letters,2014
1446072,Game of Death,2011
1446147,Cat Run,2011
1446192,Rise of the Guardians,2012
1446678,Cleanin' Up the Town: Remembering Ghostbusters,2019
1446695,Leave,2011
1446697,MindFlux,2010
1446714,Prometheus,2012
1447499,Matching Jack,2010
1447793,My Girlfriend's Boyfriend,2010
1447945,Balkan Island: The Last Story of the Century,1997
1448497,Golf in the Kingdom,2010
1448755,Killer Elite,2011
1448762,Open House,2010
1449379,Caught in the Crossfire,2010
1450140,Unrequited,2010
1450320,Days of Grace,2011
1450321,Filth,2013
1450328,Mooz-Lum,2010
1450330,Roadie,2011
1450635,White White World,2010
1451393,The Cézanne Affair,2009
1451798,Salted Nuts,2007
1452294,Just for the Record,2010
1452599,Restitution,2011
1452628,Vanishing on 7th Street,2010
1453245,Devil's Playground,2010
1453402,Eat Drink Laugh: The Story of the Comic Strip,2014
1453403,Shadows & Lies,2010
1453405,Monsters University,2013
1453440,Peeping Blog,2011
1454029,The Help,2011
1454468,Gravity,2013
1456606,"Rio, I Love You",2014
1456635,Goon,2011
1457726,Huge,2010
1457765,The Haunting in Connecticut 2: Ghosts of Georgia,2013
1457767,The Conjuring,2013
1458175,The Next Three Days,2010
1459012,Love Crime,2010
1460632,Getting Back to Zero,2013
1460643,Pimp,2010
1460798,Henry & Me,2014
1461249,Meskada,2010
1462041,Dream House,2011
1462044,Enemies Among Us,2010
1462411,Big Sur,2013
1462758,Buried,2010
1462763,5 Time Champion,2011
1462765,Ponies,2011
1462769,The Odd Life of Timothy Green,2012
1462900,The Grandmaster,2013
1462901,All Is Bright,2013
1464174,"Big Mommas: Like Father, Like Son",2011
1464191,Decoding Annie Parker,2013
1464540,I Am Number Four,2011
1464580,Stake Land,2010
1464763,Mute,2018
1465478,Die,2010
1465505,Red White & Blue,2010
1465514,The Last Gamble,2011
1465519,Caged Animal,2010
1465533,Columbus Circle,2012
1468387,What If...,2010
1468846,Get a Job,2016
1469304,Baywatch,2017
1469895,Ultimatum,2009
1470020,Redemption Road,2010
1470023,MacGruber,2010
1470827,Monsters,2010
1470910,Rising Stars,2010
1472452,American Psych Ward,2009
1472460,Paint It Black,2016
1472583,Last Call,2012
1472584,Max Steel,2016
1473063,The Well-Digger's Daughter,2011
1473074,Mammuth,2010
1473121,Small World,2010
1473142,Donnant donnant,2010
1473397,Lucky,2011
1473832,Bridget Jones's Baby,2016
1476411,Killer School Girls from Outer Space,2011
1477185,7E,2013
1477834,Aquaman,2018
1477835,Bitter Feast,2010
1477837,Cedar Rapids,2011
1477855,Hyde Park on Hudson,2012
1478338,Bridesmaids,2011
1478480,Do It Again,2010
1478839,The Art of Racing in the Rain,2019
1478964,Attack the Block,2011
1479269,Black Heaven,2010
1479398,Transparency,2010
1479676,Cooking with Stella,2009
1480285,Abattoir,2016
1480295,Killing Season,2013
1480670,Samuel Bleak,2013
1481572,Happythankyoumoreplease,2010
1481573,Nothing Special,2010
1481574,Refuge,2010
1481576,The Genesis Code,2010
1481578,Whisper Me a Lullaby,2011
1482459,The Lorax,2012
1482932,A Very Mary Christmas,2010
1483013,Oblivion,2013
1483324,At Middleton,2013
1483756,The Trouble with Bliss,2011
1484114,Reel Injun,2009
1484521,30 Beats,2012
1484524,Here & Now,2010
1484920,Annul Victory,2009
1484942,Christopher Roth,2010
1485761,"No God, No Master",2013
1485762,Making Plans for Lena,2009
1485796,The Greatest Showman,2017
1486185,Red Riding Hood,2011
1486190,Tamara Drewe,2010
1486192,The Raven,2012
1486193,5 Days of War,2011
1486737,In Action,2000
1486834,The F Word,2013
1487118,Chalet Girl,2011
1487257,Hungry Hills,2009
1487924,Huan hun,2009
1488181,Adventures in Zambezia,2012
1488555,The Change-Up,2011
1488606,Triple Frontier,2019
1489229,Phèdre,2009
1489264,Vigilante,2008
1489887,Booksmart,2019
1489889,Central Intelligence,2016
1490017,The Lego Movie,2014
1490785,I Saw the Light,2015
1491044,The Iceman,2012
1492705,All I Wish,2017
1492849,Garbage,2012
1493157,Nature Calls,2012
1493815,Ghost of New Orleans,2011
1493828,Removal,2010
1496005,The Tree,2010
1496025,Underworld Awakening,2012
1496422,The Paperboy,2012
1496798,Mayor Cupcake,2011
1498569,Restless,2011
1499220,Dead Cert,2010
1499658,Horrible Bosses,2011
1501652,Dead Awake,2010
1502397,Bad Boys for Life,2020
1502404,Drive Angry,2011
1502407,Halloween,2018
1502417,Assassins Run,2013
1502420,Swinging with the Finkels,2011
1502712,Fantastic Four,2015
1502714,Monogamy,2010
1503149,Oliver Sherman,2010
1504019,Memoria de mis putas tristes,2011
1504319,Road to Nowhere,2010
1504320,The King's Speech,2010
1504403,Husk,2011
1504508,Yelling to the Sky,2011
1505400,Saving America's Horses: A Nation Betrayed,2012
1506998,Highland Park,2013
1506999,Haywire,2011
1507002,Bottom of the 9th,2019
1507564,The Greening of Whitney Brown,2011
1507566,Fake,2011
1507571,The Tribes of Palos Verdes,2017
1507905,Film Hustle,2009
1507943,How Obama Won the West,2010
1508675,Le Havre,2011
1509109,Basement,2010
1509130,Janie Jones,2010
1509269,The Grind,2010
1509743,School Is Over,2010
1509767,The Three Musketeers,2011
1509787,A Bag of Hammers,2011
1509788,Ass Backwards,2013
1510686,Breaking the Girls,2012
1510918,Behind Blue Skies,2010
1510919,Un amor de película,2012
1510989,Paranormal Abduction,2012
1511425,Losing Control,2011
1511476,The Chicago 8,2011
1512109,Di Di Hollywood,2010
1512222,Night of the Living Dead: Darkest Dawn,2015
1512235,Super,2010
1512240,Thin Ice,2011
1514041,4.3.2.1.,2010
1515091,Sherlock Holmes: A Game of Shadows,2011
1516002,A Beginner's Guide to Endings,2010
1516009,Alleged,2010
1516577,Sedona,2011
1517249,Sunlight Jr.,2013
1517260,The Host,2013
1517451,A Star Is Born,2018
1517471,Dough,2015
1517489,Spy Kids 4-D: All the Time in the World,2011
1518293,Sundance Skippy,2010
1518812,Meek's Cutoff,2010
1519245,Agnosia,2010
1520453,Twelve Thirty,2010
1520498,The Oogieloves in the Big Balloon Adventure,2012
1521197,Anonymous,2011
1521848,Potiche,2010
1521877,Vanishing of the Bees,2009
1523406,Raise Your Head,2009
1523493,Love & Slaps,2010
1523987,1 Out of 7,2011
1524083,A True Story,2013
1524131,Knucklehead,2010
1524137,Contraband,2012
1524575,The Vatican Tapes,2015
1524930,Vacation,2015
1525366,Grabbers,2012
1525552,Apart,2011
1525890,The Caller,2011
1525898,The Space Between,2010
1526284,Ay Lav Yu,2010
1527186,Melancholia,2011
1527813,Magic Valley,2011
1527837,Sweet Lorraine,2015
1528071,Horns,2013
1528100,Exodus: Gods and Kings,2014
1528750,Four Lovers,2010
1528854,Daddy's Home,2015
1529346,Almost Kings,2010
1529569,Beautiful Lies,2010
1529572,Trust,2010
1530983,Red Hill,2010
1531066,Wolf Sheep,2010
1531663,Everything Must Go,2010
1531901,Byzantium,2012
1531914,Smitty,2012
1531924,The Disappearance of Eleanor Rigby: Him,2013
1531937,The Real Revolutionaries,2009
1532503,Beginners,2010
1533013,Beautiful Boy,2010
1533058,Julia X,2011
1533087,Soda Springs,2012
1534470,My Dog: An Unconditional Love Story,2009
1535102,A Novel Romance,2011
1535108,Elysium,2013
1535109,Captain Phillips,2013
1535432,Crave,2012
1535438,Hope Springs,2012
1535568,Douchebag,2010
1535606,Universal Squadrons,2011
1535612,The Son of No One,2011
1535616,The Divide,2011
1535970,The Ledge,2011
1536048,W.E.,2011
1536051,Five Thirteen,2013
1536374,Hide Away,2011
1536437,Rushlights,2013
1536440,Stuck Between Stations,2011
1536458,The Desert of Forbidden Art,2010
1536537,What Happened to Monday,2017
1537314,The Flying Machine,2011
1537469,Dumped!,2005
1537930,The Flea Theater: A Portrait,2010
1538854,Milkweed,2013
1539489,A Fierce Green Fire,2012
1540014,The Return of Joe Rich,2011
1540116,Confined,2010
1540128,Playing for Keeps,2012
1540133,The Guard,2011
1540404,"Faith, Fraud, & Minimum Wage",2011
1540741,A Single Shot,2013
1540767,Apartment 1303 3D,2012
1541123,Astronaut: The Last Push,2012
1541149,Albatross,2011
1541160,Flypaper,2011
1541931,The Untitled Work of Paul Shepard,2010
1541995,Snow Flower and the Secret Fan,2011
1542344,127 Hours,2010
1542484,4 Wedding Planners,2011
1542768,True Memoirs of an International Assassin,2016
1543299,Capturing Reality: The Art of Documentary,2008
1544600,The Grace Card,2010
1544608,Voice from the Stone,2017
1545106,Vamps,2012
1545328,Stand Off,2011
1545489,The Flight of the Swan,2011
1545660,Knights of Badassdom,2013
1545677,His Mother's Eyes,2011
1545754,Are You Here,2013
1545759,Point Blank,2010
1545980,Breast Cancer: The Path of Wellness & Healing,2009
1546036,The Drawn Together Movie!,2010
1546381,Color Me Obsessed: A Film About The Replacements,2011
1546420,The Kane Files: Life of Trial,2010
1546668,The 100 Best Black Movies (Ever),2007
1547090,Without Men,2011
1547234,Premium Rush,2012
1549571,Pure Country 2: The Gift,2010
1549572,Another Earth,2011
1549920,The Last Stand,2013
1550524,White Irish Drinkers,2010
1551630,Pawn,2013
1551641,Winnie Mandela,2011
1552224,Outcast,2014
1552423,Jack the Reaper,2011
1553659,Breath,2017
1554091,A Better Life,2011
1555058,Collaborator,2011
1555064,Country Strong,2010
1555110,The Gundown,2011
1555156,The Vigilante,2010
1558249,Do Not Disturb,2011
1558258,The Arcadian,2011
1558261,Wine Dancing,2015
1558578,Knock Out,2010
1558827,Model Culture: One + Night in Bangkok,2009
1559035,Festival of Lights,2010
1559036,The Motel Life,2012
1559040,Angels Crest,2011
1559547,Beautiful Creatures,2013
1560220,Zombieland: Double Tap,2019
1560618,The Attempt Dossier,2010
1560747,The Master,2012
1560954,Gun,2010
1560959,Irwin & Fran,2013
1561768,Essential Killing,2010
1562557,Mr. Sophistication,2013
1562847,Amigo,2010
1562918,Wedding Day,2012
1563704,Legendary,2010
1563719,Hunt to Kill,2010
1563738,One Day,2011
1563742,Overboard,2018
1563771,An Affirmative Act,2010
1564349,Dolphin Tale,2011
1564367,Just Go with It,2011
1564368,Aftermath,2014
1564585,Skyline,2010
1565063,Good Day for It,2011
1565068,Piazza Fontana: The Italian Conspiracy,2012
1565069,A Thousand Kisses Deep,2011
1566501,For Greater Glory: The True Story of Cristiada,2012
1566637,The Afflicted,2011
1567279,Bluebird,2013
1567350,Joe Papp in Five Acts,2010
1567437,The Voices,2014
1567609,Get the Gringo,2012
1567650,On Profiles in Courage,2009
1568297,The Man That I Was,2010
1568337,Loosies,2011
1568338,Man on a Ledge,2012
1568341,Some Guy Who Kills People,2011
1568343,The Humbling,2014
1568346,The Girl with the Dragon Tattoo,2011
1568799,All the Wrong Reasons,2013
1568804,Breaking Through,1990
1568815,A Family,2010
1568911,War Horse,2011
1568921,The Secret World of Arrietty,2010
1568926,I Am Comic,2010
1570369,Sin memoria,2010
1570559,Burning Man,2011
1570583,For Ellen,2012
1570728,"Crazy, Stupid, Love.",2011
1571219,Tatanka,2011
1571222,A Dangerous Method,2011
1571234,Mortal Engines,2018
1571249,The Skeleton Twins,2014
1571402,Angel of Evil,2010
1571409,Parked,2010
1572306,Don't Blink,2014
1572315,Texas Chainsaw 3D,2013
1572502,Late Bloomers,2011
1572777,Burning Daylight,2010
1575694,The Hit List,2011
1576450,Lily Sometimes,2010
1576702,Skin Trade,2010
1577040,Alto,2015
1577052,Goats,2012
1577104,Ti presento un amico,2010
1578267,Revolución,2010
1578275,The Dilemma,2011
1579232,Freerunner,2011
1579242,Missing Pieces,2012
1579951,Flutter,2011
1580021,Silver Tongues,2011
1580426,Repeaters,2010
1581634,The Edge,2010
1581835,Daydream Nation,2010
1582207,The Jewel,2011
1582208,Isolation,2011
1582213,Lizzie,2012
1582248,Puncture,2011
1582268,The Love Guide,2011
1582271,The Good Doctor,2011
1582465,A Birder's Guide to Everything,2013
1582507,House at the End of the Street,2012
1583420,Larry Crowne,2011
1584131,The Last Godfather,2010
1586265,What to Expect When You're Expecting,2012
1586752,Machine Gun Preacher,2011
1587119,Dear Prudence,2010
1587278,South Solitary,2010
1587309,If I Were You,2012
1587310,Maleficent,2014
1587411,"I, Anna",2012
1587419,Mint Julep,2010
1587436,Crosshairs,2013
1587685,Decline of an Empire,2014
1587877,All That Glitters,2010
1588173,Warm Bodies,2013
1588334,"Jeff, Who Lives at Home",2011
1588898,Yellow,2012
1589505,2ND Take,2011
1590193,The Commuter,2018
1590764,Chlorine,2013
1590950,Age of Heroes,2011
1591095,Insidious,2010
1591469,Collar,2015
1591496,The Way of the West,2011
1591613,Stories USA,2007
1592191,"Sex, Drugs & Religion",2010
1592253,Inferno by Dante,2019
1592265,Maladies,2012
1592281,Take This Waltz,2011
1592525,Lockout,2012
1592873,LOL,2012
1592882,Stuart Mossman: A Modern Stradivari,2010
1594503,With Love... from the Age of Reason,2010
1594534,Traceless,2010
1594562,The Innkeepers,2011
1594917,Age of the Dragons,2011
1594972,Norm of the North,2016
1595654,Anita,2020
1595656,To the Wonder,2012
1595833,The Monitor,2011
1596343,Fast Five,2011
1596345,Pawn Sacrifice,2014
1596346,Soul Surfer,2011
1596350,This Means War,2012
1596352,I Am Slave,2010
1596363,The Big Short,2015
1596365,The Woman in Black,2012
1596753,Salinger,2013
1598172,Once Upon a Time in Brooklyn,2013
1598173,Re-Evolution,2011
1598642,Z for Zachariah,2015
1598778,Contagion,2011
1598822,New Year's Eve,2011
1598828,One for the Money,2012
1598873,Cleanskin,2012
1599348,Safe House,2012
1600074,The 1st TV Academy Hall of Fame,1984
1600195,Abduction,2011
1600196,The Drop,2014
1600207,The Eye of the Storm,2011
1600391,Bananas in Pyjamas: The Movie,2008
1600429,Old 37,2015
1600438,Scents and Sensibility,2011
1601913,The Grey,2011
1602098,Albert Nobbs,2011
1602613,Only God Forgives,2013
1603257,ATM,2012
1603471,Chicogrande,2010
1604100,A Fine Step,2014
1604116,Leonard Cohen: Live at the Isle of Wight 1970,2009
1604589,My Uncle Rafael,2012
1605630,American Reunion,2012
1605717,Frank,2014
1605777,The Woman in the Fifth,2011
1605782,Comic-Con Episode IV: A Fan's Hope,2011
1605783,Midnight in Paris,2011
1605798,Effie Gray,2014
1605803,The Last Ride,2011
1606180,That's What I Am,2011
1606378,A Good Day to Die Hard,2013
1606389,The Vow,2012
1606390,All Things Fall Apart,2011
1606392,Win Win,2011
1606636,Moomins and the Comet Chase,2010
1607577,Love and Other Troubles,2012
1608290,Zoolander 2,2016
1609479,Better Living Through Chemistry,2014
1610473,Coming Up Roses,2011
1610525,Chuck,2016
1611224,Abraham Lincoln: Vampire Hunter,2012
1612319,Re-Kill,2015
1612774,Rubber,2010
1612782,The Butterfly Room,2012
1613062,The Music Never Stopped,2011
1614430,Little Red Wagon,2012
1615065,Savages,2012
1615075,Suing the Devil,2011
1615147,Margin Call,2011
1615151,Unauthorized: The Harvey Weinstein Project,2011
1615480,Cellmates,2011
1615918,Alvin and the Chipmunks: Chipwrecked,2011
1616195,J. Edgar,2011
1616543,Not the Messiah: He's a Very Naughty Boy,2010
1617636,Heaven's Rain,2011
1617661,Jupiter Ascending,2015
1618368,25 Hill,2011
1618432,I'm in Love with a Church Girl,2013
1618434,Murder Mystery,2019
1618473,Sensory Perception,2019
1619029,Jackie,2016
1619277,Conception,2011
1620449,Animals United,2010
1620935,Bleed for This,2016
1620981,The Addams Family,2019
1621039,Free Birds,2013
1621045,Think Like a Man,2012
1621046,Cesar Chavez,2014
1621427,The Odd Way Home,2013
1621432,Adventures in the Sin Bin,2012
1622547,30 Minutes or Less,2011
1622979,Final Destination 5,2011
1622991,Infected,2013
1623205,Oz the Great and Powerful,2013
1623280,Night Club,2011
1623288,ParaNorman,2012
1623745,Little Birds,2011
1623788,Queens of Country,2012
1624376,A Night for Dying Tigers,2010
1624426,I Will Follow,2010
1624996,Vampire,2011
1625346,Young Adult,2011
1626146,Hector and the Search for Happiness,2014
1626811,Cameraman: The Life and Work of Jack Cardiff,2010
1628043,The Bandit,2011
1628055,Touchback,2011
1628841,Independence Day: Resurgence,2016
1629443,Foster,2011
1629705,Blackthorn,2011
1629757,Chasing Mavericks,2012
1629762,All She Can,2011
1629766,Pizza Man,2011
1630029,Avatar 2,2021
1630564,Sacrifice,2011
1631707,Enter Nowhere,2011
1631867,Edge of Tomorrow,2014
1632708,Friends with Benefits,2011
1633224,Missing William,2014
1633356,Shark Night 3D,2011
1634055,A Farewell to Fools,2013
1634121,Intruders,2011
1634122,Johnny English Reborn,2011
1634136,Violet & Daisy,2011
1634140,The Witching Hour,2016
1634286,Grassroots,2012
1636815,Detective Conan: The Lost Ship in the Sky,2010
1636844,Will,2011
1637688,In Time,2011
1637706,Our Idiot Brother,2011
1637725,Ted,2012
1638002,"Love, Rosie",2014
1638355,The Man from U.N.C.L.E.,2015
1638899,Periphery,2018
1638943,What If Cannabis Cured Cancer,2010
1639081,"The Banksters, Madoff with America",2013
1639084,Tallulah,2016
1639086,The Encore of Tony Duran,2011
1639397,Once Upon a Time in Queens,2013
1639826,Justin and the Knights of Valour,2013
1640483,Angels in Stardust,2014
1640484,Jumping the Broom,2011
1640486,Inside Out,2011
1640548,Rampart,2011
1640570,The Wayshower,2011
1640718,The Prophet,2014
1641244,Conduct Unbecoming,2011
1641385,96 Minutes,2011
1641388,Below Zero,2011
1641401,Louder Than Words,2013
1641841,Skin Trade,2014
1645054,Doonby,2013
1645080,The Art of Getting By,2011
1645109,Maria My Love,2011
1645131,Romeo & Juliet,2013
1645155,Erased,2012
1645170,The Dictator,2012
1646212,Deep Dark Canyon,2013
1646922,Man on the Train,2011
1646971,How to Train Your Dragon 2,2014
1646972,Jasmine,2015
1646980,The Double,2011
1646981,The Off Hours,2011
1646987,Wrath of the Titans,2012
1647483,Wasted on the Young,2010
1647665,Eye of the Hurricane,2012
1647668,Million Dollar Arm,2014
1648154,Face to Face,2011
1648179,Here Comes the Boom,2012
1648186,Fisherman's Friends,2019
1648190,The Dark Tower,2017
1648208,Riddle,2013
1648214,Mineville,2010
1649264,...But Film is My Mistress,2010
1649419,The Impossible,2012
1649780,"Peace, Love & Misunderstanding",2011
1650028,Wreckers,2011
1650043,Diary of a Wimpy Kid: Rodrick Rules,2011
1650048,Laurence Anyways,2012
1650058,The Perfect Family,2011
1650060,SGT. Will Gardner,2019
1650062,Super 8,2011
1650393,C.O.G.,2013
1650535,The Entitled,2011
1650537,Inkubus,2011
1650546,Sucedió en un día,2010
1650554,Kick-Ass 2,2013
1651084,Holiday,2010
1652287,35 and Ticking,2011
1653203,Jesse,2011
1653665,Goodbye Christopher Robin,2017
1654523,Night Train to Lisbon,2013
1654829,Thérèse,2012
1655416,Mental,2012
1655420,My Week with Marilyn,2011
1655441,The Age of Adaline,2015
1655442,The Artist,2011
1655460,Wanderlust,2012
1655461,Wild Oats,2016
1655628,A Second Childhood,2010
1656170,Bringing Up Bobby,2011
1656186,Stolen,2012
1656190,Safe,2012
1657299,The Decoy Bride,2011
1657507,Colombiana,2011
1657510,Gimme Shelter,2013
1657517,The Song of Names,2019
1658801,Freeheld,2015
1658837,The Tall Man,2012
1659337,The Perks of Being a Wallflower,2012
1659338,The Numbers Station,2013
1659343,Universal Soldier: Day of Reckoning,2012
1659619,The Odyssey,2016
1660379,House of Tolerance,2011
1661199,Cinderella,2015
1661263,Sons of the Clouds,2012
1661275,Their Finest,2016
1661382,Grudge Match,2013
1661388,Beyond Suspicion,2010
1661820,Cut Bank,2014
1661953,Violin Masters: Two Gentlemen of Cremona,2010
1662295,Brawler,2011
1662500,Everlasting,2016
1663143,Fun Size,2012
1663202,The Revenant,2015
1663207,Life of Crime,2013
1663616,A Bundle of Sticks,2010
1663631,Crazy Eyes,2012
1663655,Martyrs,2015
1663662,Pacific Rim,2013
1663708,Absolute Killers,2011
1665418,Dorfman in Love,2011
1666335,The Calling,2014
1666621,Two Indians Talking,2010
1666643,Ryan a Ronnie,2009
1666767,Don Mendo Rock ¿La venganza?,2010
1666801,The Duff,2015
1667145,Virgin Alexander,2011
1667153,Willatuk: The Legend of Seattle's Sea Serpent,2010
1667307,Damsels in Distress,2011
1667310,Deadfall,2012
1667353,Mirror Mirror,2012
1667354,The Painted Bird,2019
1667416,Coffin,2011
1667438,Mozzarella Stories,2011
1667439,Private Peaceful,2012
1667889,Ice Age: Continental Drift,2012
1668038,Antonia Pantoja ¡Presente!,2008
1668201,John Cassavetes: To Risk Everything to Express It All,1996
1669268,Awakened,2013
1670269,The Chateau Meroux,2011
1670345,Now You See Me,2013
1670382,Level 26: Dark Prophecy,2010
1670931,América,2011
1671494,A Butterfly Kiss,2011
1673434,The Twilight Saga: Breaking Dawn - Part 2,2012
1673697,The Sapphires,2012
1673734,Jamesy Boy,2014
1674057,All Together,2011
1674205,The Presence of Joseph Chaikin,2012
1674768,An American in Texas,2017
1674772,Everybody Has a Plan,2012
1674775,Keyhole,2011
1674776,Let Go,2011
1674783,The Savoy King: Chick Webb & the Music That Changed America,2012
1674784,Trespass,2011
1675161,"Guns, Girls and Gambling",2012
1675192,Take Shelter,2011
1675313,Mighty Fine,2012
1675759,The Wait,2013
1676104,Die Wahrheit im Spiel,2004
1676934,Joshua Tree,2011
1677082,Return,2011
1677637,The Auctioneers,2010
1677678,Des McAnuff: A Life in Stages,2010
1678037,A Holiday Heist,2011
1678051,Soldiers of Fortune,2012
1679248,My Last Day Without You,2011
1679332,"Ultramarines: A Warhammer 40,000 Movie",2010
1679335,Trolls,2016
1679658,Rwanda: Beyond the Deadly Pit,2009
1680045,360,2011
1680123,Collision,2013
1680140,The Stolen,2017
1682179,Open Gate,2011
1682180,Stoker,2013
1682246,Girl Walks Into a Bar,2011
1682940,Playback,2012
1683402,Black Gold,2011
1683526,Detachment,2011
1684225,I Heart Shakey,2012
1684233,Welcome to the Punch,2013
1684558,Marriage Retreat,2011
1684561,Summer Song,2011
1684564,The Victim,2011
1684925,Wish You Were Here,2012
1684928,Te presento a Laura,2010
1686039,Five Minarets in New York,2010
1686042,Girl on a Bicycle,2013
1686063,Lost in Africa,2010
1686821,Vampire Academy,2014
1687208,Abolition,2011
1687277,InSight,2011
1687901,The Awakening,2011
1688704,War Flowers,2012
1690455,Dark Horse,2011
1690542,Final Sale,2011
1690953,Despicable Me 2,2013
1690967,Come Sunday,2018
1691154,The Pill,2011
1691917,Planes,2013
1691920,I Melt with You,2011
1692190,El Narco,2010
1692214,Monsieur Papa,2011
1692486,Carnage,2011
1693106,Angry White Man,2011
1693679,Hirokin: The Last Samurai,2012
1694021,Into the Grizzly Maze,2015
1694118,Memorial Day,2012
1695990,Deep in the Woods,2010
1695991,Sunset Stories,2012
1696175,Lost Angeles,2012
1698641,"Alexander and the Terrible, Horrible, No Good, Very Bad Day",2014
1698648,Girl Most Likely,2012
1699147,Seven Days in Utopia,2011
1699520,Turnout,2011
1699755,Peeples,2013
1700455,Mount Bayo,2010
1700841,Sausage Party,2016
1700844,The Deep Blue Sea,2011
1700845,The Invisible Woman,2013
1701210,Day of the Falcon,2011
1701215,Future Weather,2012
1701218,Mysteria,2011
1701219,The Berlin Project,2011
1701990,Detention,2011
1702016,We the Party,2012
1702425,Casa de mi Padre,2012
1702439,Safe Haven,2013
1702441,The Big Uneasy,2010
1702455,Archaeology of a Woman,2012
1703125,Someday This Pain Will Be Useful to You,2011
1703147,The Great Fight,2011
1703148,The Hunter,2011
1703923,Vinyl,2012
1703957,Genius,2016
1704573,Bernie,2011
1704586,From the Rough,2013
1705125,Mysterious Island,2010
1706620,Snowpiercer,2013
1706625,The Girl Is in Trouble,2015
1706687,Monumental: In Search of America's National Treasure,2012
1707243,"Michel Ciment, le cinéma en partage",2010
1707386,Les Misérables,2012
1707391,4:44 Last Day on Earth,2011
1709122,The Fourth State,2012
1709143,The Last Days on Mars,2013
1709654,Citizen Gangster,2011
1710394,Jeremy Fink and the Meaning of Life,2011
1710396,Joyful Noise,2012
1710551,Dante Ferretti: Scenografo italiano,2010
1711016,Caroline and Jackie,2012
1711525,Office Christmas Party,2016
1712170,Alex Cross,2012
1712187,The Ages of Love,2011
1712192,Message from the King,2016
1712261,Triple 9,2016
1712542,The Children's Republic,2012
1713991,Billboard,2019
1714176,Yellow Rock,2011
1714203,Piranha 3DD,2012
1714206,The Spectacular Now,2013
1714828,Beauty and the Least: The Misadventures of Ben Banks,2012
1714833,Drift,2013
1714843,Glass Chin,2014
1714915,Only Lovers Left Alive,2013
1715336,Anna,2013
1715344,Grounded,2013
1715873,10 Years,2011
1715876,The Discoverers,2012
1716759,Pressed,2011
1716767,The Last Keepers,2013
1716777,People Like Us,2012
1717210,Should've Been Romeo,2012
1718158,Generation Um...,2012
1718714,A Night in the Woods,2011
1718915,Teen Lust,2014
1718924,A Family Man,2016
1719068,Dark Tourist,2012
1719071,Another Happy Day,2011
1720164,Mimesis,2011
1720172,Munger Road,2011
1720287,Vittorio racconta Gassman: Una vita da mattatore,2010
1720616,Friends with Kids,2011
1720621,Trafficked,2017
1721491,Born to Ride,2011
1721493,End of the Road,2011
1723047,Requiem for a Killer,2011
1723121,We're the Millers,2013
1723128,CinemAbility,2012
1723659,Being Canadian,2015
1723807,Practical Guide to Belgrade with Singing and Crying,2011
1723811,Shame,2011
1724597,London Town,2016
1724962,Beyond Outrage,2012
1724970,Beyond Skyline,2017
1725969,Ethel & Ernest,2016
1725986,Some Kind of Beautiful,2014
1726252,The Dark Side of the Moon,2015
1726589,L!fe Happens,2011
1726592,Before I Go to Sleep,2014
1726669,Killer Joe,2011
1726707,One Night Stand,2011
1726883,Sam Steele and the Crystal Chalice,2011
1726889,You Don't Choose Your Family,2011
1727252,Chillerama,2011
1727253,Driving by Braille,2011
1727300,Hunky Dory,2011
1727373,The Kill Hole,2012
1727381,The Trouble with the Truth,2011
1727388,The Way Way Back,2013
1727393,What You Will,2012
1727770,Absolutely Anything,2015
1727816,Screwed,2011
1727885,Vamp U,2011
1728975,Elevator,2011
1730108,The White Lions,2011
1730294,For the Love of Money,2012
1730687,Darling Companion,2012
1730760,Fugly!,2014
1730768,The Zookeeper's Wife,2017
1731141,Ender's Game,2013
1733114,Cheesecake Casserole,2012
1733300,The People Speak UK,2010
1733582,Born Wild,2012
1734433,Eden,2012
1734493,Unlocked,2017
1734578,"Lord, All Men Can't Be Dogs",2011
1735462,Pixies,2015
1735862,Dragon Eyes,2012
1735898,Snow White and the Huntsman,2012
1735907,The Adderall Diaries,2015
1735945,¿Para qué sirve un oso?,2011
1736050,The Stand Up,2011
1736552,Breakaway,2011
1737110,The Actor,2018
1737796,Alien Rising,2013
1738387,The River Murders,2011
1739155,All Together Now,2013
1739298,City Slacker,2012
1741243,Pawn Shop Chronicles,2013
1741273,Secret in Their Eyes,2015
1741283,Cowboy,2011
1741542,A Gang Story,2011
1742023,Americano,2011
1742334,Sabotage,2014
1742336,Your Sister's Sister,2011
1742650,I Don't Know How She Does It,2011
1743334,Guido,2011
1743922,Donovan's Echo,2011
1744674,Wolfe with an E,2011
1745718,Holbrook/Twain: An American Odyssey,2014
1745777,Norman Wisdom: His Story,2010
1745960,Top Gun: Maverick,2020
1746624,Transgression,2011
1747958,Blood Ties,2013
1748016,Brother's Keeper,2013
1748122,Moonrise Kingdom,2012
1748179,Red Lights,2012
1748197,Setup,2011
1748207,Sound of My Voice,2011
1748224,Brooklyn Brothers Beat the Best,2011
1748227,The Collection,2012
1753383,A Dog's Purpose,2017
1753449,Art Machine,2012
1753733,Down the Road Again,2011
1753813,"Farewell, My Queen",2012
1753821,Ferocious,2013
1754090,Le mystère Egoyan,2010
1754478,Servitude,2011
1754656,The Little Prince,2015
1754708,The Sea,2013
1754736,Chloe and Theo,2015
1754811,InAPPropriate Comedy,2013
1756474,Desperate Endeavors,2012
1756791,The Broken Tower,2011
1756832,The Unleashed,2011
1756851,Twixt,2011
1757678,Avatar 3,2023
1757742,Apartment 143,2011
1758575,Blue Like Jazz,2012
1758595,Diana,2013
1758610,Unconditional,2012
1758692,Like Crazy,2011
1758795,The To Do List,2013
1758810,The Snowman,2017
1758830,This Is 40,2012
1761005,Persecuted,2014
1762233,Enchanted Kingdom 3D,2014
1762399,Walking with Dinosaurs 3D,2013
1763264,No One Lives,2012
1764183,Arbitrage,2012
1764198,Best Laid Plans,2012
1764234,Killing Them Softly,2012
1764533,Os Mistérios de Lisboa,2009
1764636,That's What She Said,2012
1764645,In the Dark Half,2012
1764647,Shadow People,2013
1764651,The Expendables 2,2012
1764666,The Little Engine That Could,2011
1766094,So Undercover,2012
1766153,The Outsider,2006
1767272,388 Arletta Avenue,2011
1767354,Odd Thomas,2013
1767372,She's Funny That Way,2014
1769363,The Giant Mechanical Man,2012
1770734,Shadow Dancer,2012
1772230,1911,2011
1772264,Stonehearst Asylum,2014
1772271,"3, 2, 1... Frankie Go Boom",2012
1772288,Danny Collins,2015
1772292,Hostage,2012
1772341,Wreck-It Ralph,2012
1772408,Trade of Innocents,2012
1772422,Outside Bet,2012
1773058,Stella Days,2011
1773734,Found Footage Festival Volume 4: Live in Tucson,2009
1774591,Teenage Cocktail,2016
1776167,3 Days of Normal,2012
1777595,50 to 1,2014
1778199,America Lost and Found: The BBS Story,2010
1779499,Tracks of the Rainbow,1982
1779824,Le marquis,2011
1780934,Omerta,2011
1780967,Seberg,2019
1780969,Seeds of Hope,2010
1780983,Assassin's Bullet,2012
1781769,Anna Karenina,2012
1781796,"Creating the World of Harry Potter, Part 4: Sound and Music",2010
1781812,Exit Humanity,2011
1781827,Hands of Stone,2016
1781840,Jayne Mansfield's Car,2012
1781922,No Escape,2015
1781944,Underground Entertainment: The Movie,2011
1783732,John Dies at the End,2012
1783798,Union Square,2011
1784486,Julie,2011
1785277,A Thousand Cuts,2012
1785288,An Ordinary Man,2017
1785612,The Punk Singer,2013
1785635,The Vault,2017
1786714,The Life Zone,2011
1786751,CBGB,2013
1786762,We the People: From Crispus Attucks to President Barack Obama,2010
1787067,Fire in the Blood,2013
1787759,Madea's Big Happy Family,2011
1788383,House of the Rising Sun,2011
1789729,Cissy Houston: Sweet Inspiration,1988
1790809,Pirates of the Caribbean: Dead Men Tell No Tales,2017
1790869,In Their Skin,2012
1790885,Zero Dark Thirty,2012
1790886,The Campaign,2012
1791528,Inherent Vice,2014
1791611,Spreading Darkness,2017
1791614,Struck by Lightning,2012
1791682,While We're Young,2014
1792543,The Reunion,2011
1793223,Free Samples,2012
1794801,Bipolar,2014
1795369,Frankenstein,2011
1795371,National Theatre Live: King Lear,2011
1796503,Hit So Hard,2011
1797487,Savannah,2013
1798188,From Up on Poppy Hill,2011
1798243,Rudderless,2014
1798603,Bad Santa 2,2016
1798684,Southpaw,2015
1798709,Her,2013
1799557,"Love, Gloria",2012
1799585,2 Jacks,2012
1800241,American Hustle,2013
1800246,That Awkward Moment,2014
1800302,Gold,2016
1800677,Camilla Dickinson,2012
1800734,Shiver,2012
1801549,The Unlovables,2014
1801552,Gotti,2018
1802197,The Lady,2011
1807944,As I Lay Dying,2013
1808440,Rise,2011
1809398,Unbroken,2014
1810683,Little Boy,2015
1810697,Meeting Evil,2012
1811307,Burning Blue,2013
1811315,FDR: American Badass!,2012
1814621,Admission,2013
1814790,Me Again,2012
1815708,Freelancers,2012
1815782,The Crown Jewels,2011
1815799,Beloved,2011
1815862,After Earth,2013
1815961,Testimonies of Faith: Humble Journey's,2007
1816518,Ernest & Celestine,2012
1816597,The Aggression Scale,2012
1816608,Another Me,2013
1816642,Sisters & Brothers,2011
1817081,A Case of You,2013
1817273,The Place Beyond the Pines,2012
1817276,A Resurrection,2013
1817676,Girl in Progress,2012
1817771,Freaks of Nature,2015
1821426,Family Weekend,2013
1821549,Nebraska,2013
1821597,Easy!,2011
1821617,Stag,2013
1821641,The Congress,2013
1821657,The Night Stalker,2016
1821658,The Nut Job,2014
1821694,RED 2,2013
1822239,Jock the Hero Dog,2011
1822260,Miracle on 42nd Street,2017
1822311,Sparrows Dance,2012
1823096,Clutter,2013
1823664,Annie,2014
1823672,Chappie,2015
1825074,Miller's Tale,2011
1825157,The Double,2013
1825784,3 Geezers!,2013
1825806,I Am I,2013
1826590,About Last Night,2014
1826627,California Winter,2012
1826813,Petunia,2012
1827578,The End of Love,2012
1828320,In the Hive,2012
1828968,Don Peyote,2014
1828970,Evidence,2013
1828972,Foreverland,2011
1829012,Passion,2012
1829057,Winter in the Blood,2013
1830713,Big Ass Spider!,2013
1830850,The Matrix Reloaded Revisited,2004
1831623,Deep in the Heart,2012
1833111,Blues for Willadean,2012
1833116,The Informer,2019
1833885,Twenty8k,2012
1833888,Angels Sing,2013
1835955,Errors of the Human Body,2012
1836808,Great Expectations,2012
1836818,I'm Yours,2011
1836922,Soul Searchers,2006
1836944,The Baytown Outlaws,2012
1837562,A Royal Night Out,2015
1837636,Queen of the Desert,2015
1837703,The Fifth Estate,2013
1837709,Winter's Tale,2014
1838475,Tomorrow You're Gone,2012
1838520,The Truth About Emanuel,2013
1838544,Gone,2012
1838556,Honest Thief,2020
1838603,Last Love,2013
1839367,Tupac Shakur: Thug Angel 2,2011
1839406,Animals Distract Me,2011
1839482,Free Ride,2013
1839492,Ruby Sparks,2012
1839642,The Face of Love,2013
1839654,The Magic of Belle Isle,2012
1840309,Divergent,2014
1840417,The Words,2012
1841596,Horrors of the Zone,2009
1841642,Demonic,2015
1842371,3 Days in Havana,2013
1843866,Captain America: The Winter Soldier,2014
1844203,Inescapable,2012
1844763,Refuge,2012
1844777,Straight to Hell Returns,2010
1844790,The Black Dove,2012
1845221,David Macaulay: Mill Times,2001
1846589,Hunter Killer,2018
1847529,Ladygrey,2015
1847541,Around the Block,2013
1847615,Switchmas,2012
1848930,Hidden City,2003
1849810,Mafia,2012
1850397,The Loft,2014
1850418,To Write Love on Her Arms,2012
1850457,Sisters,2015
1851922,Femme,2013
1852114,The Jonas Project,2012
1852770,Dracula 3D,2012
1853544,Die schwarzen Brüder,2013
1853643,Why Stop Now?,2012
1853728,Django Unchained,2012
1854513,Blancanieves,2012
1854564,Percy Jackson: Sea of Monsters,2013
1854580,That Burning Feeling,2013
1855199,End of Watch,2012
1855226,Hollywood to Dollywood,2011
1855325,Resident Evil: Retribution,2012
1855401,Tim and Eric's Billion Dollar Movie,2012
1856101,Blade Runner 2049,2017
1858522,Allegiance,2012
1858729,Beyond the Heavens,2013
1859650,To Rome with Love,2012
1860213,Dirty Grandpa,2016
1860242,The Highwaymen,2019
1860260,La mer à boire,2011
1860353,Turbo,2013
1860357,Deepwater Horizon,2016
1862079,Safety Not Guaranteed,2012
1863203,The Employer,2013
1863268,Hidden Moon,2012
1864288,Conan O'Brien Can't Stop,2011
1864405,Low Down,2014
1865393,Hellbenders,2012
1865545,Liars All,2013
1866249,The Sessions,2012
1866919,Ashes,2012
1867093,The Samaritan,2012
1867988,Beny: Back to the Wild,2011
1869425,Filly Brown,2012
1869716,The East,2013
1869823,Words of the Blitz,2010
1870372,Another Dirty Movie,2012
1870419,Hatchet III,2013
1870529,Won't Back Down,2012
1870577,We Are All Cylons,2011
1872101,Fanny,2013
1872102,Marius,2013
1872181,The Amazing Spider-Man 2,2014
1872194,The Judge,2014
1872818,Liberal Arts,2012
1872880,Happiness Never Comes Alone,2012
1874434,Blinder,2013
1876330,Hello Herman,2012
1876451,Sparkle,2012
1876517,Legend of Kung Fu Rabbit,2011
1877707,The Black Hole,2016
1877797,The Knot,2012
1877830,The Batman,2021
1877832,X-Men: Days of Future Past,2014
1877893,Excuse Me for Living,2012
1878841,The Darkness,2016
1878870,The Edge of Seventeen,2016
1878942,Date and Switch,2014
1879012,Night of the Living Dead 3D: Re-Animation,2012
1879032,Rapture-Palooza,2013
1879078,A Sierra Nevada Gunfight,2013
1880399,Kodachrome,2017
1880415,Battlecreek,2017
1880418,Newlyweds,2011
1881002,Maggie,2015
1881024,One in the Chamber,2012
1881060,Static,2012
1881064,Telling of the Shoes,2014
1881109,Zeroville,2019
1883367,The Human Centipede III (Final Sequence),2015
1884312,Forced to Fight,2011
1884378,7 Splinters in Time,2018
1884414,Shakespeare High,2011
1885265,Good Deeds,2012
1885299,Lucky Them,2013
1885300,Best Man Down,2012
1886493,Catch .44,2011
1886680,Chicks Dig Gay Guys,2014
1887785,The Legend of Kaspar Hauser,2012
1887923,Ambush at Dark Canyon,2012
1887935,Redemption Street,2012
1890403,Everything and Everyone,2011
1891770,Complicity,2013
1891923,The Hoarder,2015
1891970,Beyond the Trophy,2012
1893256,Redemption,2013
1893326,Scatter My Ashes at Bergdorf's,2013
1894476,How I Live Now,2013
1895315,Brimstone,2016
1895587,Spotlight,2015
1897929,Doing Dungog,2008
1899143,Conflict,1973
1899324,The Letter,2012
1900854,Comes a Bright Day,2012
1900924,Margarine Wars,2012
1901004,The Grand Theft,2011
1901024,Dark Crimes,2016
1901040,Wrong,2012
1904996,Parker,2013
1905042,Standing Up,2013
1906329,As Cool as I Am,2013
1907614,Alter Egos,2012
1907668,Flight,2012
1907707,LUV,2012
1907731,Nobody Walks,2012
1907743,Blumenthal,2013
1911600,Miss Bala,2011
1911644,The Call,2013
1912421,Kurosawa's Way,2011
1912982,A Little Bit Zombie,2012
1913166,Nurse 3D,2013
1915581,Magic Mike,2012
1916735,Tales of Everyday Magic,2012
1916749,The Time Being,2012
1918911,Un + une,2015
1918924,Low Fidelity,2011
1919090,Stash House,2012
1920849,Bachelorette,2012
1920945,Good Vibrations,2012
1921064,Pompeii,2014
1921149,Trash,2014
1922679,Open Road,2013
1922685,Phantom,2013
1922751,The Look,2011
1924339,Other People's Lives,2011
1924396,The Best Offer,2013
1924429,Trance,2013
1924435,Let's Be Cops,2014
1925431,Fire with Fire,2012
1925479,Officer Down,2013
1928330,Bad Ass,2012
1928334,All Out Dysfunktion!,2016
1928337,Mine Games,2012
1928340,After the Dark,2013
1929263,Heaven Is for Real,2014
1929308,Magic Magic,2013
1930294,Black Rock,2012
1930463,Ride,2014
1930510,The Carbon Rush,2012
1930546,Arthur Newman,2012
1931435,The Big Wedding,2013
1931466,Knife Fight,2012
1931533,Seven Psychopaths,2012
1931602,Very Good Girls,2013
1932718,Thanks for Sharing,2012
1932767,What Maisie Knew,2012
1933622,Mother's Milk,2011
1934195,The Occupants,2014
1934205,What the Day Owes the Night,2012
1934260,Fred Won't Move Out,2012
1934397,The Latin from Manhattan,2020
1934458,Under the Bed,2012
1934469,Wannabe Macks,2011
1935065,Not Suitable for Children,2012
1935072,Alien Encounters: Superior Fan Power Since 1979,2014
1935089,Blind,2017
1935179,Mud,2012
1935231,Slumber Party Slaughter,2012
1935859,Miss Peregrine's Home for Peculiar Children,2016
1935882,Seobe II,1989
1935897,Amityville: The Awakening,2017
1935902,The Brass Teapot,2012
1935940,Get Santa,2014
1937118,Chinese Puzzle,2013
1937264,Now Is Good,2012
1937340,Beyond Paradise,2018
1937388,The Millionaire Tour,2012
1937390,Nymphomaniac: Vol. I,2013
1937419,London: The Modern Babylon,2012
1937449,At Any Price,2012
1939659,Carrie,2013
1939753,The Big Fix,2012
1941648,Should've Put a Ring on It,2011
1942831,Company,2011
1942920,Miss in Her Teens,2014
1942971,Showrunners: The Art of Running a TV Show,2014
1942989,The Citizen,2012
1945034,A Gun in Each Hand,2012
1945044,Exeter,2015
1945052,Broken Roads,2012
1945062,About Cherry,2012
1945087,In Our Nature,2012
1946289,The Man Who Laughs,2012
1946310,Crazy Kind of Love,2013
1946381,Red Sky,2014
1946421,The Captains,2011
1949605,Who Gets the Dog?,2016
1950186,Ford v Ferrari,2019
1950235,Let It Snow,2019
1951176,Live at the Foxes Den,2013
1951181,The Immigrant,2013
1951216,The Look of Love,2013
1951218,Piggy,2012
1951261,The Hangover Part III,2013
1951264,The Hunger Games: Catching Fire,2013
1951265,The Hunger Games: Mockingjay - Part 1,2014
1951266,The Hunger Games: Mockingjay - Part 2,2015
1954204,A Beautiful Soul,2012
1954341,Comics Open,2012
1954343,Compass Cabaret 55,2014
1954811,See Girl Run,2012
1956620,Sex Tape,2014
1956637,Jail Caesar,2012
1957867,Christmas in Compton,2012
1959438,Kiss of the Damned,2012
1959490,Noah,2014
1959526,Buttwhistle,2014
1959563,The Hitman's Bodyguard,2017
1961175,American Assassin,2017
1961279,Dose of Reality,2013
1963768,The Lost Language of Cranes,1991
1964418,Tomorrowland,2015
1964618,Greencard Warriors,2013
1964624,In the House,2012
1964777,MoniKa,2012
1964795,The Red and the Blue,2012
1964972,Olympus Force: The Key,1988
1965057,Run for Your Wife,2012
1965065,Save the Date,2012
1965162,Boys of Abu Ghraib,2014
1965264,Sarah Palin: You Betcha!,2011
1966359,Father Figures,2017
1967545,Labor Day,2013
1967614,The Comedian,2016
1967669,Tag,2015
1969062,Infinitely Polar Bear,2014
1969166,The Walking Dead Girls,2011
1971325,Automata,2014
1971403,General Education,2012
1972571,A Most Wanted Man,2014
1972591,King Arthur: Legend of the Sword,2017
1972779,The Best of Me,2014
1974382,The Challenger,2015
1974393,Ghost of Goodnight Lane,2014
1974419,The Neon Demon,2016
1975159,Flight 7500,2014
1976000,The Two Faces of January,2014
1976009,Victor Frankenstein,2015
1976629,Don't Let Me Go,2013
1976989,Love and Honor,2013
1977941,The Cottage,2012
1977953,The Man Who Shook the Hand of Vicente Fernandez,2012
1978512,Portraits in Dramatic Time,2011
1978532,Someone Marry Barry,2014
1979172,A Liar's Autobiography: The Untrue Story of Monty Python's Graham Chapman,2012
1979320,Rush,2013
1979376,Toy Story 4,2019
1979388,The Good Dinosaur,2015
1980038,Anatomy of the Tide,2015
1980209,Pain & Gain,2013
1980218,Putzel,2012
1980929,Begin Again,2013
1981107,The Young and Prodigious T.S. Spivet,2013
1981115,Thor: The Dark World,2013
1981128,Geostorm,2017
1981677,Pitch Perfect,2012
1982854,The (R)evolution of Immortal Technique,2011
1985017,Atlas Shrugged II: The Strike,2012
1985019,Austenland,2013
1985064,Don't Pass Me By,2013
1985094,Gods Behaving Badly,2013
1985170,Out of Luck,2015
1985949,The Angry Birds Movie,2016
1985966,Cloudy with a Chance of Meatballs 2,2013
1986857,Hijacked,2012
1987585,I Ain't Scared of You: A Tribute to Bernie Mac,2011
1987680,The Upside,2017
1988781,7 Below,2012
1989435,Two Women,2014
1989475,Chained,2012
1989485,Dead Before Dawn 3D,2012
1990181,Brake,2012
1990314,Robot & Frank,2012
1993391,10 Rules for Sleeping Around,2013
1993396,Toxin,2015
1995341,It's a Disaster,2012
1995342,Jackpot,1975
1995477,Always Woodstock,2014
1996223,Crulic - The Path to Beyond,2011
1996264,"For a Good Time, Call...",2012
1996346,Woman Thou Art Loosed: On the 7th Day,2012
1998256,John Belushi: Dancing on the Edge,2010
1999192,Kevin Hart: Laugh at My Pain,2011
1999987,Breathe In,2013
1999995,Would You Rather,2012
2002594,"A ridosso dei ruderi, i Trionfi",1997
2002718,Machete Kills,2013
2002789,6 Degrees of Hell,2012
2004205,Detonator,2013
2004420,Neighbors,2014
2005151,War Dogs,2016
2005153,Backwards,2012
2005164,Breathless,2012
2005374,The Frozen Ground,2013
2006040,A Fantastic Fear of Everything,2012
2006088,Chez Upshaw,2013
2006295,The 33,2015
2006721,Divorce Invitation,2012
2006753,Heavenly Sword,2014
2009406,9 Full Moons,2013
2009432,Redemption Trail,2013
2009606,Believe,2013
2011130,Miel de naranjas,2012
2011159,No Good Deed,2014
2011953,Keep the Lights On,2012
2012011,Scenic Route,2013
2012665,Repentance,2013
2014202,Dawn Rider,2012
2015367,Eurocrime! The Italian Cop and Gangster Films That Ruled the '70s,2012
2015381,Guardians of the Galaxy,2014
2015503,The Devil's Dozen,2013
2016335,Walter,2015
2017020,The Smurfs 2,2013
2017486,Closer to the Moon,2014
2017733,"Little Women, Big Cars",2012
2022441,"Kill Me, Deadly",2015
2023453,Diary of a Wimpy Kid: Dog Days,2012
2023587,Mama,2013
2024432,Identity Thief,2013
2024469,Non-Stop,2014
2024506,Straight A's,2013
2024544,12 Years a Slave,2013
2025661,Shadow Witness,2012
2025690,The Finest Hours,2016
2027064,Blue Caprice,2013
2027091,Druid Peak,2014
2027140,Mood Indigo,2013
2027154,Love Bite,2012
2027215,Six Gun Savior,2016
2027231,Perfect Sisters,2014
2030320,Wild Maneuvres,1985
2032557,The Reluctant Fundamentalist,2012
2032572,USS Indianapolis: Men of Courage,2016
2033952,Barrymore,2011
2034031,Laggies,2014
2034098,Saving Lincoln,2013
2034800,The Great Wall,2016
2035462,Being Bin Laden,2011
2035517,Holy Man: The USA vs Douglas White,2011
2035670,The Wedding Video,2012
2039338,Flatliners,2017
2039345,Grand Piano,2013
2039393,The Gambler,2014
2039412,Never Here,2017
2040367,Expecting,2013
2040470,Plato's Reality Machine,2013
2040560,The Pact,2012
2042449,Anything Is Possible,2013
2042568,Inside Llewyn Davis,2013
2043888,Islands,2011
2043893,Kingdom Come,2011
2043933,Night Moves,2013
2043993,No Sleep 'Til Christmas,2018
2044729,A Glimpse Inside the Mind of Charles Swan III,2012
2047807,Nine Lives: A Musical Adaptation Live,2011
2048770,I'll Follow You Down,2013
2048865,AWOL-72,2015
2049636,Unity,2015
2050633,The Barrens,2012
2051879,Europa Report,2013
2051886,Gang of Roses II: Next Generation,2012
2053423,Revenge for Jolly!,2012
2053425,Rust and Bone,2012
2053463,Side Effects,2013
2055590,Apartment in Athens,2011
2055709,Blindsided,2013
2055765,The English Teacher,2013
2056692,Adventures of Serial Buddies,2011
2056771,A Bigger Splash,2015
2057392,Eye in the Sky,2015
2058054,Black Eyed Dog,2014
2058107,The Railway Man,2013
2058673,Point Break,2015
2058710,The Mark,2012
2059171,13 Sins,2014
2059193,Fatal Call,2012
2061756,Muhammad Ali's Greatest Fight,2013
2061841,The Guru & the Gypsy,2016
2062622,Postman Pat: The Movie,2014
2062645,Hecho en México,2012
2062700,Song to Song,2017
2062969,Sister,2012
2063666,Hello I Must Be Going,2012
2063781,Smashed,2012
2064968,The Longest Week,2014
2065898,From Above,2013
2065945,Gingerclown,2013
2066048,Ribbit,2014
2066051,Rocketman,2019
2066133,The Wine of Summer,2013
2066176,Any Day Now,2012
2069100,The Third Half,2012
2069797,Delirium,2018
2069955,Border Run,2012
2070773,Path of Souls,2012
2070862,Temptation: Confessions of a Marriage Counselor,2013
2071550,Open Grave,2013
2071582,The Veil of Twilight,2014
2071595,Strange Septembers: The Hill Abduction & the Exeter Encounter,2011
2072233,Sleepless,2017
2072933,Cottage Country,2013
2073086,Still Mine,2012
2073121,The Suspect,2013
2074464,The World of Jewish Humor,1990
2074488,Will Smith: Live in Concert,2005
2075318,#Stuck,2014
2076346,Teacher of the Year,2014
2076822,Chaos Walking,2020
2076826,Chokeslam,2016
2076992,Wojtek: The Bear That Went to War,2011
2077747,"Love, Marilyn",2012
2077819,Out West,2013
2077851,Sleepwalk with Me,2012
2077866,The Apple Pushers,2011
2078552,Blood,2012
2078718,Sacrifice,2016
2080374,Steve Jobs,2015
2081167,Amazing Love,2012
2081194,Hansel & Gretel Get Baked,2013
2081252,Ghost Soldiers,2012
2081274,Armed Response,2013
2081367,So This Is Christmas,2013
2081374,Better Off Single,2016
2081435,Amitiés sincères,2012
2081437,The Liability,2012
2082152,13 Eerie,2013
2083231,Java Heat,2013
2083271,Nirvana: Live at the Paramount,2011
2083355,The Best Man Holiday,2013
2083362,The Heart of the Matter,2012
2083379,A Dark Truth,2012
2083383,Trouble with the Curve,2012
2084970,The Imitation Game,2014
2084977,The Scapegoat,2012
2085752,Autumn Blood,2013
2085928,Spinning Dry,2019
2087989,The Tell-Tale Heart,2016
2088903,Bottled Up,2013
2088907,Dark Around the Stars,2013
2088950,The Show,2017
2088962,An Open Heart,2012
2090447,A Green Story,2012
2090465,Black Butterfly,2017
2090494,Amok,2015
2091256,Captain Underpants: The First Epic Movie,2017
2091325,Bad Johnson,2014
2091427,Treading Water,2013
2091455,The Zombie King,2013
2091473,Promised Land,2012
2091478,Air,2015
2091935,Mr. Right,2015
2093270,The Returned,2013
2093990,El Niño,2014
2093991,Elvis & Nixon,2016
2093995,Fort Bliss,2014
2094018,Hours,2013
2094116,Sherlock Holmes 3,2021
2094762,And Now a Word from Our Sponsor,2013
2094766,Assassin's Creed,2016
2094856,It Is No Dream,2012
2095568,All Things to All Men,2013
2095649,Grace of Monaco,2014
2096672,Dumb and Dumber To,2014
2096673,Inside Out,2015
2097298,"McFarland, USA",2015
2097307,Hit and Run,2012
2097331,The Family Fang,2015
2097333,A.C.O.R.N.S.: Operation Crackdown,2015
2098627,Attack of the 50 Foot Cheerleader,2012
2098799,A Country Christmas,2013
2099556,Antiviral,2012
2099700,Re:Generation,2011
2099759,You Above All,2019
2101307,A Stranger in Paradise,2013
2101331,Bruco,2005
2101341,Dead Man Down,2013
2101383,Knight of Cups,2015
2101441,Spring Breakers,2012
2101569,In Your Eyes,2014
2102496,Cabin Fever 3: Patient Zero,2014
2102497,The Fix,2015
2102499,I Do,2012
2102505,The Manuscript,2020
2103203,Kryptonite!,2011
2103204,La revolución de Juan Escopeta,2011
2103254,Tammy,2014
2103264,Emperor,2012
2103267,Adore,2013
2103281,Dawn of the Planet of the Apes,2014
2104837,A Common Man,2013
2106361,Into the Storm,2014
2106392,Diary of a Decade: The Story of a Movement,2012
2106482,"Josh, the Logan Legend",1986
2106550,Möbius,2013
2106651,Spectral,2016
2108465,American Girls,2013
2108546,Jackie,2012
2108593,Primary,2014
2109248,Transformers: Age of Extinction,2014
2110388,All American Christmas Carol,2013
2112096,Absolutely Fabulous: The Movie,2016
2112136,Sources of Life,2013
2112152,For No Good Reason,2012
2112210,My Awkward Sexual Adventure,2012
2112277,Swelter,2014
2112326,Victory Blvd,2012
2112883,A Decade of Difference: A Concert Celebrating 10 Years of the William J. Clinton Foundation,2011
2113659,Elsa & Fred,2014
2113683,I Know That Voice,2013
2114461,Authors Anonymous,2014
2115295,Ginger & Rosa,2012
2119532,Hacksaw Ridge,2016
2119543,The House with a Clock in Its Walls,2018
2120120,Pixels,2015
2120176,Young Jeezy: A Hustlerz Ambition,2011
2121286,Home Again,2012
2121304,The Informant,2013
2123342,Underdogs,2013
2123884,3 Nights in the Desert,2014
2124074,28 Hotel Rooms,2012
2124787,Final Girl,2015
2125511,For the Love of the Music: The Club 47 Folk Revival,2012
2126235,Collide,2016
2126355,San Andreas,2015
2126357,Second Act,2018
2130211,Students Like Us,2012
2131532,Hidden,2015
2131674,50 Children: The Rescue Mission of Mr. And Mrs. Kraus,2013
2133196,Born to Be Blue,2015
2133333,The Color of Time,2012
2134170,10 Cent Pistol,2014
2136759,Hatfields and McCoys: Bad Blood,2012
2137351,The Bitter Buddha,2012
2137381,The Night Never Sleeps,2012
2137516,Khwaab,1997
2139555,Playing It Cool,2014
2139799,Desert Cathedral,2014
2139829,Dutch Book,2015
2139881,Long Shot,2019
2139997,How We Covered It,2013
2140037,Jane Got a Gun,2015
2140189,Note to Self,2012
2140373,Saving Mr. Banks,2013
2140379,Self/less,2015
2140479,The Accountant,2016
2140507,The Current War: Director's Cut,2017
2140577,The Pretty One,2013
2140619,Two Night Stand,2014
2140629,Arizona,2018
2141623,Black Marigolds,2013
2141773,Hell and Back,2015
2141777,Crawlspace,2013
2141941,Night Has Settled,2014
2145548,The Hat Goes Wild,2012
2145829,Robot Overlords,2014
2147459,Patrick,2013
2147537,The Actor,2013
2147545,The Fight for Water: A Farm Worker Struggle,2014
2147567,Rehearsal,2015
2150511,The List,2013
2158731,A Good Funeral,2009
2160105,I Still See You,2018
2160313,Noi c'eravamo,2011
2160331,Poe,2013
2166500,Self Storage,2013
2166616,Wrong Cops,2013
2166934,My Man Is a Loser,2014
2167186,Gritty,2013
2167202,Getaway,2013
2167266,Tracks,2013
2169432,Titanic: 100 Years On,2012
2170299,Bad Words,2013
2170369,Dudes & Dragons,2015
2170439,Horrible Bosses 2,2014
2170593,St. Vincent,2014
2171120,Love Again,2014
2171791,"Black Dog, Red Dog",2015
2171867,Empire State,2013
2171881,Every Emotion Costs,2010
2172001,Cyberstalker,2012
2172402,A Remarkable Life,2016
2172584,Maps to the Stars,2014
2172934,3 Days to Kill,2014
2172985,The Art of the Steal,2013
2175470,A Winter Rose,2016
2175669,Get Lucky,2013
2176051,À votre bon coeur mesdames,2013
2177771,The Monuments Men,2014
2179087,I Will Follow You Into the Dark,2012
2179116,The Kings of Summer,2013
2179136,American Sniper,2014
2179226,Absolute Deception,2013
2179532,1980s Earth First! The Antidote for Despair,2011
2179536,Tree Sit: The Art of Resistance,2001
2179560,Julia Butterfly Hill: Adventures in Treesitting,1999
2179936,School Dance,2014
2180411,Into the Woods,2014
2180549,The Strange Case of Wilhelm Reich,2012
2180994,A Good Marriage,2014
2181310,Malignant,2013
2181959,God Loves Caviar,2012
2182175,The Great Chameleon,2012
2182972,Song One,2014
2184219,Kiss Me,2014
2184227,Dormant Beauty,2012
2184233,1 Mile to You,2017
2184287,Summer in February,2013
2184339,The Purge,2013
2187137,The M Word,2014
2188753,A Night of Nightmares,2012
2189978,The Yank,2014
2190165,Abigail Harm,2012
2190193,Back to the Sea,2012
2190467,Safelight,2015
2191082,A Promise,2013
2191400,"Sex, Drugs & Taxation",2013
2191701,Grown Ups 2,2013
2191880,Red Knot,2014
2193091,Half the Sky,2012
2193191,Fractured,2013
2193215,The Counselor,2013
2193265,Welcome to the Jungle,2013
2193782,Do Not Disturb,2012
2194499,About Time,2013
2194628,The Resurrection of Tony Gitone,2013
2194826,The Barber,2014
2195548,Prince Avalanche,2013
2196055,Teenage,2013
2197936,Fatima,2019
2198191,Snapshot,2014
2198241,The Outsider,2014
2198281,Window of Opportunity,2015
2199251,The Wedding Pact,2014
2199571,Run All Night,2015
2201221,Some Girl(s),2013
2201251,The Hot Flashes,2013
2201532,Guns for Hire,2015
2202928,Down River,2013
2203898,Vijay and I,2013
2203939,The Other Woman,2014
2204080,Wildlike,2014
2204379,The Devil's Carnival,2012
2205697,Stuck in Love.,2012
2205762,Model Home,2018
2205904,Generation Iron,2013
2207050,Bicycling with Molière,2013
2209706,9mm,2012
2209764,Transcendence,2014
2209792,The Encounter: Paradise Lost,2012
2210463,Battle of the Damned,2013
2210781,Lullaby,2014
2210834,Jimmy P.,2013
2210835,Mrs. Pilgrim Goes to Hollywood,2002
2212008,The Bag Man,2014
2212778,When the Starlight Ends,2016
2214114,Changing Seasons,2015
2214815,Art Is...,2013
2215077,Half of a Yellow Sun,2013
2215221,The Nun,2013
2215285,Madea's Witness Protection,2012
2217859,Louder Than Bombs,2015
2217895,4 Minute Mile,2014
2218003,Closed Circuit,2013
2219958,Ciudadano Buelna,2013
2220544,Since '45 - In the Extraordinary House of History,2017
2221032,Elephant Sighs,2012
2221362,The Last Letter,2013
2221648,Return to Nim's Island,2013
2222042,Monster Problems,2020
2223990,Draft Day,2014
2224004,Sweetwater,2013
2224026,Home,2015
2224073,Best Friends Forever,2013
2224509,The Muslims Are Coming!,2013
2226321,Dark,2015
2226417,Insidious: Chapter 2,2013
2226519,Plush,2013
2226597,The Mountain Between Us,2017
2229377,Enter the Dangerous Mind,2013
2229499,Don Jon,2013
2231138,Some Velvet Morning,2013
2231253,Wild Card,2015
2231367,Lonely Boy,2013
2231461,Rampage,2018
2231630,Before the Winter Chill,2013
2233999,Boy on Bridge,2013
2234003,Calvary,2014
2234025,Coffee Town,2013
2234032,Stay,2013
2234155,The Internship,2013
2234261,The Love Punch,2013
2234429,Sparks,2013
2234550,Lego Hero Factory: Savage Planet,2011
2235372,Son of the South,2020
2235779,The Quiet Ones,2014
2236054,Mystery Road,2013
2236182,Rise of the Zombies,2012
2237324,Bent,2018
2237914,Aztec Warrior,2016
2238032,Skiptrace,2016
2238050,White Bird in a Blizzard,2014
2238420,Jolene: The Indie Folk Star Movie,2014
2239822,Valerian and the City of a Thousand Planets,2017
2239832,Think Like a Man Too,2014
2240190,Behind the Scenes of 'Pastor Brown' the Movie,2012
2241199,Handmade Cinema,2012
2241351,Money Monster,2016
2241475,Riot,2015
2242174,Landes,2013
2243681,Valentino's Ghost,2012
2244901,I Give It a Year,2013
2245003,Miss You Already,2015
2245151,Supremacy,2014
2246597,Boardwalk Hempire: The Rise and Fall of the Medical Kush Beach Club,2014
2247476,When the Game Stands Tall,2014
2248835,I Spill Your Guts,2012
2249081,The Forgiven,2017
2249119,The Legend of DarkHorse County,2014
2249221,Zulu,2013
2250912,Spider-Man: Homecoming,2017
2251281,Dark Was the Night,2014
2257284,Line of Descent,2019
2258058,High & Outside: a baseball noir,2018
2258233,$ellebrity,2012
2258285,Two Men in Town,2014
2258345,Fading Gigolo,2013
2258351,First Law,2017
2259858,Asylum,2014
2261287,Leap!,2016
2261331,Black Sea,2014
2261469,Double Fine Adventure,2015
2261547,5 Hour Friends,2013
2262175,Svengali,2013
2262227,The Book of Life,2014
2262315,The Good Neighbor,2016
2262518,Spaceman,2016
2262788,Mulberry Stains,2012
2263648,What About Love,2020
2265050,A Short History of Decay,2014
2265080,Red Wing,2013
2265279,El secreto del medallón de jade,2012
2265398,Drinking Buddies,2013
2265534,The Lifeguard,2013
2265567,Sweet Micky for President,2015
2267620,Contamination: A Convention Story,2012
2267968,Kung Fu Panda 3,2016
2267998,Gone Girl,2014
2268016,Magic Mike XXL,2015
2268018,Neron,2018
2271563,Forsaken,2015
2271671,The Moment,2013
2273401,Man with Van,2017
2273657,True Story,2015
2274570,Bad Milo,2013
2274648,Hellboy,2019
2275471,A Perfect Man,2013
2275591,Check the Rhyme,2016
2275629,Cliffs of Freedom,2019
2275743,"Berlin, I Love You",2019
2275946,Redirected,2014
2276095,The Dandelions,2012
2276244,In No Particular Order,2012
2276480,A Little Game,2014
2277308,Friend Request,2013
2277840,The Wedding Chapel,2013
2277860,Finding Dory,2016
2278388,The Grand Budapest Hotel,2014
2278870,Beyond the Edge,2016
2278878,Mommy's Little Monster,2012
2279339,Love the Coopers,2015
2279373,The SpongeBob Movie: Sponge Out of Water,2015
2281215,Elf-Man,2012
2283362,Jumanji: Welcome to the Jungle,2017
2286596,Anatomy of a Film,2014
2286990,The Right Kind of Wrong,2013
2287030,Making the Rules,2014
2287905,"Milos Forman, un outsider à Hollywood",2012
2289526,Going Away,2013
2290553,Northmen - A Viking Saga,2014
2290709,The Appearing,2014
2290739,The Devil's Hand,2014
2290829,Annie and the Gypsy,2012
2292959,The Canyons,2013
2293640,Minions,2015
2293750,Scorned,2013
2294449,22 Jump Street,2014
2294629,Frozen,2013
2294663,How Sweet It Is,2013
2294677,In a World...,2013
2294729,Mansome,2012
2295564,McCanick,2013
2295722,Falcon Rising,2014
2295908,Being American,2014
2296777,Sherlock Gnomes,2018
2296935,The Legend of Sarila,2013
2297864,The REAL Shahs of Beverly Hills,2015
2298304,Beach Pillows,2014
2300975,Jessabelle,2014
2302701,Magic Hour,2015
2302755,Olympus Has Fallen,2013
2303110,Rise of the Dinosaurs,2013
2304771,Mandela: Long Walk to Freedom,2013
2304933,The 5th Wave,2016
2304953,Reasonable Doubt,2014
2305051,Wild,2014
2306723,Secret Life of Old Rose: The Art of Gloria Stuart,2012
2309762,Eternity: The Movie,2014
2310109,Small Time,2014
2310332,The Hobbit: The Battle of the Five Armies,2014
2310750,The Art of Dying; the Act of Living,2021
2310792,Healing,2014
2311348,La vida inesperada,2013
2311776,Dementamania,2013
2312184,All About the Money,2017
2312718,Homefront,2013
2312890,Afternoon Delight,2013
2314374,Jake Squared,2013
2314824,Behaving Badly,2014
2314886,Breakout,2013
2315338,Hunting Season,2013
2315582,Una,2016
2315596,Galveston,2018
2316204,Alien: Covenant,2017
2316411,Enemy,2013
2316479,Blue Iguana,2018
2316627,Lost in Karastan,2014
2316801,Beauty and the Beast,2014
2316810,Northern Borders,2013
2316868,The Better Angels,2014
2317484,The Penny Dreadful Picture Show,2013
2318092,Endless Love,2014
2318527,Hell Baby,2013
2319018,The Ultimate Accessory,2013
2319580,The Grand Seduction,2013
2319879,"It's Not You, It's Me",2013
2320388,Hidden in the Woods,2014
2321195,Assumed Killer,2013
2321341,House of Bodies,2013
2321471,I Wake Up Yesterday,2012
2321502,Uncanny,2015
2322441,Fifty Shades of Grey,2015
2322517,Mojave,2015
2323912,Beast Mode,2019
2325002,Freezer,2014
2325853,Matt's Chance,2013
2325977,Strangerland,2015
2326192,Redwood Summer Roadshow,1990
2326574,The Identical,2014
2326612,The Captive,2014
2327541,The Big Ask,2013
2328745,Space Warriors,2013
2328900,Mary Queen of Scots,2018
2330666,Wingman Inc.,2015
2330852,Four Senses,2013
2330973,Manhattan Undying,2016
2331047,Rememory,2017
2331880,The Fitzgerald Family Christmas,2012
2332573,Clownwise,2013
2332579,Crystal Fairy & the Magical Cactus,2013
2332831,The Last Will and Testament of Rosalind Leigh,2012
2332883,Deepsea Challenge 3D,2014
2333784,The Expendables 3,2014
2333804,The Zero Theorem,2013
2334593,Cas & Dylan,2013
2334649,Fruitvale Station,2013
2334733,Madame Bovary,2014
2334796,Dangerous Edge: A Life of Graham Greene,2013
2334873,Blue Jasmine,2013
2334879,White House Down,2013
2337838,Welcome to the Rendezvous!,2011
2338088,Without Ward,2017
2338173,Radioman,2012
2338424,Tumbledown,2015
2338454,Unicorn Store,2017
2339064,Chu and Blossom,2014
2340142,Empire of the Heart,2017
2341664,Come Out and Play,2012
2342071,Dorothy and the Witches of Oz,2012
2343793,Third Person,2013
2345112,Parkland,2013
2345567,Haunter,2013
2345721,Breaking at the Edge,2013
2345737,The Rover,2014
2345759,The Mummy,2017
2346170,#1 Serial Killer,2013
2346406,Golden Shoes,2015
2347497,Silent Night,2012
2347569,Frances Ha,2012
2347782,Animen: The Galactic Battle,2012
2349144,Mississippi Grind,2015
2349460,Grace Unplugged,2013
2350892,Bad Country,2014
2352802,Goodbye World,2013
2354329,Savely Kramarov. A Gentleman of Fortune,2004
2355495,Barefoot,2014
2357129,Jobs,2013
2357144,37,2014
2357263,Cold Turkey,2013
2357291,Rio 2,2014
2357453,Underground: The Julian Assange Story,2012
2357461,Honey,2013
2357770,All the Wilderness,2014
2357868,Chicanery,2017
2358925,Unfinished Business,2015
2359137,Last Ounce of Courage,2012
2359381,Days and Nights,2014
2361184,Tapped Out,2014
2361317,Live by Night,2016
2361509,The Intern,2015
2361618,The Volunteer,2013
2363181,Alpha Alert,2013
2363449,The House Across the Street,2013
2364006,The Food Guide to Love,2013
2364816,An American Dog Story,2017
2364841,Runner Runner,2013
2364949,Touchy Feely,2013
2365001,Immigrant,2013
2365580,"Where'd You Go, Bernadette",2019
2366608,Lost River,2014
2368254,A Private War,2018
2368553,Assault on Wall Street,2013
2368606,The Lost Tree,2016
2368619,The Take,2016
2368635,Bird People,2014
2368908,Confessions of a Womanizer,2014
2369041,Legendary,2013
2369135,Need for Speed,2014
2369205,Pioneer,2013
2369317,Space Station 76,2014
2370138,Criticsized,2016
2370230,All Summers End,2017
2370248,Short Term 12,2013
2372251,Down a Dark Hall,2018
2372776,Harry Dean Stanton: Partly Fiction,2012
2374196,Solo,2013
2374745,ATypical Love,2012
2374887,Captain's Table,2011
2375005,FedCon XX: The SciFi Experience,2011
2375443,The Last Light,2014
2375639,South of Hope Street,2019
2375844,Fractured,2015
2375906,Scavenger Killers,2014
2376218,The Forger,2014
2377322,Deliver Us from Evil,2014
2377752,The Truth About Lies,2018
2378507,The Glass Castle,2017
2379402,Swansong,2015
2379713,Spectre,2015
2380307,Coco,2017
2380331,Words and Pictures,2013
2380560,Pride of Lions,2014
2381111,Brooklyn,2015
2381181,FedCon XIX: Beyond Imagination,2010
2381249,Mission: Impossible - Rogue Nation,2015
2381355,The Rambler,2013
2381931,Compulsion,2013
2381941,Focus,2015
2381962,Hansel & Gretel: Warriors of Witchcraft,2013
2381991,The Huntsman: Winter's War,2016
2382009,Nymphomaniac: Vol. II,2013
2382320,No Time to Die,2020
2382422,Jacky in the Kingdom of Women,2014
2385119,Kilimanjaro,2013
2385255,They Die by Dawn,2013
2385784,A small southern enterprise,2013
2385882,Vic + Flo Saw a Bear,2013
2386278,Haunt,2014
2386285,Road to Paloma,2014
2386490,How to Train Your Dragon: The Hidden World,2019
2387395,Awesome Girl Gang Street Fighter,2013
2387433,Dark Skies,2013
2387499,Keeping Up with the Joneses,2016
2387559,Delivery Man,2013
2387575,"Tbilisi, I Love You",2014
2387576,Rite of Passage: The Amazing Spider-Man Reborn,2012
2388621,1982,2013
2388637,Ain't Them Bodies Saints,2013
2388715,Oculus,2013
2388771,Mowgli: Legend of the Jungle,2018
2389182,Cheap Thrills,2013
2390032,She Loves Me Not,2013
2390237,Cuban Fury,2014
2390361,Enough Said,2013
2390426,Three-60,2013
2390630,Medeas,2013
2390994,Loitering with Intent,2014
2392326,Le Week-End,2013
2392385,Lap Dance,2014
2392810,Queen & Country,2014
2392846,Paranormal Movie,2013
2393825,Home,2013
2393845,Kill Me Three Times,2014
2393917,Out of Print,2014
2394003,The Bird Men,2013
2395199,Enemies Closer,2013
2395343,Muse of Fire,2013
2395427,Avengers: Age of Ultron,2015
2396046,Der Weg des Ruhms,2011
2396589,Mudbound,2017
2396659,Before I Sleep,2013
2396721,The Scribbler,2014
2397461,Clifford the Big Red Dog,2020
2397535,Predestination,2014
2397902,H.O.M.E.,2016
2398231,The Homesman,2014
2398241,Smurfs: The Lost Village,2017
2398249,They Came Together,2014
2400441,Susie's Hope,2013
2400463,The Invitation,2015
2401199,Demon Inside,2013
2401715,The Devil's Violinist,2013
2401789,The Secret Village,2013
2401807,Rage,2014
2401825,Forever Young,2018
2401878,Anomalisa,2015
2401912,A Song for Mama,2013
2402085,Jimi: All Is by My Side,2013
2402101,Dark Places,2015
2402105,Dom Hemingway,2013
2402157,The November Man,2014
2402179,Seduced and Abandoned,2013
2402200,That Guy... Who Was in That Thing,2012
2402603,Felony,2013
2402927,Carol,2015
2402985,Ping Pong Summer,2014
2404163,After,2012
2404181,Belle,2013
2404233,Gods of Egypt,2016
2404299,Lovesick,2014
2404311,The Family,2013
2404425,Woman in Gold,2015
2404435,The Magnificent Seven,2016
2404463,The Heat,2013
2404465,Troop Zero,2019
2404469,Ushi Must Marry,2013
2404639,The Happy Prince,2018
2405792,Elaine Stritch: Shoot Me,2013
2406468,Scoot & Kassie's Christmas Adventure,2013
2406566,Atomic Blonde,2017
2409418,Tula: The Revolt,2013
2411144,The Queen of Spain,2016
2411776,The Tightrope Dancer,1990
2412714,OJ: The Musical,2013
2412746,Revelation Road: The Beginning of the End,2013
2414760,A Place to Hide,1988
2414886,Send No Flowers,2013
2417712,Goon: Last of the Enforcers,2017
2419354,Camp Dread,2014
2420166,The World Made Straight,2015
2420756,Night of the Wolf,2014
2421416,Trust Me,2013
2422276,This Last Lonely Place,2014
2423916,The Furious Gods: Making Prometheus,2012
2425466,Warren,2014
2427968,Una famiglia perfetta,2012
2429278,The Ghost and The Whale,2017
2431286,Philomena,2013
2434688,Skum Rocks!,2013
2435458,Last Weekend,2014
2436386,Project Almanac,2015
2436682,The Duel,2016
2437548,Goodbye to All That,2014
2441982,The Visitors: Bastille Day,2016
2442466,All the Light in the Sky,2012
2443822,The Boy,2015
2445178,Molly Moon and the Incredible Book of Hypnotism,2015
2446042,Taken 3,2014
2446980,Joy,2015
2447842,Vinodentro,2013
2449638,Atomica,2017
2449810,Sanitarium,2013
2450056,"Charlie, Trevor and a Girl Savannah",2015
2450334,No Clue,2013
2452150,Respect,2020
2452200,Son of a Gun,2014
2452244,Isn't It Romantic,2019
2452254,Clouds of Sils Maria,2014
2452384,All That I Am,2013
2452386,The Fundamentals of Caring,2016
2452470,The Reckoning,2014
2458988,Queen of Carthage,2016
2461030,Deserted,2016
2461150,Masterminds,2016
2461520,Man Down,2015
2462202,The Last Art Film,2012
2463154,Posthumous,2014
2463288,Walk of Shame,2014
2463302,Wish You Well,2013
2463374,Planet View,2013
2463512,Hateship Loveship,2013
2464990,When the Devil Rides Out,2017
2465140,The Single Moms Club,2014
2465146,And So It Goes,2014
2465308,Helen Keller vs. Nightwolves,2015
2467046,Left Behind,2014
2468498,Club Lingerie,2014
2473076,Haiti Untold,2012
2473602,Get on Up,2014
2473732,It's Dark Here,2013
2473794,Mr. Turner,2014
2474024,The Last Five Years,2014
2479478,The Ridiculous 6,2015
2479800,Palo Alto,2013
2481248,Doc of the Dead,2014
2481480,Rob the Mob,2014
2481498,"Extremely Wicked, Shockingly Evil and Vile",2019
2481500,Playin' for Love,2013
2481512,"Stockholm, Pennsylvania",2015
2481554,Murder of a Cat,2014
2482856,The Church,2018
2483208,Way of the Wicked,2014
2484530,Amapola,2014
2486678,5 to 7,2014
2486880,Such Good People,2014
2488496,Star Wars: Episode VII - The Force Awakens,2015
2488778,The Keeping Room,2014
2489736,Hello Destroyer,2016
2490326,Cooties,2014
2493486,Last Knights,2015
2494280,Stretch,2014
2494362,Bone Tomahawk,2015
2494384,Aloft,2014
2495104,Parts Per Billion,2014
2497808,Ambushed,2013
2497980,The Lookalike,2014
2498340,Algonquin,2013
2502518,Scrapper,2013
2503944,Burnt,2015
2503954,Broken Horses,2015
2504640,Garm Wars: The Last Druid,2014
2505294,Ask Me Anything,2014
2506748,.357,2013
2507238,Me Him Her,2015
2507280,Mr. Jones,2013
2507468,Welcome to the World,2012
2509532,With Mom,2013
2509850,The Rewrite,2014
2510028,Frontera,2014
2510268,Blood of Redemption,2013
2510506,Dragonfly,2015
2510894,Hotel Transylvania 2,2015
2511428,Cold Comes the Night,2013
2512236,Rumors of Wars,2014
2515030,Escobar: Paradise Lost,2014
2515034,The Gunman,2015
2515214,They Are All Dead,2014
2516304,Sequoia,2014
2518788,1,2013
2518848,500 MPH Storm,2013
2518926,Age of Dinosaurs,2013
2520394,See You Next Tuesday,2013
2520516,The Stroller Strategy,2012
2523096,Needlestick,2017
2525576,Killing Winston Jones,2019
2527336,Star Wars: Episode VIII - The Last Jedi,2017
2527338,Star Wars: The Rise of Skywalker,2019
2528166,Como estrellas fugaces,2012
2528814,God's Not Dead,2014
2531334,Keep Watching,2017
2531344,Blockers,2018
2534542,Nobody's Heroes,1983
2535084,The Jogger,2013
2537138,Committed,2012
2538130,Return to Zero,2014
2538204,#Lucky Number,2015
2538778,The Whole World at Our Feet,2015
2543164,Arrival,2016
2543336,The Harvest,2013
2543472,Wonder,2017
2545936,Jake's Road,2017
2546764,Sons of Liberty,2013
2547172,Larry Gaye: Renegade Male Flight Attendant,2015
2547584,The Light Between Oceans,2016
2547622,Tales from the Warner Bros. Lot,2013
2548208,Poker Night,2014
2548396,The Cloverfield Paradox,2018
2551330,Unkillable,2018
2552394,Barney Thomson,2015
2553908,"Cinco de Mayo, La Batalla",2013
2554274,Crimson Peak,2015
2554714,Haunting of the Innocent,2014
2555652,Forever,2015
2555736,The Second Best Exotic Marigold Hotel,2015
2556114,Guernica,2016
2556676,Blowtorch,2016
2557490,A Million Ways to Die in the West,2014
2557952,"Salaud, on t'aime",2014
2559036,Olvidados,2014
2559214,Bordering on Bad Behavior,2014
2559458,Preggoland,2014
2559620,Little Baby Jesus,2013
2559658,Give Me Shelter,2014
2560102,Lilting,2014
2561546,The Town That Dreaded Sundown,2014
2561572,Get Hard,2015
2562146,Hanukkah,2020
2562232,Birdman or (The Unexpected Virtue of Ignorance),2014
2562726,Final Recourse,2013
2563562,The Mark: Redemption,2013
2564978,Lost Time,2014
2567026,Alice Through the Looking Glass,2016
2567688,Johnny Walker,2015
2567712,Starred Up,2013
2568862,Going in Style,2017
2570224,Two-Bit Waltz,2014
2570436,Army of the Damned,2013
2571540,Paper Souls,2013
2572330,A Trip to the Island,2014
2572632,Vendetta,2013
2574538,Until We Meet Again,2018
2574698,Gunday,2014
2576852,The Tale of The Princess Kaguya,2013
2581244,Life After Beth,2014
2582498,Sweet Virginia,2017
2582500,Shut In,2016
2582502,Fathers & Daughters,2015
2582576,Sand Castle,2017
2582624,The Privileged,2013
2582782,Hell or High Water,2016
2582784,Flower,2017
2582802,Whiplash,2014
2582846,The Fault in Our Stars,2014
2584018,Freedom,2014
2589070,Obsessive Rhythms,2013
2591692,Boiling Pot,2015
2592614,Resident Evil: The Final Chapter,2016
2597768,Come and Find Me,2016
2606314,Caretakers,2018
2606614,A Cry from Within,2014
2608030,Loaded,2015
2608250,Finding Harmony,2014
2609758,A Madea Christmas,2013
2611626,Force of Execution,2013
2614400,Casanova Variations,2014
2619512,The Big Take,2018
2620590,Leatherface,2017
2622294,Bleeding Hearts,2015
2622626,"Never Before, Never Again: Behind the Scenes of Asssscat",2013
2622796,Show Me the Magic,2012
2622988,In a Heartbeat,2014
2624412,Boulevard,2014
2625810,Into the Forest,2015
2626460,Top Dog,2014
2630880,Birthday Cake,2013
2630922,Standing on Sacred Ground: Pilgrims and Tourists,2013
2633114,Caught on Tape,2013
2633610,Occupy Cannes!,2013
2637276,Ted 2,2015
2637294,Hot Tub Time Machine 2,2015
2637378,Match,2014
2638142,GHB: To Be or Not to Be,2014
2638662,Summer Camp,2015
2639254,A Little Chaos,2014
2639336,Greta,2018
2639344,Love Is Strange,2014
2645670,Independence Daysaster,2013
2646218,Was ich bin sind meine Filme - Teil 2... nach 30 Jahren,2010
2646956,Fist of the Dragon,2014
2649554,Midnight Special,2016
2651164,Skate God,2020
2651214,American Mustang,2013
2652118,"Crouching Tiger, Hidden Dragon: Sword of Destiny",2016
2655734,Bang Bang Baby,2014
2657538,Collusions,2018
2658538,Austin Found,2017
2659190,Just a Sigh,2013
2660888,Star Trek Beyond,2016
2663568,Bukowski,2013
2667918,About Alex,2014
2667960,Miss Julie,2014
2670882,Measure of a Man,2018
2671706,Fences,2016
2674358,The Hunter's Prayer,2017
2674426,Me Before You,2016
2674430,Approaching the Unknown,2016
2674454,Churchill,2017
2675914,In Order of Disappearance,2014
2677046,Mohabbat Pehli Nazar Mein,1991
2677722,City of Lies,2018
2678444,Steven Arnold: Heavenly Bodies,2019
2679042,Hitman: Agent 47,2015
2689958,Big Sky,2015
2690138,The D Train,2015
2690226,The Chaperone,2018
2691734,October Gale,2014
2692250,Night at the Museum: Secret of the Tomb,2014
2692904,Locke,2013
2693580,Miss Stevens,2016
2693664,Young Ones,2014
2698966,The Debt,2015
2700582,Another Life,2013
2702724,The Boss,2016
2704998,Game Night,2018
2707810,Submission,2017
2709692,The Grinch,2018
2709768,The Secret Life of Pets,2016
2710534,Arrive Alive,1990
2712758,Displacement,2016
2713180,Fury,2014
2714410,The Historian,2014
2716382,Sea Fever,2019
2717822,Blackhat,2015
2717870,Chuck Hank and the San Diego Twins,2018
2718314,Dark Awakening,2014
2718440,Moonwalkers,2015
2719448,Starring Adam West,2013
2720680,The Salvation,2014
2722106,My Greatest Teacher,2012
2722504,Mr. Pig,2016
2723358,Doctor Bello,2013
2723576,The Sleepwalker,2014
2723678,The Costume Shop,2014
2724236,Tell,2014
2724532,Gridlocked,2015
2725962,What We Did on Our Holiday,2014
2726408,The Fourth Horseman,2020
2726552,A Kind of Murder,2016
2726560,The Longest Ride,2015
2735292,L.A. Slasher,2015
2735996,Endless Night,2015
2736858,The Harrowing,2017
2737304,Bird Box,2018
2740630,Anatomy of a Liar,2012
2741564,Angelica,2015
2741724,Tao of Surfing,2016
2749282,Papa Hemingway in Cuba,2015
2751310,Sex Ed,2014
2752758,Devil's Due,2014
2756032,The One I Love,2014
2758890,Welcome to New York,2014
2759098,Corsi: The World's First Super Model,2020
2762662,Better Start Running,2018
2762772,Silent Screams,2015
2763304,T2 Trainspotting,2017
2766004,The Life and Mind of Mark DeFriest,2014
2766268,The Games Maker,2014
2767880,It Snows All the Time,2016
2771200,Beauty and the Beast,2017
2771372,Veronica Mars,2014
2776878,Thank You for Your Service,2017
2782834,iSteve,2013
2782868,Eadweard,2015
2784678,Top Five,2014
2786780,House of the Witchdoctor,2013
2787388,Classic Hollywood Cinemas,2016
2788556,Gemma Bovery,2014
2788710,The Interview,2014
2788716,Welcome to Me,2014
2788732,Pete's Dragon,2016
2790182,X/Y,2014
2793490,Starry Eyes,2014
2796678,The Opposite Sex,2014
2798920,Annihilation,2018
2800340,On the Milky Road,2016
2800400,Wild Canaries,2014
2802136,Home Sweet Hell,2015
2802144,Kingsman: The Secret Service,2014
2803940,Misogynist,2013
2805676,Ascent to Hell,2014
2806878,De guerre lasse,2014
2807548,Eastwood Directs: The Untold Story,2013
2814362,United Passions,2014
2814628,Beyond the Known World,2017
2815966,After the Fall,2014
2818640,Un Cuento de Circo & A Love Song,2016
2820852,Furious 7,2015
2822672,Rock Dog,2016
2822742,3 Hearts,2014
2823054,Mike and Dave Need Wedding Dates,2016
2823574,Extraction,2013
2825596,The Pretenders,2018
2825924,Revelation Road 2: The Sea of Glass and Fire,2013
2827024,Star Trek: The Next Generation - Inside the Writer's Room,2013
2827058,Mississippi Murder,2017
2828022,ICE Agent,2013
2828884,Hoovey,2015
2831414,Everything Is Copy,2015
2832482,Bereave,2015
2833580,The Girl,2016
2833598,Son épouse,2014
2837336,Amnesiac,2014
2837574,The Old Man & the Gun,2018
2842938,She Rises,2016
2845578,War Story,2014
2848292,Pitch Perfect 2,2015
2848324,Touched with Fire,2015
2850386,The Croods 2,2020
2850480,The Girl Who Invented Kissing,2017
2852316,Tuna,2013
2852406,Omar,2013
2854894,A Fighting Man,2014
2854926,Tag,2018
2866010,Twitch Hoodrich,2008
2866708,Strange But True,2019
2869728,Ride Along 2,2016
2870708,Wish I Was Here,2014
2870756,Magic in the Moonlight,2014
2870808,Life Partners,2014
2871776,Jungle Master,2013
2872518,The Shack,2017
2872718,Nightcrawler,2014
2872724,Out of the Dark,2014
2872732,Lucy,2014
2873214,Bad Turn Worse,2013
2873282,Red Sparrow,2018
2876428,"Buen Día, Ramón",2013
2879202,Heavy Water: A Film for Chernobyl,2007
2882854,Dead Still,2014
2883434,Black or White,2014
2883512,Chef,2014
2884018,Macbeth,2015
2884206,I Origins,2014
2891174,99 Homes,2014
2891456,The Lavender Scare,2017
2893134,Herblock: The Black & the White,2013
2893490,Manglehorn,2014
2896176,Wait Wait Don't Tell Me Live!,2013
2897102,Let the Lion Roar,2014
2900822,Torment,2013
2903186,Brother,2016
2903346,Wayne Shorter: Zero Gravity,2020
2904690,Horror Icon: Inside Michael's Mask with Tony Moran,2016
2905082,Alex & The List,2017
2905674,Jurassic City,2015
2906280,Every Night's a Saturday Night,2017
2908090,ZK: Elephant's Graveyard,2015
2908446,Insurgent,2015
2908856,My Old Lady,2014
2909476,Puncture Wounds,2014
2910274,Obvious Child,2014
2910814,The Signal,2014
2910904,The Dressmaker,2015
2911666,John Wick,2014
2911674,Tiger House,2015
2912120,The Young Kieslowski,2014
2913562,Call Me King,2017
2917388,Kidnapping Mr. Heineken,2015
2918436,The Lazarus Effect,2015
2918606,The Hollow Point,2016
2920086,Full Body Whisper,2013
2920330,When a Woman's Fed Up,2013
2920808,God's Pocket,2014
2922440,Nice and Easy,2014
2923316,American Heist,2014
2923780,The Silent Storm,2014
2924392,Higher Power,2018
2925552,Fish N Chips: The Movie,2013
2925664,Undateable John,2019
2925768,Ned Rifle,2014
2925992,Standing on Sacred Ground,2013
2926164,Clinton Sparks Gold Rush the Making Of,2013
2926924,Another You,2017
2927212,Dear Eleanor,2016
2931140,New Life,2016
2932226,Staircases to Nowhere: Making Stanley Kubrick's 'The Shining',2013
2932536,47 Meters Down,2017
2933544,5 Flights Up,2014
2935476,Far from the Madding Crowd,2015
2935510,Ad Astra,2019
2936978,War Book,2014
2937254,Balls Out,2014
2937366,Little Evil,2017
2937696,Everybody Wants Some!!,2016
2937898,A Most Violent Year,2014
2939114,Dark Harvest,2016
2940280,Viktor,2014
2940482,American Justice,2017
2943910,Are You Joking?,2014
2944198,Backcountry,2014
2947064,Chasing Gold,2016
2948160,Corbin Nash,2018
2948266,Dealin' with Idiots,2013
2948356,Zootopia,2016
2948372,Soul,2020
2948472,Lion's Heart,2013
2948606,Assassin's Game,2015
2948790,Return to Sender,2015
2949296,I Am Your Father,2015
2950052,Bravetown,2015
2950214,Krásno,2014
2950236,The Living,2014
2950418,Greater,2016
2953182,Eva Doesn't Sleep,2015
2954474,Visions,2015
2955096,Happy Christmas,2014
2955304,Halal Daddy,2017
2958172,Me,2014
2960450,The Galapagos Affair: Satan Came to Eden,2013
2962726,The Anomaly,2014
2962876,The Road Within,2014
2962932,Mining for Ruby,2014
2962984,Girlfriend's Day,2017
2965384,On Angel's Wings,2014
2965412,Comet,2014
2966560,The Hussites,2013
2966754,The Ever After,2014
2967008,The Face of an Angel,2014
2967224,Hot Pursuit,2015
2968804,Drive Hard,2014
2971128,"River Deep, Mountain High: James Nesbitt in New Zealand",2013
2972098,A Fuller Life,2013
2974918,Alvin and the Chipmunks: The Road Chip,2015
2975578,The Purge: Anarchy,2014
2975590,Batman v Superman: Dawn of Justice,2016
2977090,Alex of Venice,2014
2978102,Term Life,2016
2978462,Dolphin Tale 2,2014
2980210,A Hologram for the King,2016
2980332,Letters to Jackie: Remembering President Kennedy,2013
2980472,Just Before I Go,2014
2980556,Mr. Blue Shirt: The Inspiration,2020
2980592,The Guest,2014
2980648,The Hundred-Foot Journey,2014
2980706,Planes: Fire & Rescue,2014
2983922,The Night Visitor 2: Heather's Story,2016
2984576,Death House,2017
2990126,100 Streets,2016
2991768,The Natural: The Best There Ever Was,2016
2992538,Guardian Angel,2014
2994948,Deep in the Darkness,2014
2998406,No Stranger Than Love,2015
3000308,Emily & Tim,2015
3004644,Amy and Sophia,2017
3004746,The 11th Hour,2014
3005384,Prism,2015
3006826,K-9 Adventures: Legend of the Lost Gold,2014
3007132,Daylight's End,2016
3007512,The Water Diviner,2014
3009068,Shongram,2014
3009070,The Goob,2014
3009530,Peterman,2014
3009772,Ode to Joy,2019
3011874,Marvin Hamlisch: What He Did for Love,2013
3011960,Hangman,2017
3012526,A Very Larry Christmas,2013
3013588,Avis de mistral,2014
3014078,Shangri-La Suite,2016
3014284,The Lego Ninjago Movie,2017
3014866,Criminal,2016
3014910,Finding Altamira,2016
3018070,Stonewall,2015
3018374,The Man Who Defended Gavrilo Princip,2014
3020226,Storm Rider,2013
3020814,Reflections on Titanic,2012
3021360,Faults,2014
3026144,The Sound and the Fury,2014
3026488,Alone in Berlin,2016
3027644,Flock of Dudes,2016
3027716,Crossing Point,2016
3029476,Pressure,2015
3031762,Giuseppe Tornatore: Every Film My First Film,2012
3032282,Eden,2014
3034316,L.A.: A Queer History,2018
3036676,Throwdown,2014
3037028,The Clearstream Affair,2014
3038734,Club Life,2015
3040224,Smothered,2016
3040964,The Jungle Book,2016
3042626,Asthma,2014
3045616,Mortdecai,2015
3053860,The Chef's Wife,2014
3056858,Un ragazzo d'oro,2014
3057572,Of Mind and Music,2014
3058548,Words of Everest,2013
3059816,The Wannabe,2015
3060390,Lawless Range,2016
3060492,Before I Disappear,2014
3061222,Alcoholist,2016
3062096,Inferno,2016
3062976,Learning to Drive,2014
3063072,Live Evil,2015
3064298,Man Up,2015
3065204,The Conjuring 2,2016
3066808,The Gettysburg Address,2018
3068194,Love & Friendship,2016
3070488,Adriatico My Love,2011
3070502,Unstoppable,2013
3072482,Hardcore Henry,2015
3072876,Queen Mimi,2015
3073884,Valley Inn,2014
3073898,108 Stitches,2014
3074546,Casual Encounters,2016
3074578,The Surface,2014
3074780,Supermensch: The Legend of Shep Gordon,2013
3076510,Henchmen,2018
3077214,Suffragette,2015
3078296,The Invisible Boy,2014
3079016,We'll Never Have Paris,2014
3079222,The Man Who Was Thursday,2016
3079380,Spy,2015
3079568,Minutes to Midnight,2018
3081268,Reaper,2014
3082826,Kelly & Cal,2014
3082898,Kickboxer: Vengeance,2016
3082920,Sister,2014
3083008,The Program,2015
3088670,Never the Same: The Prisoner-of-War Experience,2013
3089630,Artemis Fowl,2020
3090670,Advantageous,2015
3091258,The Grace of Jake,2015
3091534,Vegas Background,2007
3092520,Guys and Girls Can't Be Friends,2015
3093522,Cymbeline,2014
3093546,Listen Up Philip,2014
3094252,Echoes of War,2015
3095268,Medvezhya okhota,2007
3095356,Avatar 4,2025
3095734,Monster Trucks,2016
3096344,Out of Innocence,2016
3097716,Sin Verite,2014
3099300,Four Seasons,2014
3099370,Sector 4: Extraction,2014
3099498,Tusk,2014
3100052,Gallows Road,2015
3100274,Manhattan Night,2016
3102924,Alternate Realities,2014
3103412,Private Number,2014
3104304,Ice Soldiers,2013
3104572,Paris Follies,2014
3104988,Crazy Rich Asians,2018
3105662,Breaking the Bank,2014
3106120,See No Evil 2,2014
3106730,Halo of Stars,2019
3106898,The Dick Knost Show,2013
3107166,Pimp,2018
3107168,Tempest Storm,2016
3109188,What Lola Wants,2015
3110770,Road Hard,2015
3110958,Now You See Me 2,2016
3111426,Lost Girls,2020
3111612,Where Is Nadia?,2013
3112206,Saul: The Journey to Damascus,2014
3112900,Salomé,2013
3113836,Strange Nature,2018
3115694,Starcrossed,2014
3116438,Day of the Mummy,2014
3116678,The Roast of Channel 101,2013
3118874,Back in Time,2015
3119360,Itsi Bitsi,2014
3120054,Take Care,2014
3120434,Star Trek: Enterprise - Uncharted Territory,2013
3120944,The Book of Daniel,2013
3120960,Skin Traffik,2015
3121332,Nasty Baby,2015
3122216,Romeo and Juliet in Harlem,2017
3122842,The Automatic Hate,2015
3125324,Beyond the Lights,2014
3125652,Pasolini,2014
3126064,Chasing Lear,2016
3126902,Chasing Yesterday,2015
3127016,Sharon 1.2.3.,2018
3127022,The Bookshop,2017
3128900,Miss Meadows,2014
3130082,Pirate's Code: The Adventures of Mickey Matson,2015
3130594,Juggernaut,2017
3130776,She's Lost Control,2014
3132422,Sex School,2015
3133722,No Way Jose,2015
3135424,Why Horror?,2014
3138024,Feed the Gods,2014
3138122,Into the Ashes,2019
3139538,Amira & Sam,2014
3139682,Bad City,2014
3142060,Passion & Poetry: Sam's Trucker Movie,2013
3142366,Take Me to the River,2015
3147284,Joe's War,2017
3147312,Desierto,2015
3147336,Indiscretion,2016
3148552,Convergence,2015
3149890,Paid in Full,2016
3149900,The Hunted,2013
3150574,Underdog Kids,2015
3150966,Rise of the Footsoldier Part II,2015
3151690,The Channel 101 Experience,2012
3151710,Billy Boy,2017
3152592,Scoob,2020
3152624,Trainwreck,2015
3154310,Walt Before Mickey,2015
3154342,RiffTrax Live: Night of the Shorts SF Sketchfest 2013,2013
3154822,The Audience,2013
3161382,Osprey,2017
3161566,The Wisdom to Know the Difference,2014
3162148,La banalità del crimine,2018
3163336,Uncle Nick,2015
3164244,The Last Impresario,2013
3164256,Rock the Kasbah,2015
3165082,The Hooping Life,2014
3165282,Killer Weekend,2020
3165612,Sleeping with Other People,2015
3165630,The Benefactor,2015
3168230,Mr. Holmes,2015
3168926,Patria,2015
3168940,A Stinking Fairytale,2015
3169638,Amen. Il pittore che fece sognare Hollywood,2012
3169706,Pride,2014
3169710,Fool Circle,2014
3170832,Room,2015
3171764,Nymph,2014
3171832,iBoy,2017
3172532,The Diary of a Teenage Girl,2015
3174376,Before I Wake,2016
3174922,The Carrier,2013
3176776,Silver Skies,2016
3177086,"No Pay, Nudity",2016
3179568,"Men, Women & Children",2014
3180122,John G. Avildsen: King of the Underdogs,2017
3180912,The Architect,2016
3181098,Sama'an Ashrawi's All-Star Tribute to U.G.K.,2013
3181400,Americano,2016
3181776,Momentum,2015
3181822,The Boy Next Door,2015
3181920,Blackbird,2014
3182620,Bitter Harvest,2017
3183660,Fantastic Beasts and Where to Find Them,2016
3184934,The New Girlfriend,2014
3186318,Hellion,2014
3186552,The Sector,2016
3186992,RingCon 2012,2013
3187022,FedCon XXII,2013
3187378,The Asian Connection,2016
3188048,Burning Kentucky,2019
3190158,Passage to Mars,2016
3194410,The Price of Fame,2014
3194590,Dirty Weekend,2015
3196598,Sex: My British Job,2013
3198638,To Life,2014
3201640,Extinction,2018
3202098,Lou! Journal infime,2014
3202374,"If You Don't, I Will",2014
3202408,Relationship Status: It's Complicated,2014
3202670,96 heures,2014
3202890,Reclaim,2014
3203606,Trumbo,2015
3203616,The Cobbler,2014
3203620,The Dinner,2017
3203890,Pulling Strings,2013
3204632,Like Me,2017
3208026,Black '47,2018
3208936,Knucklehead,2015
3209066,One Planet,2020
3210602,All I Want for Christmas,2013
3212026,The Price,2017
3212232,I Am Wrath,2016
3213222,Big Muddy,2014
3214248,All Relative,2014
3216348,Incarnate,2016
3217994,The Submarine Kid,2015
3221480,The Makings of You,2014
3224036,The Labyrinth,2017
3224458,A Beautiful Day in the Neighborhood,2019
3225948,"Gahan Wilson: Born Dead, Still Weird",2013
3226430,A Christmas Wedding,2013
3226786,Bigger,2018
3227442,To Whom It May Concern,2015
3228088,Spark: A Space Tail,2016
3228774,Cruella,2021
3228928,The Prime Ministers: The Pioneers,2013
3230660,Cardboard Boxer,2016
3231054,Risen,2016
3233418,Spare Parts,2015
3233904,My Italian Secret: The Forgotten Heroes,2014
3234082,12-12-12,2013
3234084,I Do... Until I Don't,2017
3235888,It Follows,2014
3236120,I'll See You in My Dreams,2015
3236274,Werewolf Bitches from Outer Space,2016
3238730,Land of Leopold,2014
3239154,Zoe Gone,2014
3239932,True Crime: The Movie,2012
3241146,NY Indies,2005
3244446,Bleeding Heart,2015
3244786,The Music of Silence,2017
3246908,The Boxcar Children,2014
3247714,Survivor,2015
3249304,Legacy X: Wolverine and the X-men,2013
3253232,The Bounce Back,2016
3254796,Big Stone Gap,2014
3254930,American Romance,2016
3255590,El Camino Christmas,2017
3256148,Free Ride,1977
3256226,IO,2019
3257550,Hard Sell,2016
3257990,Shut Up and Drive,2015
3259178,Free Fall,2014
3262022,A Light Beneath Their Feet,2015
3263904,Sully,2016
3263946,Trial by Fire,2018
3266284,November Criminals,2017
3266322,The Sphere and the Labyrinth,2015
3266724,Black Rose,2014
3266948,Any Day,2015
3268668,Captive,2015
3270108,Jackie & Ryan,2014
3271220,"Chronic-Con, Episode 420: A New Dope",2015
3273932,Last Summer,2014
3276924,Heist,2015
3278330,Tale of Tales,2015
3279176,Suburban Gothic,2014
3281506,Amigo Undead,2015
3281548,Little Women,2019
3282484,The Ignorance of Blood,2014
3285740,My Dead Boyfriend,2016
3286052,The Blackcoat's Daughter,2015
3286560,The Last Face,2016
3289712,Jenny's Wedding,2015
3289728,Equals,2015
3289956,The Autopsy of Jane Doe,2016
3291148,Just Jim,2015
3292080,The Journey Is the Destination,2016
3293174,Shelby,2014
3294732,Director's Cut,2016
3294746,The Public,2018
3295180,Zen Dog,2016
3295354,You Can't Have It,2017
3296908,The Man with the Iron Heart,2017
3297330,Good Kill,2014
3297382,The Crash,2017
3297554,Animals,2014
3300542,London Has Fallen,2016
3300572,Stung,2015
3300712,The UnMiracle,2017
3300874,Last Call,2016
3301004,Rod Taylor: Pulling No Punches,2016
3302654,Jane Wants a Boyfriend,2015
3302706,Boychoir,2014
3303446,Detective Conan: Private Eye in the Distant Sea,2013
3305308,Trespass Against Us,2016
3305388,Mountain Top,2017
3305844,Hellions,2015
3311988,The Abandoned,2015
3312180,The Last Man,2018
3312830,Youth,2015
3312936,LA Apocalypse,2015
3313066,Coriolanus,2014
3314584,Garlic & Gunpowder,2017
3315310,The Key,2014
3315342,Logan,2017
3316122,Urban Myths,2017
3316948,American Ultra,2015
3316960,Still Alice,2014
3317208,Anesthesia,2015
3317776,Elbow Grease,2016
3317874,Charlie's Farm,2014
3318750,Adult Beginners,2014
3319158,F for Franco,2015
3319730,The Mercy,2018
3319920,Regression,2015
3321300,MI-5,2015
3322364,Concussion,2015
3323638,The Night Crew,2015
3324286,Un village presque parfait,2014
3326096,Happily Ever After,2016
3326350,The Strike,2016
3326880,Laugh Killer Laugh,2015
3327432,Rock Story,2015
3327624,Infini,2015
3328716,Paper Planes,2014
3328924,Addiction: A 60's Love Story,2015
3330764,The Neighbor,2016
3330948,For the Love of George,2018
3332064,Pan,2015
3333870,Antibirth,2016
3334418,Living Among Us,2018
3336368,Maya the Bee Movie,2014
3339354,A Year and Change,2015
3339534,How He Fell in Love,2015
3339674,Burying the Ex,2014
3339680,Don't Go,2018
3340446,Storm Boy,2019
3342032,"Massimo, il mio cinema secondo me",2013
3343784,Entertainment,2015
3344694,The Secret Scripture,2016
3344922,Hungry Hearts,2014
3346224,Zipper,2015
3347782,Charlie Mantle,2014
3348102,Stereo,2014
3349772,Back in the Day,2016
3352034,Five Nights in Maine,2015
3353060,Stealing Cars,2015
3354486,Rye Coalition: The Story of the Hard Luck 5,2014
3355510,Badge of Honor,2015
3359868,Force of Destiny,2015
3359872,Doc Holliday's Revenge,2014
3361068,Potent Media's Sugar Skull Girls,2016
3361792,Tolkien,2019
3367294,Compadres,2016
3367686,Awaken,2015
3369350,Bad Hurt,2015
3369806,Max,2015
3371366,Transformers: The Last Knight,2017
3380368,Little Loopers,2015
3381008,The Brothers Grimsby,2016
3385516,X-Men: Apocalypse,2016
3385524,Stan & Ollie,2018
3385874,Nova Express,2009
3387266,A United Kingdom,2016
3393070,Android Cop,2014
3393786,Jack Reacher: Never Go Back,2016
3395184,Spring,2014
3395648,Rosemont,2015
3396208,12 Round Gun,2017
3397754,"10,000 Saints",2015
3397884,Sicario,2015
3398066,Christian Mingle,2014
3399024,Samba,2014
3399054,Get Well Soon,2014
3401882,Fist Fight,2017
3402236,Murder on the Orient Express,2017
3410834,Allegiant,2016
3411444,Ferdinand,2017
3411808,A Change of Heart,2017
3412784,Dead Draw,2016
3415358,Rabbit,2017
3415992,The Time of Their Lives,2017
3416532,A Monster Calls,2016
3416536,Hot Summer Nights,2017
3416674,Shovel Buddies,2016
3416744,The End of the Tour,2015
3416828,Ice Age: Collision Course,2016
3417316,Leaves of the Tree,2016
3417854,Pocket Listing,2015
3420392,The House of Exorcism,1975
3420504,BIOS,2020
3422078,April and the Extraordinary World,2015
3422094,The Thin Yellow Line,2015
3430548,Away,2016
3431016,The Messenger,2015
3433632,SK1,2014
3434122,All the Birds Have Flown South,2016
3441366,Mission: The Prophet,2012
3442006,Cake,2014
3442126,Deadly Retreat,2016
3442990,Lila & Eve,2015
3443150,From Borehamwood to Hollywood: The Rise and Fall and Rise of Elstree,2014
3444616,Broke,2016
3445270,The Battered Bastards of Baseball,2014
3445408,Star Trek: Enterprise - In a Time of War,2014
3447462,Sexual Secrets,2014
3448854,Lost in America,2019
3449588,Abduct,2016
3450650,Paul Blart: Mall Cop 2,2015
3450900,The Sea of Trees,2015
3450958,War for the Planet of the Apes,2017
3453008,The Garden Left Behind,2019
3454574,Extraordinary Tales,2013
3455204,Detective Conan: The Sniper from Another Dimension,2014
3455740,Set Fire to the Stars,2014
3456206,The Frontier,2015
3457380,Amazing,2013
3457508,Damascus Cover,2017
3458510,Dude,2018
3460252,The Hateful Eight,2015
3462696,Tekken: Kazuya's Revenge,2014
3462710,Unforgettable,2017
3463106,The Cured,2017
3464902,The Lobster,2015
3465074,88,2015
3466476,Romeo and Juliet,2014
3467914,Tommy's Honour,2016
3468352,The Tip of the Iceberg,2016
3469046,Despicable Me 3,2017
3470600,Sing,2016
3470880,Life's Essentials with Ruby Dee,2014
3471098,Maggie's Plan,2015
3473172,Where Have All the Fathers Gone,2015
3475862,Kuch Log,2011
3477172,Restored Me,2016
3480446,Almost Mercy,2015
3480796,Vice,2015
3480822,Black Widow,2020
3480942,Friends and Romans,2014
3481000,Chocolate City,2015
3481210,2047: Sights of Death,2014
3481634,Inconceivable,2017
3484576,Anderson - Anatomie des Verrats,2014
3484800,Altar,2014
3485800,The Congressman,2016
3486626,The Nut Job 2: Nutty by Nature,2017
3486826,The Girl Who Played with the Dead,2014
3487994,Bloodsucking Bastards,2015
3488184,7 Chinese Brothers,2015
3488710,The Walk,2015
3496372,The Intruders,2015
3497328,A Tiger's Tail,2014
3498590,Going to America,2014
3498820,Captain America: Civil War,2016
3499096,Race,2016
3499176,Your Move,2017
3500724,Kids vs Monsters,2015
3501112,Security,2017
3501590,Ithaca,2015
3501632,Thor: Ragnarok,2017
3503406,The Whole Truth,2016
3503840,Absolution,2015
3505116,Olwen Fouéré Theatre In The Flesh,2005
3505712,Time Out of Mind,2014
3505754,Bachelors,2015
3505812,Revelation Road: The Black Rider,2014
3507138,A Girl Like Grace,2015
3509702,Feast of Fear,2016
3509978,Furthest Witness,2017
3511442,What Difference Does It Make? A Film About Making Music,2014
3513054,Last Days in the Desert,2015
3513382,Fintan O'Toole Power Plays,2011
3513498,The Lego Movie 2: The Second Part,2019
3513548,Richard Jewell,2019
3515632,SWAT: Unit 887,2015
3517044,The Free World,2016
3517776,Halfway,2016
3518176,Pearly Gates,2015
3518988,Harmontown,2014
3519772,Burn Country,2016
3520290,Blunt Force Trauma,2015
3521126,The Disaster Artist,2017
3522806,Mechanic: Resurrection,2016
3523040,Arch of Triumph,1980
3524506,Laughter in the Dark,1986
3524532,An American Place,1988
3525168,Dead in a Week (Or Your Money Back),2018
3525584,Through the Air,2015
3526470,The Operative,2015
3528764,Bullet Ride,2020
3529344,The Tank,2017
3529656,Meadowland,2015
3530002,The Night Before,2015
3531202,Pilgrimage,2017
3531824,Nerve,2016
3532216,American Made,2017
3533916,The Veil,2016
3534282,Don Verdean,2015
3538730,"Barcelona, la rosa de foc",2014
3542188,April 9th,2015
3543258,A Sunday Horse,2016
3544082,45 Years,2015
3544112,Sing Street,2016
3546678,Beyond the Game,2016
3548028,Aardvark,2017
3550078,Aimy in a Cage,2015
3550902,6 Ways to Die,2015
3551042,Magi,2016
3551172,If I Tell You I Have to Kill You,2015
3551400,Unnatural,2015
3551840,The Ballad of Gregorio Cortez,1982
3553378,Sugar Mountain,2016
3553442,Whiskey Tango Foxtrot,2016
3553976,Captain Fantastic,2016
3558642,"Nativity 3: Dude, Where's My Donkey?!",2014
3560658,Operation Rogue,2014
3561348,The Dinner,2014
3562572,Being George Clooney,2016
3562852,Death in the Desert,2015
3563342,The Middle of X,2018
3564200,Tooken,2015
3564472,Girls Trip,2017
3564574,Eternity,2016
3564794,Welcome to Happiness,2015
3564858,Last Call at Murray's,2016
3565406,Shades of Truth,2015
3567666,Stratton,2017
3568380,No Solicitors,2015
3568998,House M.D.: The Doctor Directs,2012
3569230,Legend,2015
3569374,The Midnight Swim,2014
3570768,Gone South: How Canada Invented Hollywood,2014
3570820,Killin' Me Softly,1996
3573600,Passion & Poetry: Sam's Favorite Film,2014
3574822,Hedgehogs,2016
3576728,Bilal: A New Breed of Hero,2015
3577624,A Perfect Day,2015
3581652,West Side Story,2020
3583186,#NoJoke,2019
3587066,ADDicted,2017
3588588,Backtrace,2018
3589144,Only God Can,2015
3592172,Les gorilles,2015
3593046,Lost in the Sun,2016
3593666,Dial a Prayer,2015
3596060,Sick People,2015
3597448,Girl on the Edge,2015
3605262,The Sin Seer,2015
3605418,Knock Knock,2015
3606726,Heaven's Floor,2016
3606752,Cars 3,2017
3608930,In a Valley of Violence,2016
3610576,Hope Lost,2015
3612126,The Grudge,2020
3612320,Within,2016
3616292,Dartmoor Killing,2015
3616894,Assassin X,2016
3619070,Along Came the Devil,2018
3622332,Sword of Vengeance,2015
3623726,Ricki and the Flash,2015
3625136,Detours,2016
3625354,Partly Cloudy with Sunny Spells,2015
3627780,Wishin' and Hopin',2014
3628574,State Like Sleep,2018
3628584,Barbershop: The Next Cut,2016
3630652,Borealis,2015
3632440,The Velvet Gentleman,2018
3635666,Counting for Thunder,2017
3638396,Closet Monster,2015
3639656,Stranger in the House,2015
3640140,The Other Side of November,2016
3640424,Allied,2016
3640682,I Smile Back,2015
3643544,Glass Jaw,2018
3644778,Istintobrass,2013
3644790,Sur les traces de Terrence Malick,2000
3645154,French Dolls,2014
3647498,Blood Father,2016
3651804,Divine Access,2015
3652862,Morris from America,2016
3652978,Scramble,2017
3653650,The Dark Stranger,2015
3655288,City Limits,2020
3655680,Thomas & Friends: Sodor's Legend of the Lost Treasure,2015
3657420,21 Years: Richard Linklater,2014
3658772,Misconduct,2016
3659388,The Martian,2015
3661210,The Dig,2020
3661298,Septembers of Shiraz,2015
3661394,The One and Only Ivan,2020
3662066,One More Time,2015
3662308,Belzebuth,2017
3662778,Americana,2016
3663020,So B. It,2016
3663040,Heatstroke,2013
3663718,August Falls,2017
3668260,Before Her Time: Decommissioning Enterprise,2014
3671052,The Bandit Hound,2016
3671752,Noël Coward's Private Lives,2013
3672120,Pottersville,2017
3672840,Dragon Blade,2015
3673732,Justice Served,2015
3675204,Len and Company,2015
3677366,Skoryy 'Moskva-Rossiya',2014
3682192,Maldamore,2014
3682448,Bridge of Spies,2015
3683398,Don't Look Back,2014
3685236,Ibiza,2018
3685480,The Networker,2015
3685622,600 Miles,2015
3687304,The Driftless Area,2015
3687310,Criminal Activities,2015
3687316,Youth in Oregon,2016
3687398,The Runner,2015
3689484,Castle in the Ground,2019
3691706,Wings: Sky Force Heroes,2014
3692600,À la recherche de Stanley Kubrick,1999
3696140,Hollywood Waterloo,1994
3696610,Stuck,2017
3700364,Marshall's Miracle,2015
3700456,Blinky Bill the Movie,2015
3700804,Already Tomorrow in Hong Kong,2015
3701460,Windsor,2015
3701714,Broken Vows,2016
3702652,The Other Side of the Door,2016
3703148,Christmas Eve,2015
3703674,Ann-Margret: Från Valsjöbyn till Hollywood,2014
3703908,Standoff,2016
3704050,Remember,2015
3704298,Vincent N Roxxy,2016
3704416,Digging for Fire,2015
3704700,Brain on Fire,2016
3707106,By the Sea,2015
3708886,War on Everyone,2016
3710778,Beyond Glory,2015
3710966,Hello Again,2017
3713030,I Am Michael,2015
3714720,The Hollars,2016
3715296,Sex Guaranteed,2017
3715320,Irrational Man,2015
3716530,Elle,2016
3717016,After the Ball,2015
3717088,Durant's Never Closes,2016
3717252,Underworld: Blood Wars,2016
3719896,My All-American,2015
3719948,The Butterfly Tree,2017
3720712,Travelling at Night with Jim Jarmusch,2014
3720788,The Disappearance of Eleanor Rigby: Her,2013
3721954,Maudie,2016
3721964,Gringo,2018
3722070,The Lady in the Van,2015
3722234,Gosnell: The Trial of America's Biggest Serial Killer,2018
3722614,Revolt,2017
3722884,Skipping Stones to Madonna,2020
3726704,Experimenter,2015
3727202,Life on the Line,2015
3727690,Zero Tolerance,2015
3727982,Ava's Possessions,2015
3729800,Always Worthy,2015
3729914,The Preacher's Son,2017
3729920,The Disappearance of Eleanor Rigby: Them,2014
3730510,Puerto Ricans in Paris,2015
3731562,Kong: Skull Island,2017
3731580,We Don't Belong Here,2017
3733614,The Grapes of Wrath: We Shall Overcome,2015
3733678,Grace Stirs Up Success,2015
3733774,The Trust,2016
3733778,Pay the Ghost,2015
3734354,The Cleanse,2016
3735398,Carter High,2015
3735810,Where Children Play,2015
3737420,In Vino,2019
3737650,Detective Conan: Sunflowers of Inferno,2015
3738128,Two Trains Runnin',2016
3741316,Bare,2015
3741632,The Leisure Seeker,2017
3741700,Godzilla: King of the Monsters,2019
3741834,Lion,2016
3741860,Awake: The Life of Yogananda,2014
3744684,Ariane's Thread,2014
3745058,Weightless,2017
3748172,Gerald's Game,2017
3748528,Rogue One: A Star Wars Story,2016
3748588,How 2 Make a Film: Billion $ Weekend,2015
3748918,To Your Last Death,2019
3750872,The Wife,2017
3754976,Elephant Song,2014
3758162,A Score to Settle,2019
3758314,When I Was Young I Said I Would Be Happy,2014
3758564,The Brooklyn Banker,2016
3758632,Etre présent,2006
3760820,Everglades,2016
3763866,Zoom,2015
3764122,Downriver,2015
3766354,The Equalizer 2,2018
3766394,"Hello, My Name Is Doris",2015
3767278,Bayou Caviar,2018
3770426,Burning Bodhi,2015
3774114,Snowden,2016
3774466,Ashby,2015
3774790,400 Days,2015
3774802,Pandemic,2016
3775918,The Track,2015
3778010,Dead Awake,2016
3778644,Solo: A Star Wars Story,2018
3779300,War Pigs,2015
3779414,Parker's Anchor,2017
3780500,Journey's End,2017
3781616,Checkmate,2015
3783510,A Dog and Pony Show,2018
3783958,La La Land,2016
3787590,We Are Your Friends,2015
3788052,Corner Gas: The Movie,2014
3791268,Roseanne for President!,2015
3794354,Sonic the Hedgehog,2020
3797468,Celebrating Laughter: The Life and Films of Colin Higgins,2020
3797512,Barb and Star Go to Vista Del Mar,2020
3797868,The Choice,2016
3799694,The Nice Guys,2016
3800796,The Exorcism of Molly Hartley,2015
3801372,The Steps,2015
3809960,Antidote,2018
3813310,Cop Car,2015
3813920,Ruby Strangelove Young Witch,2015
3814566,Fame Us,2017
3816458,Dead Rising: Watchtower,2015
3816614,Turkey Shoot,2014
3817830,Gimme a Sign: Engineering Now and Again,2014
3822630,High Low Forty,2017
3823672,A.R.C.H.I.E.,2016
3824412,Results,2015
3824722,Remember the Sultana,2018
3826866,The Girl in the Photographs,2015
3827684,The Hollow,2016
3828858,Lost & Found,2016
3829266,The Predator,2018
3829920,Only the Brave,2017
3830664,Hermitage Revealed,2014
3831344,Amelia 2.0,2017
3833480,The Outpost,2019
3833520,Jack of the Red Hearts,2015
3837842,Birds Like Us,2017
3838634,This Is Happening,2015
3838992,Yoga Hosers,2016
3841866,Happy 140,2015
3842684,Two/One,2019
3844362,The Overnight,2015
3846182,Kreep,2016
3846736,IRON WILL: Veterans Battle with PTSD,2016
3849370,Kidnapped in Romania,2016
3849692,Operator,2015
3850496,Chronic,2015
3850590,Krampus,2015
3853806,The Slider,2017
3856300,The Lennon Report,2016
3859076,Truth,2015
3859138,Gates of Darkness,2019
3859272,Tragedy Girls,2017
3859304,The Bronze,2015
3859310,How to Talk to Girls at Parties,2017
3861390,Dumbo,2019
3862176,Back to School Mom,2015
3862750,The Perfect Guy,2015
3862762,No Beast So Fierce,2016
3863484,King Jack,2015
3863632,Little Pink House,2017
3864056,The Goldfinch,2019
3872778,Monty Python Live (Mostly),2014
3874544,The Boss Baby,2017
3875548,Eco-Teens Save The World!,2018
3877434,A Turn in the Sun,2015
3877590,Being,2019
3878654,Michael Des Barres: Who Do You Want Me to Be?,2014
3881680,Waffle Street,2015
3881784,Stronger,2017
3883282,I Am Road Comic,2014
3885524,The Phenom,2016
3886508,Naples '44,2016
3886604,Between Us,2016
3887812,You Have a Nice Flight,2017
3887868,The Downside of Bliss,2019
3890160,Baby Driver,2017
3890914,Senza nessuna pietà,2014
3891338,Another Kind of Wedding,2017
3891720,The Performance,2017
3892618,Alleluia! The Devil's Carnival,2016
3893280,The Ticket,2016
3893664,Poor Boy,2016
3894190,Black Souls,2014
3894558,Joker's Wild,2016
3895658,Steppenwolf Theatre Company: 25 Years on the Edge,2000
3896198,Guardians of the Galaxy Vol. 2,2017
3902044,86 Zombies,2020
3904186,Tales of the Grim Sleeper,2014
3904278,We Go On,2016
3905662,Salad Days,2014
3907584,All the Bright Places,2020
3908598,Lamb,2015
3908826,Deadly Crush,2018
3910154,Traces,2017
3910602,I Am Chris Farley,2015
3910814,All We Had,2016
3911058,Santa Con,2014
3912040,Sister Code,2015
3914332,Dean,2016
3917118,Hector,2015
3917318,Alleycats,2016
3918774,The Code of Cain,2016
3919218,How to Plan an Orgy in a Small Town,2015
3919248,This Is Comedy,2014
3920820,Brian Banks,2018
3922816,The Daughter,2015
3922818,The Space Between Us,2017
3923004,Lake Alice,2017
3923662,The Rezort,2015
3946032,The Addition,2016
3946960,Chapter & Verse,2017
3949660,Teenage Mutant Ninja Turtles: Out of the Shadows,2016
3950488,Black Beauty,2015
3951186,Blood Guts Glory,2014
3953626,A Country Called Home,2015
3954450,Side by Side Extra: Volume One,2014
3956336,American Dresser,2018
3957914,Origin Story,2018
3958780,Equity,2016
3960412,Popstar: Never Stop Never Stopping,2016
3960584,Falsely Accused,2016
3960938,Un début prometteur,2015
3962984,The Black Prince,2017
3963816,Marauders,2016
3967356,Skylight,2014
3967826,My First Miracle,2015
3967856,Okja,2017
3969522,The Mad Kings,2015
3970280,A Magic Christmas,2014
3970854,The Perfect Dictatorship,2014
3975510,One and Two,2015
3975810,Bite School,2015
3975966,Carbon Canyon,2018
3978152,Boonville Redemption,2016
3982912,Karel Zeman: Adventurer in Film,2015
3983894,Richard Attenborough: A Life in Film,2014
3983996,Living Room Coffin,2018
3984388,Close Up,2012
3986532,Tig,2015
3986820,The Endless,2017
3991412,The 9th Life of Louis Drax,2016
3992752,Women Aren't Funny,2014
3993894,Queen of Earth,2015
4000870,Addicted to Fresno,2015
4000936,Looking for Grace,2015
4000956,Brother Nature,2016
4002136,Broken Memories,2017
4003440,The House That Jack Built,2018
4005402,Colonia,2015
4009278,Intruders,2015
4009460,Saving Christmas,2014
4015500,The Tale,2018
4016306,Unearthing,2015
4017052,Pericle,2016
4019560,Exposed,2016
4020156,National Theatre Live: A Streetcar Named Desire,2014
4020304,Los Lost Ones,2014
4022252,Ava & Lala,2014
4026562,Hollows Grove,2014
4027504,Lazy Eye,2016
4033204,Cut Off,2018
4034228,Manchester by the Sea,2016
4034354,Swiss Army Man,2016
4038806,Stray Bullets,2016
4040072,Cold Deck,2015
4040090,James McNeill Whistler and the Case for Beauty,2014
4041372,Surviving the Game - Making the Hunger Games: Catching Fire,2013
4042818,The Death and Life of John F. Donovan,2018
4046784,Maze Runner: The Scorch Trials,2015
4048168,Coming Through the Rye,2015
4048668,Band of Robbers,2015
4050596,North v South,2015
4054654,Dog Eat Dog,2016
4056738,Do You Believe?,2015
4058122,A Beginner's Guide to Snuff,2016
4060866,Code of Honor,2016
4061010,Blackway,2015
4061424,Funeral Day,2016
4062536,Green Room,2015
4062616,Side by Side Extra: Volume Five,2014
4062624,Side by Side Extra: Volume Three,2014
4063178,The Dog Lover,2016
4064912,Shine,2017
4066836,Miles,2016
4068586,Year by the Sea,2016
4072326,Ali and Nino,2016
4072352,Magallanes,2015
4073790,The Darkest Minds,2018
4073936,Ms. White Light,2019
4074960,When Hippies Ruled the World,2002
4076756,Being Evel,2015
4076760,Diablo,2015
4076926,The Heyday of the Insensitive Bastards,2015
4076980,The Throwaways,2015
4079332,The Death and Life of Otto Bloom,2016
4080768,Summertime,2015
4083572,Urge,2016
4083850,Belle & Sebastian: The Adventure Continues,2015
4084600,Teechers,2014
4085084,Disorder,2015
4086018,Charming,2018
4086032,Frankenstein,2015
4094724,The Purge: Election Year,2016
4104022,People Places Things,2015
4104354,Caged No More,2016
4106306,Sky,2015
4111956,A World Away,2019
4114456,You Can't Save Yourself Alone,2015
4114630,Crow,2016
4116284,The Lego Batman Movie,2017
4120210,Valley of Love,2015
4123430,Fantastic Beasts: The Crimes of Grindelwald,2018
4123650,Alterscape,2018
4124980,Creators: The Past,2019
4126394,Darling,2015
4126694,1 Night,2016
4128724,The Big Green,2014
4128834,Lafayette,2018
4131496,The Vanishing,2018
4131800,My Little Pony: The Movie,2017
4136084,Florence Foster Jenkins,2016
4139124,Keanu,2016
4139588,Polar,2019
4145304,Unexpected,2015
4147452,The Great Hangover Tour,2015
4151198,Give Till It Hurts,2018
4151800,Na Nai'a: Legend of the Dolphins,2011
4152950,Arteholic,2014
4153828,Manou the Swift,2019
4154664,Captain Marvel,2019
4154756,Avengers: Infinity War,2018
4154796,Avengers: Endgame,2019
4154916,Replicas,2018
4155534,Animal Crackers,2017
4157144,Quest: The Truth Always Rises,2017
4157458,The Art of Romare Bearden,2003
4157728,The Last Boy,2019
4158096,Free Fire,2016
4158594,Boar,2017
4158624,3 Generations,2015
4158876,Other People,2016
4160708,Don't Breathe,2016
4163020,Tales of Halloween,2015
4163224,Most Likely to Die,2015
4163636,Florida,2015
4163960,Showing Roots,2016
4168084,Shooting 'Full Metal Jacket',1986
4168932,No More Mr Nice Guy,2018
4171692,Behind Jim Jarmusch,2010
4172430,13 Hours,2016
4173614,Ace the Case,2016
4177822,Decommissioned,2016
4177856,Elliot the Littlest Reindeer,2018
4178092,The Gift,2015
4180556,Affairs of State,2018
4180560,Otherhood,2019
4181052,Special Correspondents,2016
4181270,Window Horses: The Poetic Persian Epiphany of Rosie Ming,2016
4183692,Woodlawn,2015
4184744,Full of Grace,2015
4189494,Ordinary World,2016
4190530,Anthropoid,2016
4191054,Strange Magic,2015
4191486,Yamasong: March of the Hollows,2017
4191702,Norman,2016
4192148,Highly Functional,2017
4192652,She's Missing,2019
4192896,The Passing,2015
4193072,How to Build a Girl,2019
4194054,We Only Know So Much,2018
4194558,Altar Rock,2019
4194608,ReRUN,2018
4196450,The Birth of a Nation,2016
4196576,Chainsaw Maidens from Hell,2016
4196776,Jason Bourne,2016
4196848,Mr. Church,2016
4199898,Playmobil: The Movie,2019
4200634,Like Me,2014
4205896,Night Walk,2019
4208506,Far from the Sea,2015
4209174,Chimera Strain,2018
4209374,After the Fair: The Legacy of the 1964-65 New York World's Fair,2014
4209788,Molly's Game,2017
4210080,The Confirmation,2016
4211312,The White King,2016
4212984,Jimmy's Jungle,2018
4218572,Widows,2018
4218696,The Wall,2017
4224754,Tiger,2018
4228146,45 Jokes About My Dead Dad,2016
4228810,Kalinka,2016
4232610,The Squad,2015
4246850,Entre amis,2015
4247828,Blood Circus,2017
4250984,The Nominee,2016
4254562,The People Garden,2016
4262174,First Girl I Loved,2016
4264610,Shifting Gears,2018
4270516,Grandma,2015
4276820,The Founder,2016
4280456,Chess: A Game Plan,2004
4283414,Punching Henry,2016
4284084,Clapboard Jungle: Surviving the Independent Film Business,2018
4286432,A Mermaid's Tale,2017
4287234,Broken Star,2018
4287320,The Circle,2017
4287470,West of Hell,2018
4288636,James White,2015
4288674,It Came from the Desert,2017
4292254,Branford Marsalis Steep,1988
4292420,Ville-Marie,2015
4295258,Across the Line,2015
4298966,The Murder Pact,2015
4302938,Kubo and the Two Strings,2016
4303340,I Am Not a Serial Killer,2016
4308652,Price for Freedom,2017
4323370,Survivors Guide to Prison,2018
4323504,Jazbaa,2015
4323568,Shot,2017
4324916,Can We Take a Joke?,2015
4329242,Love Jacked,2018
4329806,Don't Sleep,2017
4329810,QT8: The First Eight,2019
4332232,Fractured,2019
4333408,Le grand jeu,2015
4334266,The Bad Batch,2016
4337690,90 Minutes in Heaven,2015
4338138,Those Left Behind,2016
4338322,Wake Up America!,2016
4351504,The Band,1995
4354756,The Wave,2019
4355574,Live from New York!,2015
4356480,The Healer,2017
4357394,Tau,2018
4361050,Ouija: Origin of Evil,2016
4363250,Lost in the Pacific,2016
4364194,The Peanut Butter Falcon,2019
4372390,Detour,2016
4374864,Los Angeles Overnight,2018
4375268,Arbor Demon,2016
4377938,An American Tragedy,2015
4378628,"Westwood: Punk, Icon, Activist",2018
4379180,Rabid Dogs,2015
4382376,Lost Cat Corona,2017
4382824,Army of One,2016
4382872,Extraction,2015
4383594,Nine Lives,2016
4385462,Painted Land: In Search of the Group of Seven,2015
4385888,20th Century Women,2016
4388494,Stranger in the House,1990
4392770,Always Shine,2016
4393190,Hellbent,2018
4396584,Follow,2015
4400028,No Kids,2015
4400994,The Ballad of Lefty Brown,2017
4411584,The Secret,2020
4411596,My Cousin Rachel,2017
4411618,In Dubious Battle,2016
4412528,Two Lovers and a Bear,2016
4425200,John Wick: Chapter 2,2017
4426464,Arctic Dogs,2019
4428398,Blazing Samurai,2021
4429160,Red Shoes and the Seven Dwarfs,2019
4429194,Paris Can Wait,2016
4433970,Matters of the Heart,2015
4435082,Running Wild,2017
4438848,Neighbors 2: Sorority Rising,2016
4439102,Officer Downe,2016
4441098,Cold Moon,2016
4441150,Salt and Fire,2016
4442130,Wild Horses,2015
4443838,Weepah Way for Now,2015
4444732,Waiting for the Miracle to Come,2018
4453560,A Horse for Christmas,2015
4454078,Supercon,2018
4457678,Blue World Order,2017
4459156,55 Steps,2017
4460572,Tenement,2010
4460854,Chronically Metropolitan,2016
4462332,Women Who Act,2015
4463816,Terminal,2018
4463894,Shaft,2019
4465564,Fifty Shades Darker,2017
4465572,American Woman,2018
4468634,Certain Women,2016
4468740,Paddington 2,2017
4470288,Abnormal Attraction,2018
4476736,Hamlet,2015
4477536,Fifty Shades Freed,2018
4480494,The Night My Mother Killed My Father,2016
4481066,Giant Little Ones,2018
4481414,Gifted,2017
4481514,The House,2017
4483220,The Funhouse Massacre,2015
4485178,I Am a Soldier,2015
4486986,All I See Is You,2016
4488744,A Translator,2018
4488836,Tabbott's Traveling Carnivale of Terrors,2019
4494706,Right Here Right Now,2016
4494718,Final Portrait,2017
4497142,"Knock Knock, It's Tig Notaro",2015
4499572,We've Forgotten More Than We Ever Knew,2016
4501244,Why Him?,2016
4501454,The Meddler,2015
4501740,Nation's Fire,2019
4504044,The Prodigy,2019
4504136,God's Club,2015
4508932,Fishes 'n Loaves: Heaven Sent,2016
4510398,4Got10,2015
4513674,Café Society,2016
4513678,Ghostbusters 2020,2020
4515698,League of Superheroes,2015
4520988,Frozen II,2019
4523530,Valley of the Gods,2019
4523910,Chicuarotes,2019
4530316,Silver Case: Director's Cut,2015
4532038,The War with Grandpa,2020
4532818,Sophie and the Rising Sun,2016
4532826,Robin Hood,2018
4536768,The Osiris Child,2016
4537896,White Boy Rick,2018
4538016,Unless,2016
4538916,Finding Your Feet,2017
4539136,A Living Promise,2016
4540710,Miss Sloane,2016
4541116,Ipi Tombi,1994
4546778,Play Your Gender,2016
4547194,I Kill Giants,2017
4547938,Katie Says Goodbye,2016
4548534,International Jazz Day,2015
4550098,Nocturnal Animals,2016
4552298,Killing for Love,2016
4553542,The Need to Grow,2019
4555426,Darkest Hour,2017
4556370,Altitude,2017
4557208,Armed Response,2017
4557846,A Fatherless Generation,2017
4557956,Crash Pad,2017
4558040,Loserville,2016
4558200,Crown Vic,2019
4560436,Mile 22,2018
4562728,Dreamland,2016
4563294,Jesse James: Lawman,2015
4566282,Dead Man Rising,2018
4566758,Mulan,2020
4567486,The Mind's Eye,2015
4572514,Patriots Day,2016
4572792,The Book of Henry,2017
4572820,For the Love of Spock,2016
4575782,Prayer Never Fails,2016
4575930,Custody,2016
4577974,Actors Anonymous,2017
4578084,Reversion,2015
4578118,Rupture,2016
4581576,Aftermath,2017
4584718,Imperfections,2016
4585910,The Long Home,2019
4586626,Showdown in Manila,2016
4587656,The Star,2017
4587780,Unleashed,2016
4591226,The Last House,2015
4594834,Chi-Raq,2015
4595882,Can You Ever Forgive Me?,2018
4602066,The Catcher Was a Spy,2018
4605028,Cabaret Maxime,2018
4606588,East of Main Street: Taking the Lead,2015
4607722,Blame,2017
4608696,Trash or Treasure Sizzle Reel,2013
4610748,Devil's Gate,2017
4615318,Access All Areas,2017
4616802,Boomtown,2017
4621736,Here Comes Rusty,2016
4621782,"You're So Cool, Brewster! The Story of Fright Night",2016
4622512,Battle of the Sexes,2017
4622682,Above the Shadows,2019
4623856,Wolves,2016
4624104,Victory by Submission,2017
4624424,Storks,2016
4625334,The Other Half,2016
4627352,Shepherds and Butchers,2016
4629636,By Our Selves,2015
4630444,Being Charlie,2015
4633662,The Charnel House,2016
4633690,Shot Caller,2017
4633694,Spider-Man: Into the Spider-Verse,2018
4638246,The Preacher's Sin,2015
4641828,Todd McFarlane's Spawn 2,1998
4641882,Todd McFarlane's Spawn 3: The Ultimate Battle,1999
4643580,Huevos: Little Rooster's Egg-cellent Adventure,2015
4645330,Denial,2016
4645368,It's Only the End of the World,2016
4647784,The Confessions,2016
4649416,Almost Christmas,2016
4649466,Kingsman: The Golden Circle,2017
4651410,Precious Cargo,2016
4651466,Good Joe Bell,2020
4651520,Bad Moms,2016
4651960,A Wing and a Prayer,2015
4652532,Enter the Warriors Gate,2016
4652650,Please Stand By,2017
4653202,The Habit of Beauty,2016
4653310,Driving Miss Daisy,2014
4653586,The Drowning,2016
4654016,Bernard and Huey,2017
4656810,The Broken Key,2017
4659056,The Day Will Come,2016
4660172,Brave New Jersey,2016
4662420,All Nighter,2017
4663548,All Saints,2017
4664042,Carvalho's Journey,2015
4666726,Christine,2016
4667094,Fifty Shades of Black,2016
4668790,Camp Manna,2018
4669186,Kevin Hart: What Now?,2016
4669252,Georgetown,2019
4669278,The Sound,2017
4669296,Lords of Chaos,2018
4669408,Star Trek: Captain Pike,2016
4669788,On the Basis of Sex,2018
4669974,Foster Boy,2019
4669986,Loving,2016
4670016,Wolves at the Door,2016
4677924,Woodshock,2017
4680182,Colossal,2016
4680568,Spin Out,2016
4680980,Lavender,2016
4682780,Josie,2018
4682786,Collateral Beauty,2016
4682788,Loving Pablo,2017
4682804,Lucy in the Sky,2019
4685806,The Con Is On,2018
4685940,Discarnate,2018
4686108,Love Beats Rhymes,2017
4686844,The Death of Stalin,2017
4687276,Range 15,2016
4687410,Mad to Be Normal,2017
4687464,Transpecos,2016
4693418,Back to the Jurassic,2015
4693464,Sicilian Vampire,2015
4693826,The New Spartans,1975
4694544,Once Upon a Time in Venice,2017
4694594,The Pickle Recipe,2016
4695012,It Comes at Night,2017
4701182,Bumblebee,2018
4701724,Early Man,2018
4702826,Birthmarked,2018
4703048,6 Days,2017
4703696,The Mad Trapper,1978
4712086,Love Is Blind,2019
4717208,Cops and Robbers,2017
4720702,Bushwick,2017
4721124,The Exception,2016
4721404,The Good Catholic,2017
4723724,Do You Take This Man,2016
4729430,Klaus,2019
4732794,Abaddon,2018
4733536,American Hero,2015
4733624,Fatherhood,2020
4733736,Double Daddy,2015
4738174,Bon Cop Bad Cop 2,2017
4739168,What's a Podcast? A Documentary Film,2016
4746102,The Scent of Rain & Lightning,2017
4758646,War Machine,2017
4762486,Waging Change,2019
4762824,The Legacy of a Whitetail Deer Hunter,2018
4763168,Kindergarten Cop 2,2016
4764974,Bonobos: Back to the Wild,2015
4765138,Annabel's: A String of Naked Lightbulbs,2014
4765240,Astral,2018
4765284,Pitch Perfect 3,2017
4769836,The Do-Over,2016
4776564,WEAPONiZED,2016
4776998,The Promise,2016
4777008,Maleficent: Mistress of Evil,2019
4777660,Ustica: The Missing Paper,2016
4778988,LBJ,2016
4779344,Benched,2018
4779682,The Meg,2018
4780578,Negative,2017
4781612,Imperium,2016
4786282,Lights Out,2016
4788720,Il etait une fois les lyonnais,2011
4788744,Agenda: Payback,2018
4789290,A Kind of Magic,2015
4792524,Bad Grandmas,2017
4794754,The Great & The Small,2016
4795062,His Master's Voice,2018
4795124,How to Be a Latin Lover,2017
4796568,First Growth,2015
4797160,Larceny,2017
4799050,Rough Night,2017
4799058,Amy Makes Three,2016
4799066,Midnight Sun,2018
4799686,The Pool 2,2005
4807408,The Best of Enemies,2019
4814760,Here Alone,2016
4818168,Mamaboy,2016
4819738,The Bandit,2016
4820296,Nocturna,2015
4823538,La Boda de Valentina,2018
4823776,The SpongeBob Movie: It's a Wonderful Sponge,2020
4824302,Mother's Day,2016
4824308,God's Not Dead 2,2016
4824316,Armed,2018
4826674,The Journey,2016
4827558,High Life,2018
4827922,The Parts You Lose,2019
4827986,The Sense of an Ending,2017
4829436,"Treintona, Soltera y Fantástica",2016
4830668,Breaking Out: The Alcatraz Concert,1998
4831810,The Persian Connection,2016
4837090,The Matadors,2017
4837396,Enemy Within,2016
4838534,The Sweet Life,2016
4839118,Black Wake,2018
4840666,Looney Tunes: Rabbits Run,2015
4842646,The Most Hated Woman in America,2017
4843040,An Accidental Studio,2019
4843208,The Queen of Hollywood Blvd,2017
4843750,Papa,2018
4844140,True History of the Kelly Gang,2019
4846232,Good Time,2017
4846340,Hidden Figures,2016
4847454,The Curse of Buckout Road,2017
4847546,Blood Feast,2016
4853102,Batman: The Killing Joke,2016
4857878,Rumbos,2016
4859168,Then Came You,2018
4867110,Swiped,2018
4872078,The Intervention,2016
4876096,Avenues,2017
4877122,The Emoji Movie,2017
4878482,Dumplin',2018
4881806,Jurassic World: Fallen Kingdom,2018
4882548,Burn Your Maps,2016
4887224,Distortion,2017
4898000,Nightlife,2015
4898726,Asia sanmenkyô,2016
4898888,Anna,2015
4899370,Megan Leavey,2017
4901356,Forever Young,2016
4902012,Hurricane of Fun: The Making of Wet Hot,2015
4902716,Rebirth,2016
4911876,White Island,2016
4911996,Goldstone,2016
4912910,Mission: Impossible - Fallout,2018
4915672,7 Guardians of the Tomb,2018
4916630,Just Mercy,2019
4917224,9/11,2017
4917554,Life After Flash,2017
4920262,Almost Paris,2016
4922524,Flesh and Blood,2017
4923846,Christmas in the Smokies,2015
4925292,Lady Bird,2017
4926026,Cafard,2015
4926822,We Are Family,2016
4928270,Fredericksburg,2002
4928704,Carole Matthieu,2016
4935372,The Devil's Candy,2015
4939066,Battle for Incheon: Operation Chromite,2016
4941354,The Second Time Around,2016
4943322,The Ottoman Lieutenant,2017
4945764,Impuratus,2017
4946336,Hunting Season,2016
4948040,Emma's Chance,2016
4949290,Cartels,2017
4951982,The Command,2018
4952388,Alternate Universe: A Rescue Mission,2016
4954660,Detective Conan: The Darkest Nightmare,2016
4955566,Almost Friends,2016
4958094,Once Brothers,2003
4960764,Go North,2017
4964788,Everybody Knows,2018
4971344,The Sisters Brothers,2018
4972062,Don't Think Twice,2016
4972582,Split,2016
4975722,Moonlight,2016
4975904,Streets of East L.A.,2016
4976984,Ghostheads,2016
4978710,Marjorie Prime,2017
4986098,The Titan,2018
4986134,Rebel in the Rye,2017
4986280,Blood Curse: The Haunting of Alicia Stone,2020
4986754,Big Bear,2017
4994564,Love of My Life,2017
4995790,The Square,2017
4997822,Everything Else,2016
4999290,Remember Me,2019
5001718,"Everything, Everything",2017
5001754,Braven,2018
5013056,Dunkirk,2017
5013782,Change in the Air,2018
5013984,Gully,2019
5020444,The Blood Trail,2015
5020488,Big Box of Horror,2015
5020744,More Than Enough,2017
5023260,The Last Word,2017
5027774,"Three Billboards Outside Ebbing, Missouri",2017
5028340,Mary Poppins Returns,2018
5030402,Little Boxes,2016
5031650,You Were Here,2017
5033018,In the Radiant City,2016
5033722,How Poets Wait for a Miracle,2016
5033998,Charlie's Angels,2019
5034122,Cruise,2018
5034266,Our Souls at Night,2017
5034474,The Assignment,2016
5034838,Godzilla vs. Kong,2020
5037840,Drunk Parents,2019
5039720,Hospital Arrest,2016
5040108,Game Day,2017
5044656,The Shadow Effect,2017
5050200,Beyond Valkyrie: Dawn of the 4th Reich,2016
5052448,Get Out,2017
5052474,Sicario: Day of the Soldado,2018
5052524,Operator,2016
5057140,Hold the Dark,2018
5058014,Weirdos,2016
5059224,Entrenando a mi papá,2015
5061360,Promise at Dawn,2017
5066056,The Wilde Wedding,2017
5066616,Crusty Demons 18: Twenty Years of Fear,2015
5068162,Sometimes Always Never,2018
5070062,I'll Find You,2019
5072154,Muddy Corman,2016
5072406,Moka,2016
5073642,Color Out of Space,2019
5078204,Two Is a Family,2016
5080076,The Marvel Experience,2014
5081618,Sacred Blood,2015
5083738,The Favourite,2018
5084204,The Last Bid,2016
5085924,Wildling,2018
5089534,Freak Show,2017
5091014,Jasper Jones,2017
5091530,M.F.A.,2017
5093026,Papillon,2017
5094390,National Theatre Live: Man and Superman,2015
5095030,Ant-Man and the Wasp,2018
5097410,Noelle,2019
5101878,Breakable You,2017
5103904,Out of the Darkness,2016
5104604,Isle of Dogs,2018
5108870,Morbius,2020
5109784,Mother!,2017
5110282,Sharknado: Heart of Sharkness,2015
5112578,Super Dark Times,2017
5113040,The Secret Life of Pets 2,2019
5113250,Warning Shot,2018
5114840,Six Minutes to Midnight,2020
5115546,Ghost Team,2016
5116896,Unchained: The Untold Story of Freestyle Motocross,2016
5118964,Hero with a Thousand Faces,2016
5125894,Poms,2019
5126922,The Pirates of Somalia,2017
5127182,The Reluctant Polyglot,2016
5136700,Kareem: Minority of One,2015
5139362,La voce del Lupo,2018
5140878,Annabelle: Creation,2017
5143890,Justice,2017
5145662,Monsters at Large,2018
5146612,Junkie,2018
5149490,Gwen,2018
5153236,Hampstead,2017
5153288,Backstabbing for Beginners,2018
5153860,Female Fight Squad,2016
5153952,Let Me Go,2017
5154076,Upstream,2016
5154280,"Where Have You Gone, Lou DiMaggio",2017
5155780,The Discovery,2017
5156532,The Jade Pendant,2017
5160928,Mean Dreams,2016
5160938,Lizzie,2018
5161658,Bling,2016
5164184,In Darkness,2018
5164214,Ocean's Eight,2018
5164412,The Land,2016
5164432,"Love, Simon",2018
5171724,The 1st Annual Carney Awards,2015
5174640,100 Years,2115
5174992,I Hate the Man in My Basement,2017
5175450,Mark Felt: The Man Who Brought Down the White House,2017
5175636,Abe & Phil's Last Poker Game,2017
5176580,Wild Nights with Emily,2018
5176832,The Doll,2017
5179398,Hedgehog,2017
5179598,Billionaire Boys Club,2018
5182590,Fugard's People,1982
5193784,Brotherhood,2016
5195412,Wakefield,2016
5198136,Short Cuts to Haifa,1972
5198670,Where Is Kyra?,2017
5198796,Izzy Gets the Fuck Across Town,2017
5201246,No Regrets,2016
5202538,Pian Chang Feng Yun Zhi Yuan Jia Jie Mei,2016
5205210,Strange Weather,2016
5206170,The Apostle Peter: Redemption,2016
5207158,South Wind,2018
5208216,Wonderstruck,2017
5208252,Operation Finale,2018
5215606,Vamp Bikers Tres,2016
5216022,Rosy,2018
5219972,Class Rank,2017
5220122,Hotel Transylvania 3: Summer Vacation,2018
5220252,Double Play,2017
5222578,3 Things,2017
5222918,The Other Side of Hope,2017
5228262,A Happening of Monumental Proportions,2017
5238496,The Fascination,1985
5241760,Eating You Alive,2018
5243796,Richard Linklater: Dream Is Destiny,2016
5244974,Random Tropical Paradise,2017
5246700,How It Ends,2018
5247026,Person to Person,2017
5249200,Don't Come Back from the Moon,2017
5253282,The Bachelors,2017
5254610,Final Score,2018
5254886,uk18,2017
5255524,Traded,2016
5255560,Fare Thee Well: Celebrating 50 Years of Grateful Dead,2015
5255932,Amruta,1999
5258128,Dark Was the Night,2018
5259598,The Immortal Wars,2018
5259822,Tesla,2019
5259966,No manches Frida,2016
5265898,Dead Ant,2017
5270464,The 2015 World Series,2015
5270948,Chappaquiddick,2017
5273720,All the Creatures Were Stirring,2018
5274150,"Banned, Exploited & Blacklisted: The Underground Work of Controversial Filmmaker Shane Ryan",2020
5275866,Norman Lear: Just Another Version of You,2016
5277030,The Naked Wanderer,2019
5287852,Stalin's Couch,2016
5291792,Furlough,2018
5292624,Little Bitches,2018
5293310,Someone Dies Tonight,2020
5294198,Catfight,2016
5294518,Eli,2019
5294522,Dreamland,2019
5294550,All the Money in the World,2017
5301662,Marshall,2017
5304664,The Islands,2019
5304992,Set It Up,2018
5304996,The Standoff at Sparrow Creek,2018
5314118,Journeyman,2017
5314190,Sgt. Stubby: An American Hero,2018
5314450,Burden,2018
5316540,Close,2019
5316682,Dirt Road to Lafayette,2018
5318156,Angels on Tap,2018
5321174,JL Ranch,2016
5321942,Find a Boyfriend for My Wife... PLEASE!,2016
5322012,Wish Upon,2017
5322168,Snapshots,2018
5325030,My Art,2016
5327170,The Battersea Ripper,2006
5328006,Phil,2019
5334704,Twin Peaks: The Missing Pieces,2014
5338770,Bender,2016
5338774,Power of Grayskull: The Definitive History of He-Man and the Masters of the Universe,2017
5340300,Lean on Pete,2017
5342090,Friday's Child,2018
5342950,The Wolf Hour,2019
5345298,Patient Seven,2016
5347158,The Best Democracy Money Can Buy,2016
5351458,The Hatton Garden Job,2017
5351818,Rock'n Roll,2017
5352846,Drone,2017
5360150,After Party,2017
5360232,The Cat and the Moon,2019
5360952,The Hurricane Heist,2018
5360996,Mary Magdalene,2018
5362940,Eternal Beauty,2019
5362988,Wind River,2017
5390066,Permission,2017
5390504,Detroit,2017
5397218,William Holden: The Golden Boy,1989
5419664,The Master of Pulpits,2019
5420886,Walking Out,2017
5424228,"Love, Gilda",2018
5427194,The Miracle Season,2018
5428090,Sorry for Your Loss,2018
5431284,Saint Judy,2018
5431600,The Black Room,2017
5431890,Official Secrets,2019
5433138,Fast & Furious 9,2020
5434898,That's Life,1979
5436228,Woman Walks Ahead,2017
5437928,Colette,2018
5439796,Logan Lucky,2017
5441464,California No,2018
5442430,Life,2017
5442456,24 Hours to Live,2017
5447816,From Nowhere,2016
5451640,Secrets of Deception,2017
5457078,Love After Love,2017
5459382,The Etruscan Smile,2018
5460522,JT LeRoy,2018
5460530,Vengeance: A Love Story,2017
5460880,Ideal Home,2018
5461944,Hotel Mumbai,2018
5461956,The Clapper,2017
5462602,The Big Sick,2017
5462906,Abundant Acreage Available,2017
5463162,Deadpool 2,2018
5470222,Contract to Kill,2016
5471472,The Brawler,2018
5475468,20 Weeks,2017
5478746,7 Deadly Sins,2019
5478918,Dreams I Never Had,2018
5481404,Dead Rising: Endgame,2016
5485482,Chocolate City: Vegas,2017
5492608,Goodnight Brooklyn - The Story of Death by Audio,2016
5493516,The Reason,2020
5495040,Don't Tell,2017
5497458,The Watcher,2016
5503472,Gone Are the Days,2018
5503686,Hustlers,2019
5503688,6 Below: Miracle on the Mountain,2017
5504810,If You Saw His Heart,2017
5519340,Bright,2017
5523010,The Nutcracker and the Four Realms,2018
5532610,Secrets of the Force Awakens: A Cinematic Journey,2016
5533370,Lamborghini: The Legend,2020
5535276,Bernstein,2020
5536316,National Theatre Live: Les Liaisons Dangereuses,2016
5536610,Private Life,2018
5536736,The Meyerowitz Stories (New and Selected),2017
5537140,The Red Maple Leaf,2016
5538568,My Entire High School Sinking Into the Sea,2016
5539052,The Polka King,2017
5540194,Interlude in Prague,2017
5540992,Shock and Awe,2017
5544224,Flashburn,2017
5546270,The Sunday Night Slaughter,2019
5547910,Fishbowl California,2018
5562070,Wish Dragon,2020
5562190,Rouges étaient les lilas,2016
5563334,The Good Liar,2019
5564336,Lucid,2018
5565254,Wetlands,2017
5572232,Being Rose,2017
5573596,Remembering Nigel,2015
5574372,Nerdland,2016
5577494,Clemency,2019
5577742,Clinical,2017
5578150,Amanda & Jack Go Glamping,2017
5579982,Apple of My Eye,2017
5580036,"I, Tonya",2017
5580252,The Mad Whale,2017
5580266,The Hate U Give,2018
5580390,The Shape of Water,2017
5580536,Arsenal,2017
5580688,Hoax,2019
5581752,Ulysses: A Dark Odyssey,2018
5588850,Chris Brown: Welcome to My Life,2017
5591666,The Domestics,2018
5592248,The Beguiled,2017
5592796,Driven,2018
5595168,Kingsglaive: Final Fantasy XV,2016
5596104,The Ashram,2018
5598110,In the Shadow of Iris,2016
5604232,Remembering David Carr,2015
5604902,Deadman Standing,2018
5605076,Andover,2017
5606664,Doctor Sleep,2019
5607096,"Juliet, Naked",2018
5610554,Tully,2018
5613402,Mobile Homes,2017
5616294,Spinning Man,2018
5618692,Cardinals,2017
5619332,Life of the Party,2018
5622412,Black Water,2018
5622520,New Money,2017
5630752,Fourplay,2018
5633450,"Nowhere, Michigan",2017
5634336,The Litch,2018
5635086,God's Own Country,2017
5635970,Guest Appearances,2016
5636312,Culture of Fear,2017
5636922,The Second,2018
5637536,Avatar 5,2027
5639446,Jonathan,2018
5641542,Gnaw,2017
5647100,Life in Reverse,2018
5649108,Thoroughbreds,2017
5649144,The Florida Project,2017
5651572,Worthless,2018
5651952,The Lears,2017
5653514,Bad Day for the Cut,2017
5654710,To Hell and Back: The Kane Hodder Story,2017
5655222,The Hero,2017
5657280,Viking Destiny,2018
5657712,I'm Not Here,2017
5657846,Daddy's Home 2,2017
5657856,Brawl in Cell Block 99,2017
5658672,Peripheral,2018
5659816,A Midsummer Night's Dream,2017
5662550,Dead Trigger,2017
5664222,We Are Boats,2018
5665256,Infinity Baby,2017
5665452,Sun Dogs,2017
5666304,The Little Hours,2017
5667052,Fashionista,2016
5667482,Izzie's Way Home,2016
5670152,Traffik,2018
5670364,Saving Flora,2018
5672568,It Came from Connemara,2014
5676698,The Long Way Home: Making the Martian,2016
5677450,Ray McAnally M'Athair,2011
5679402,Stagecoach: The Texas Jack Story,2016
5685652,An L.A. Minute,2018
5686062,Boundaries,2018
5687040,Ismael's Ghosts,2017
5687270,The Corrupted,2019
5687814,Golden Exits,2017
5688068,Above Suspicion,2019
5688932,Sorry to Bother You,2018
5689632,Trouble,2017
5690810,Ophelia,2018
5691024,Show Dogs,2018
5696326,Running for Grace,2018
5697572,Cats,2019
5698320,Euphoria,2017
5699060,The Changeover,2017
5699180,Mississippi Requiem,2018
5701718,Heartthrob,2017
5706370,Three Christs,2017
5706876,How to Get Girls,2017
5709846,Millennium After the Millennium,2018
5710042,Mercy,2016
5711148,Film Stars Don't Die in Liverpool,2017
5713960,Titanic: Sinking the Myths,2017
5714458,Rip Rip Hooray!,2016
5714470,Come Away,2020
5715828,The Aspern Papers,2018
5716464,Breathe,2017
5717492,Small Crimes,2017
5718046,An Actor Prepares,2018
5719700,Home Again,2017
5719748,Cold Pursuit,2019
5721088,Just Getting Started,2017
5723286,Wheelman,2017
5725908,Blue Velvet Revisited,2016
5726616,Call Me by Your Name,2017
5727208,Uncut Gems,2019
5727282,Borg vs. McEnroe,2017
5730832,They Shall Not Perish: The Story of Near East Relief,2016
5737536,Future World,2018
5737582,Midnighters,2017
5737862,Landline,2017
5739478,Heritage Falls,2016
5740852,All Creatures Here Below,2018
5740868,Benjamin,2019
5742374,You Were Never Really Here,2017
5748392,Escape Room,2017
5751998,Small Town Crime,2017
5752606,Maze,2017
5757874,Pegasus: Pony with a Broken Wing,2019
5758802,"Literally, Right Before Aaron",2017
5767628,Kill'em All,2017
5768026,Siete semillas,2016
5770620,The Lovers,2017
5770864,The Man from Earth: Holocene,2017
5773402,Dominion,2018
5774060,Underwater,2020
5776858,Phantom Thread,2017
5777708,Henri,2017
5779372,An Interview with God,2018
5779540,Dear Dictator,2017
5779650,The Adventures of Panda Warrior,2012
5789944,Surprise Me!,2017
5789976,King of Thieves,2018
5792124,What the Night Can Do,2017
5792656,Running with the Devil,2019
5795086,Gemini,2017
5795282,This Changes Everything,2018
5796838,Roxanne Roxanne,2017
5799362,Chouquette,2017
5801302,Santa Stole Our Dog: A Merry Doggone Christmas!,2017
5804314,Let There Be Light,2017
5804948,With Open Arms,2017
5805752,Brigsby Bear,2017
5806204,Bunker77,2016
5806558,The Artist's Wife,2019
5812150,Beauty of Their Dreams,2016
5813010,Ray Meets Helen,2017
5814534,Spies in Disguise,2019
5814592,The Party,2017
5816374,Band Aid,2017
5816566,Arara,2019
5817022,One Percent More Humid,2017
5822564,The Kitchen,2019
5825052,All That Divides Us,2017
5825380,Wonder Wheel,2017
5827916,A Hidden Life,2019
5829032,Camp Cold Brook,2018
5829040,Fun Mom Dinner,2017
5833186,Last Rampage: The Escape of Gary Tison,2017
5834262,Hotel Artemis,2018
5834854,Mary,2019
5836316,The Last Movie Star,2017
5836706,Head Full of Honey,2018
5841344,The Competition,2018
5843780,River Runs Red,2018
5843850,Kings,2017
5848272,Ralph Breaks the Internet,2018
5848416,Walk. Ride. Rodeo.,2019
5848714,American Violence,2017
5848986,You Can't Say No,2018
5849266,Buck Run,2019
5851014,Savage Dog,2017
5851692,Herd,2016
5852632,March of the Penguins 2: The Next Step,2017
5859238,Lucky,2017
5859882,Vita & Virginia,2018
5862166,The Poison Rose,2019
5865326,The Laundromat,2019
5866708,Of Mice and Men,2014
5867314,The Empty Man,2020
5867600,Diffability Hollywood,2016
5869188,V-Force: New Dawn of V.I.C.T.O.R.Y.,2017
5874752,No Alternative,2018
5876352,Le correspondant,2016
5878346,American Badass: A Michael Madsen Retrospective,2018
5881528,Damsel,2018
5881892,Elizabeth Blue,2017
5884052,Pokémon Detective Pikachu,2019
5884230,Brad's Status,2017
5884234,First Kill,2017
5884784,The Super,2017
5890998,Elephant Kingdom,2016
5893264,Based on a True Story,2017
5893332,Sandy Wexler,2017
5898630,Avenge the Crows,2017
5903088,Dead on Arrival,2017
5903926,Sprinter,2018
5910170,Inconceivable,2016
5910344,The House of Tomorrow,2017
5912454,Blue Jay,2016
5917958,Worldly Girl,2016
5918104,King of the Dancehall,2016
5918136,Mission Possible,2018
5922124,A Crooked Somebody,2017
5923662,Home,2020
5923806,Tommaso,2016
5926778,Angelique's Isle,2018
5926990,Unlovable,2018
5929750,Beatriz at Dinner,2017
5929754,Wildlife,2018
5929776,Before the Flood,2016
5932728,The Professor and the Madman,2019
5934714,That's My Time: The Todd Lynn Story,2017
5943466,Farmer of the Year,2018
5952138,We Have Always Lived in the Castle,2018
5952594,The Mustang,2019
5954556,The Flood,2019
5960020,Six LA Love Stories,2016
5960374,Vox Lux,2018
5962210,Ingrid Goes West,2017
5963314,Frank and Ava,2018
5968394,Captive State,2019
5969180,I Hate Kids,2019
5969846,Sous le même toit,2017
5970928,So viel Zeit,2018
5972780,Bonne pomme,2017
5973364,Lemon,2017
5974050,Dating My Mother,2017
5977276,The Aftermath,2019
5978724,My Days of Mercy,2017
5982192,From Stage to Screen,2016
5985672,The Maestro,2018
5988966,King Arthur: Excalibur Rising,2017
5989218,Life Itself,2018
5990342,The Incredible Jessica James,2017
5990444,The Trap,2019
5990474,Columbus,2017
5990772,Leonard Soloway's Broadway,2019
6000478,"Roman J. Israel, Esq.",2017
6001478,Jorge Salán: No looking back,2014
6003368,Diary of a Wimpy Kid: The Long Haul,2017
6010628,Zoe,2018
6012244,All the Devil's Men,2018
6012380,Ordinary Love,2019
6012446,Extracurricular Activities,2019
6015388,Sharon Isbin: Troubadour,2014
6017756,Radioactive,2019
6017942,Kin,2018
6018306,Last Flag Flying,2017
6019206,Kill Bill: The Whole Bloody Affair,2011
6021482,American Exit,2019
6021960,Quentin Tarantino: 20 Years of Filmmaking,2012
6023242,Obsession,2019
6032328,Finding Steve McQueen,2019
6040662,The Children Act,2017
6043072,Untogether,2018
6043142,Skin,2018
6045466,Madame,2017
6046314,Bel Canto,2018
6047374,Welcome to Acapulco,2019
6048922,Greyhound,2019
6051312,London Unplugged,2018
6051424,Hell's Kitty,2018
6052748,A Chance in the World,2017
6053438,First Reformed,2017
6053472,The Toybox,2018
6054650,A Question of Faith,2017
6054846,Amundsen,2019
6059142,Revolution: New Art for a New World,2016
6062774,Monos,2019
6063090,Light of My Life,2019
6064520,"Rich Boy, Rich Girl",2018
6069126,The Escape,2017
6069162,Here and Now,2018
6069264,Bitch,2017
6071092,Imprisoned,2018
6071970,The Bengal Lancers!,1984
6074358,Agadah,2017
6079516,I See You,2019
6079652,Brides of Satan,2017
6083648,Looking Glass,2018
6086094,Miami Love Affair,2017
6086614,Letters from Baghdad,2016
6087434,Loopers: The Caddie's Long Walk,2019
6093580,Never Surrender: The Ed Ramsey Story,2016
6093618,Antiquities,2018
6095472,The Angry Birds Movie 2,2019
6096194,Different Flowers,2017
6098380,Isabelle,2018
6105098,The Lion King,2019
6105774,The Reliant,2019
6107548,Late Night,2019
6108178,Disobedience,2017
6109168,Bergman: A Year in a Life,2018
6110226,2016 Global Citizen,2016
6111574,The Woman in the Window,2020
6111980,Brothers in Arms,2018
6113488,The Case for Christ,2017
6118340,The Basement,2018
6119856,Irreplaceable You,2018
6120354,Cranial Sacral,2020
6127004,Paradise Hills,2019
6127326,McKellen: Playing the Part,2017
6131450,Asher,2018
6133130,Professor Marston and the Wonder Women,2017
6138628,Doctor Who in America,2012
6139732,Aladdin,2019
6141886,Skin in the Game,2019
6142496,6 Balloons,2018
6143568,The Humanity Bureau,2017
6143798,Axcellerator,2019
6143850,Distorted,2018
6146586,John Wick: Chapter 3 - Parabellum,2019
6148152,Steele Justice,2019
6149154,Waiting for the Barbarians,2019
6149768,One Month Out,2017
6150942,Becks,2017
6150962,Song of Back and Neck,2018
6162716,Life with Dog,2018
6162892,A Violent Man,2017
6163142,Grace,2018
6164762,The Delinquent Season,2018
6167132,Revive Us,2016
6169622,Into the Night: Portraits of Life and Death,2017
6169694,I Think We're Alone Now,2018
6170506,Beast of Burden,2018
6170804,The Assassin's Code,2018
6172666,Avengers of Justice: Farce Wars,2018
6173484,"Standing Up, Falling Down",2019
6174226,Paint It Red,2018
6175486,Demons,2017
6182460,Tom Hanks: A League of His Own,2016
6182908,Smallfoot,2018
6185692,Brampton's Own,2018
6186232,Itzhak,2017
6186940,Hot Air,2018
6187620,Painkillers,2018
6189022,Angel Has Fallen,2019
6192982,Waves for Water,2017
6193470,Berserk,2019
6194540,The Price of Success,2017
6195756,Wonderwell,2019
6195904,Opus Zero,2017
6196406,Boy Band,2018
6196936,The Kill Team,2019
6197400,Cross 3,2019
6197494,Malicious,2018
6198246,Over There,2019
6201302,Santa Fake,2019
6204340,Bullet Head,2017
6210996,10x10,2018
6212136,Paper Year,2018
6213294,"¡Ay, mi madre!",2019
6213952,Anything,2017
6214928,1922,2017
6215208,Allure,2017
6217926,Annette,2020
6218010,Journey to China: The Mystery of Iron Mask,2019
6219314,The Party's Just Beginning,2018
6220290,Poop Talk,2017
6225520,The Man Who Invented Christmas,2017
6236198,Executor,2017
6236780,Rottentail,2018
6237612,Accident Man,2018
6238896,Earth: One Amazing Day,2017
6241390,The Boxcar Children: Surprise Island,2018
6242230,Dylan Thomas,1991
6243370,The Demented,2019
6246534,Miss Virginia,2019
6246928,The Actor's Apprenticeship,2017
6251024,Office Uprising,2018
6251390,Under the Eiffel Tower,2018
6256978,Framing John DeLorean,2019
6257174,The Miseducation of Cameron Post,2018
6259198,Every Act of Life,2018
6263642,Generation Iron 2,2017
6264182,Candy Corn,2019
6264260,Hellbent for Heaven,2002
6264654,Free Guy,2020
6264954,My Generation,2017
6265828,A Ghost Story,2017
6266538,Vice,2018
6268882,Family,2018
6269368,The Clovehitch Killer,2018
6273924,Future '38,2017
6284256,Knuckleball,2018
6285672,Breaking & Exiting,2018
6285944,The Banker,2019
6288124,"Don't Worry, He Won't Get Far on Foot",2018
6288694,Acts of Vengeance,2017
6290122,Postcards from the 48%,2018
6290584,My Zoe,2019
6290736,Wheeler,2017
6290798,UFO,2018
6293042,Outrage Coda,2017
6294822,The Post,2017
6294892,Awakening the Zodiac,2017
6306064,Adrift,2018
6313010,Finding Kukan,2016
6314468,Til Infinity: The Souls of Mischief,2013
6315872,Moomins and the Winter Wonderland,2017
6317180,Radium Girls,2018
6320628,Spider-Man: Far from Home,2019
6328734,For Entertainment Purposes Only,2019
6329716,The Invincible Dragon,2019
6330132,Wild League,2019
6334354,The Suicide Squad,2021
6334884,Hickok,2017
6338476,Lost in London,2017
6341086,Intrigo: Dear Agnes,2019
6341108,Intrigo: Samaria,2019
6342110,Spivak,2018
6345894,Run with the Hunted,2019
6348410,Hala,2019
6349302,Sniper: Ultimate Kill,2017
6353036,Murderous Trance,2018
6359956,A Bad Moms Christmas,2017
6372694,Prisoners of the Ghostland,2020
6378710,Villains,2019
6383494,Holy Lands,2017
6385768,3 Days with Dad,2019
6387150,Jason's Letter,2017
6388074,Viper Club,2018
6394270,Bombshell,2019
6398184,Downton Abbey,2019
6399296,Inmate #1: The Rise of Danny Trejo,2019
6400316,Meditation Park,2017
6408226,Newness,2017
6411590,1985,2018
6411748,Purge of Kingdoms: The Unauthorized Game of Thrones Parody,2019
6412452,The Ballad of Buster Scruggs,2018
6413038,Dracula in a Women's Prison,2017
6418778,Fast Color,2018
6418918,Little Woods,2018
6421110,Proud Mary,2018
6421118,Alright Now,2018
6423886,Happy Anniversary,2018
6428676,Wonder Park,2019
6432868,Up to Snuff,2018
6436726,7500,2019
6438840,Howard Lovecraft & the Undersea Kingdom,2017
6439020,The Personal History of David Copperfield,2019
6443294,Blaze,2018
6446550,The Parting Glass,2018
6449258,National Theatre Live: Of Mice and Men,2014
6449336,"Belle and Sebastian, Friends for Life",2017
6450804,Terminator: Dark Fate,2019
6455992,Love Blossoms,2017
6459302,Above the Drowning Sea,2017
6462462,Le brio,2017
6463956,Spinners: Izzy Lyon - The Unspun Truth,2018
6466332,Jednacina sa jednom nepoznatom,2016
6467266,Sing 2,2021
6469960,The Private Life of a Modern Woman,2017
6470522,Waterlily Jaguar,2018
6472976,Five Feet Apart,2019
6473542,Ring Ring,2019
6474040,Stockholm,2018
6474920,Prigioniero della mia libertà,2016
6475714,Monster Hunter,2020
6476140,Serenity,2019
6487690,La Gran Promesa,2017
6490532,Buried Child,2016
6491178,Dragged Across Concrete,2018
6495526,Gilbert,2017
6496598,Junction Murders,2020
6499752,Upgrade,2018
6504538,Danger One,2018
6509058,Nancy,2018
6511676,Operation Goldenshell,2017
6511932,The Beach Bum,2019
6513120,Fighting with My Family,2019
6513656,Escape Plan 2: Hades,2018
6515342,Knock,2017
6515910,The Kindness of Strangers,2019
6516314,Piercing,2018
6517392,The Genius of George Boole,2015
6518270,An Evening with Beverly Luff Linn,2018
6521776,Open 24 Hours,2018
6521876,Jay and Silent Bob Reboot,2019
6523526,Crabs in a Bucket,2020
6529942,The Making of the Secret Scripture,2017
6533240,Night Hunter,2018
6533972,Princess of the Row,2019
6539992,Embattled,2019
6547044,Being Frank,2018
6547170,Reprisal,2018
6550978,Alice Fades Away,2020
6556576,Monster Party,2018
6557704,Ultra Low,2018
6560128,Perros,2016
6565702,Dark Phoenix,2019
6566830,Most Likely to Murder,2018
6567234,Bury Me Standing,2008
6572702,Monster Family,2017
6580394,The Fast and the Fierce,2017
6587640,Trolls World Tour,2020
6598238,Life in a Year,2019
6603700,The Pining,2019
6612946,Changeland,2019
6613952,Encounter,2018
6613958,The Bygone,2019
6615224,HeadShop,2020
6621440,Stars in Shorts: No Ordinary Love,2016
6628394,Bad Times at the El Royale,2018
6641582,Torch,2018
6644200,A Quiet Place,2018
6644632,Making Babies,2018
6647564,Anderson Falls,2020
6654210,Infinite,2020
6659482,Mercy for Earth,2017
6662736,What They Had,2018
6673612,Dolittle,2020
6675400,Con Man,2018
6676028,In a Relationship,2018
6679794,Outlaw King,2018
6680312,Who We Are Now,2017
6684714,Acts of Violence,2018
6684884,Ladies in Black,2018
6688022,After Everything,2018
6688216,The Red Sandwich Christmas Hour,2007
6695662,John Travolta: Rückkehr nach Hollywood,2015
6705860,Diane,2018
6706616,Dreamland,2019
6716912,Dead Water,2019
6720536,The Making of Autumn Sonata,1978
6722030,The Intruder,2019
6723592,Tenet,2020
6739796,James vs. His Future Self,2019
6740544,RiffTrax Live: Night of the Shorts IV - SF Sketchfest 2016,2016
6741368,"Remi, Nobody's Boy",2018
6744360,Lost Transmissions,2019
6745550,Exit 0,2019
6748466,Loro 1,2018
6749318,Speed Kills,2018
6752398,Two Girls,2018
6755892,The Neighborhood,2017
6760876,Wasp Network,2019
6763730,Becoming Iconic,2018
6769280,Time Freak,2018
6772804,Escape Plan: The Extractors,2019
6776300,Vergel,2017
6777306,Sea Sorrow,2017
6781982,Night School,2018
6782276,The Padre,2018
6791096,I Feel Pretty,2018
6791350,Guardians of the Galaxy Vol. 3,2021
6794450,Dumb: The Story of Big Brother Magazine,2017
6802400,Coming 2 America,2020
6803170,Saving Christmas,2017
6803212,Don't Let Go,2019
6806448,Fast & Furious Presents: Hobbs & Shaw,2019
6807324,Doe,2018
6808310,"Hello Hello Hello: Lee Ranaldo, Electric Trim",2017
6812404,"Stallone: Frank, That Is",2019
6821012,The Week Of,2018
6823148,Benedetta,2020
6823368,Glass,2019
6827388,The Field,2019
6828390,Mr. Jones,2019
6829180,Welcome Home,2018
6833964,The Devil's Highway,2018
6843446,Undercover Brother 2,2019
6846238,National Theatre Live: The Threepenny Opera,2016
6846664,National Theatre Live: Angels in America Part One - Millennium Approaches,2017
6847810,National Theatre Live: Angels in America Part Two - Perestroika,2017
6848602,Til Death Do Us Part,2017
6850820,Peppermint,2018
6852872,Elizabeth Harvest,2018
6856242,The King's Man,2020
6857166,Book Club,2018
6858020,In Your Hands,2018
6858948,Never Saw It Coming,2018
6859352,Support the Girls,2018
6864090,Dead Ringer,2018
6865690,The Professor,2018
6866224,The Hummingbird Project,2018
6873546,The Last Prosecco,2017
6874254,Out of Blue,2018
6879446,Project X-Traction,2020
6884200,A Kid Like Jake,2018
6886080,To the Stars,2019
6895284,Itsy Bitsy,2019
6899026,It's Always Sunny in Philadelphia: Cast & Creators Live at the Paley Center,2010
6899068,2nd Chance for Christmas,2019
6900448,Mirai,2018
6902696,Gloria Bell,2018
6905402,A Boy. A Girl. A Dream.,2018
6905696,Slaughterhouse Rulez,2018
6910006,End of Sentence,2019
6910282,Bergman Island,2020
6911608,Mamma Mia! Here We Go Again,2018
6913168,Belleville Cop,2018
6914122,Resistance,2020
6916348,The Warrior Queen of Jhansi,2019
6923858,Burning Shadow,2020
6924650,Midway,2019
6927880,All Square,2018
6933454,Puzzle,2018
6938828,At Eternity's Gate,2018
6943854,H Is for Happiness,2019
6945932,Scarborough,2018
6950112,Escape to Athena: Cast and Crew Interviews,1978
6952166,The Doctor's Case,2018
6952960,The Kindergarten Teacher,2018
6957966,Little Italy,2018
6958014,Duck Butter,2018
6961808,Claire Darling,2018
6962204,Walk Like a Panther,2018
6964844,Hospitality,2018
6966692,Green Book,2018
6975598,Deep Murder,2018
6977726,Fake News,2017
6980960,Mafia Inc.,2020
6980962,An Audience of Chairs,2018
6981634,Wanderland,2018
6983418,A Name Without a Place,2019
6987770,Destination Wedding,2018
6992230,Cold Brook,2018
6998518,Mandy,2018
7008872,Boy Erased,2018
7014430,Betrayed,2018
7017502,Windows on the World,2019
7030194,A Walk with Grace,2019
7038516,Who Done It: The Clue Documentary,2018
7040874,A Simple Favor,2018
7042838,Semper Fi,2019
7042862,The Man Who Killed Hitler and Then The Bigfoot,2018
7043012,Velvet Buzzsaw,2019
7049542,An Acceptable Loss,2018
7052244,Robin Hood: The Rebellion,2018
7058080,Angel of Mine,2019
7066546,The Great Alaskan Race,2019
7068878,Changing Saddles,2018
7068942,After the Screaming Stops,2018
7069210,The Conjuring 3,2020
7073518,7 from Etheria,2017
7074886,The Front Runner,2018
7078658,The Day Shall Come,2019
7080422,Dragon Rider,2020
7089628,Already Gone,2019
7094374,The Chain,2019
7095476,Waiting for Anya,2019
7097896,Venom 2,2020
7104950,The Truth Is in the Stars,2017
7112784,Pretty Bad Actress,2018
7120532,Il colore nascosto delle cose,2017
7125860,If Beale Street Could Talk,2018
7126948,Wonder Woman 1984,2020
7128822,Justice Dot Net,2018
7131622,Once Upon a Time in Hollywood,2019
7133686,Next Gen,2018
7134096,The Rhythm Section,2020
7137380,Destroyer,2018
7137846,Breaking In,2018
7139936,A Rainy Day in New York,2019
7141148,Porthole,2018
7141890,Shen gong yuan ling,2017
7146578,Raising Colors,2018
7146812,Onward,2020
7149916,Edge of Fear,2018
7153134,1st Born,2018
7155576,Back Fork,2019
7158430,Hearts Beat Loud,2018
7165212,The Work Wife,2018
7167630,Batman: Gotham by Gaslight,2018
7167686,Reign of the Supermen,2019
7178640,Superintelligence,2020
7187768,Safe Spaces,2019
7188014,PawParazzi,2018
7191910,Mountain Rest,2018
7212992,Silver Lake,2018
7214762,Jim & Andy: The Great Beyond,2017
7216068,See You Soon,2019
7216918,The Summer House,2018
7218564,Destined to Ride,2018
7233106,The Amaranth,2018
7241654,Gangster Land,2017
7241926,Tell It to the Bees,2018
7248248,Lucky Day,2019
7251692,Conundrum: Secrets Among Friends,2020
7259638,"Marina, Mabuse und Morituri - 70 Jahre Deutscher Nachkriegsfilm im Spiegel der CCC",2017
7260048,Outside In,2017
7262384,The True Adventures of Wolfboy,2019
7262882,Master Z: Ip Man Legacy,2018
7263040,La Marca del Demonio,2019
7264080,"I Love You, Daddy",2017
7265272,Un monde plus grand,2019
7269184,Beverly Hills Bandits,2018
7281538,Teacher,2019
7282278,Long Lost,2018
7284204,Summer '03,2018
7286456,Joker,2019
7287680,The Immortal Wars: Resurgence,2019
7294696,Disappointment Valley: A Modern Day Western,2017
7296564,Nina,2017
7302054,Supervized,2019
7303530,Roads,2019
7310916,John Leguizamo's Road to Broadway,2018
7313348,Them That Follow,2019
7315484,The Silence,2019
7317324,Egg,2018
7326320,More Beautiful for Having Been Broken,2019
7331976,Vecne tvá neverná,2018
7332120,For Jennifer,2018
7339248,The Art of Self-Defense,2019
7347846,The Lodge,2019
7349896,Inherit the Viper,2019
7349950,It Chapter Two,2019
7356476,Defining Moments,2020
7363336,Tea with the Dames,2018
7364522,Elsewhere,2019
7365604,Dog Days,2018
7374926,Proxima,2019
7375304,Ouija House,2018
7375578,The Escape of Prisoner 614,2018
7381444,In the Cloud,2018
7382726,Veleno,2017
7382828,Where I've Never Lived,2017
7390646,Black and Blue,2019
7394816,Primal,2019
7395114,The Devil All the Time,2020
7396534,Wall,2017
7401588,Instant Family,2018
7420342,Killerman,2019
7427356,The Last Laugh,2019
7428820,Summer Night,2019
7434324,Low Tide,2019
7439064,The Rising Hawk,2019
7448180,The Debt Collector,2018
7456310,Anna,2019
7456312,The Last Thing He Wanted,2019
7459182,Wave of Crimes,2018
7461200,The Oath,2018
7466496,Apple Seed,2019
7467926,Barking Mad,2018
7504726,Call of the Wild,2020
7505148,"Good Take, Too!",2016
7510224,RSC Live: Macbeth,2018
7510346,The Turning,2020
7511368,The Fight,2018
7519410,Katy Perry: Will You Be My Witness?,2017
7520980,Worth,2018
7526508,Strepy pro Evu,1978
7527912,Wasted Talent,2018
7531096,StarDog and TurboCat,2019
7540966,Drew Lynch: Did I Stutter,2017
7541720,Music,2019
7542576,All About Nina,2018
7543930,In Safe Hands,2018
7544820,Too Funny to Fail: The Life & Death of The Dana Carvey Show,2017
7545266,Like a Boss,2020
7547410,Dora and the Lost City of Gold,2019
7549776,Tod@s Caen,2019
7549996,Judy,2019
7558302,Lying and Stealing,2019
7579446,Tuscaloosa,2019
7584702,Awake,2019
7587282,Port Authority,2019
7587874,Saturday at the Starlight,2018
7587876,Hope Gap,2019
7590074,Mrs Lowry & Son,2019
7596220,Auggie,2019
7596680,Run This Town,2019
7598892,Sukita,2018
7599146,Sound of Freedom,2020
7600382,Ride Like a Girl,2019
7601518,Central Casting,2000
7604980,Rolling Stone: Stories from the Edge,2017
7606636,Trick or Treat,2019
7608534,Christmas Inheritance,2017
7612378,Joe Frank: Somewhere Out There,2018
7615722,Legend of Hallowaiian,2018
7616148,Luce,2019
7616798,A Dog's Way Home,2019
7620746,A Night to Regret,2018
7632274,Red Handed,2019
7634968,What Men Want,2019
7638348,Boss Level,2019
7640222,Meetings with Ivor,2017
7641174,Sinhawalokanaya,2011
7647840,Good Posture,2019
7650198,This Old Machine,2017
7653254,Marriage Story,2019
7654476,Made in Hollywood: Hitchcocks Blondinen,2016
7654710,Querido Fotogramas,2018
7654872,Amoureux de ma femme,2018
7656570,Legal Action,2018
7657364,Gothic Harvest,2018
7657566,Death on the Nile,2020
7664096,Convoi exceptionnel,2019
7668870,Searching,2018
7671064,Brittany Runs a Marathon,2019
7677184,Greetings from Tromaville,2017
7681970,After Porn Ends 3,2018
7686448,Other Music,2019
7689958,Jane Fonda in Five Acts,2018
7698468,Liberté: A Call to Spy,2019
7704060,Bucky A Fuller Future,2017
7713068,Birds of Prey: And the Fantabulous Emancipation of One Harley Quinn,2020
7715070,Horrible Histories: The Movie - Rotten Romans,2019
7716880,The Trouble,2020
7724494,De sable et de feu,2019
7730102,Big Kill,2018
7734218,Stuber,2019
7735502,The Invisible Witness,2018
7737640,Breaking News In Yuba County,2020
7740510,Antlers,2020
7742108,Alan Pakula: Going for Truth,2019
7743120,Once Upon a Time in Staten Island,2019
7748426,Ailecek Saskiniz,2018
7751038,Revive Us 2,2017
7752126,Brightburn,2019
7763324,Amazing Stories,1986
7764804,Holy Beasts,2019
7765120,Daughter of Mine,2018
7766886,The Girl with a Bracelet,2019
7770184,"Lana Turner, l'indétrônable",2016
7776050,Saving My Baby,2018
7781354,The Cure,2018
7783322,Harry Potter: A History of Magic,2017
7784604,Hereditary,2018
7791188,The Bra,2018
7795396,Gift,2013
7798634,Ready or Not,2019
7798644,Judy & Punch,2019
7801894,Persona non grata,2019
7818580,While at War,2019
7820280,Connect,2018
7831374,I Am Not for Sale: The Fight to End Human Trafficking,2019
7839524,Brokers,2020
7841262,Mary for Mayor,2020
7841536,Holiday Hell,2019
7842682,Magic Lantern,2018
7846844,Enola Holmes,2020
7854302,Tokyo Trial,2017
7857374,Feedback,2019
7861644,The Gift: The Journey of Johnny Cash,2019
7868082,Charming the Hearts of Men,2020
7888964,Nobody,2020
7890550,Astronaut,2019
7890826,Naya Legend of the Golden Dolphin,2020
7893416,Golden Youth,2019
7894510,The Devil Has a Name,2019
7895904,Family Blood,2018
7897102,O.G.,2018
7915464,Chance,2019
7916276,Boudica: Rise of the Warrior Queen,2019
7923920,Foolish Mortals,2017
7935392,Limbo,2019
7939766,I'm Thinking of Ending Things,2020
7942736,Spider in the Web,2019
7942742,Her Smell,2018
7945440,The Lie,2018
7950334,The Mountain,2018
7958736,Ma,2019
7959520,La prima,2018
7962932,I'll Take Your Dead,2018
7970348,The Stand-In,2020
7974564,Brainiac: Transmissions After Zero,2019
7975244,Jumanji: The Next Level,2019
7983894,Ammonite,2019
7984734,The Lighthouse,2019
7984766,The King,2019
7985692,After the Wedding,2019
7991608,Red Notice,2020
8000718,The Operative,2019
8009906,The Cleansing Hour,2019
8031554,L Storm,2018
8036174,Unbanned: The Legend of AJ1,2018
8041270,Jurassic World 3,2021
8041276,Paddleton,2019
8046498,Don't Tell a Soul,2019
8054066,White As Snow,2019
8055896,The Bay House,2019
8058874,We Summon the Darkness,2019
8068678,I Am MLK Jr.,2018
8075260,Someone Great,2019
8075402,Room 9,2020
8079920,Trainee Filmmakers,2018
8096876,Sanctuary,2019
8097306,Nobody's Fool,2018
8106534,6 Underground,2019
8110232,The Many Saints of Newark,2020
8110640,In the Shadow of the Moon,2019
8110988,The Place of No Words,2019
8118726,An Enchanted Ruby,2015
8123658,Martinis and Murder,2009
8134358,If Only,2019
8137788,The History of Everything Circa 1993: F/K/A Kissy Cousins Monster Babies,2018
8143990,Kajillionaire,2020
8151874,Honey Boy,2019
8169446,Wine Country,2019
8170298,John Henry,2020
8179740,Requiem,2018
8191620,Swing Low,2019
8195518,Cuck,2019
8200998,Mister Rogers: It's You I Like,2018
8201404,Little White Lies 2,2019
8206668,Bad Education,2019
8209898,50 Summers,2018
8218940,Hillbilly,2018
8226892,Peel,2019
8236336,The Report,2019
8241876,5th Borough,2019
8242084,My Spy,2020
8262686,Lie Exposed,2019
8269140,Ingmar Bergman,1971
8271188,Non sono un assassino,2019
8296164,Marilyn! The New Musical,2018
8299768,Blow the Man Down,2019
8308934,Gossip,1982
8310924,"Faith, Hope & Love",2019
8323120,The Truth,2019
8323778,Sunny Daze,2019
8325880,Nuclear,2019
8332454,Shooting Heroin,2019
8332666,Tone-Deaf,2019
8332922,A Quiet Place 2,2020
8335880,Loro 2,2018
8337158,Rumble,2020
8338930,Toute ressemblance,2019
8342680,The Burnt Orange Heresy,2019
8350360,Annabelle Comes Home,2019
8351646,5 Is the Perfect Number,2019
8353934,Get Gone,2019
8354582,Deadly Switch,2019
8356942,355,2021
8359840,Oh Mercy!,2019
8359842,It Must Be Heaven,2019
8361028,Cam,2018
8361136,Eva: A-7063,2018
8363508,The Amendment,2018
8363914,No Safe Spaces,2019
8364368,Crawl,2019
8366502,Corporate Animals,2019
8367184,The Wedding Year,2019
8367814,The Gentlemen,2020
8368294,The Sound of Philadelphia,2020
8368394,The Sunlit Night,2019
8368406,Vivarium,2019
8368408,Gunpowder Milkshake,2020
8368512,Ironbark,2019
8372094,The Education of Fredrick Fitzell,2019
8372298,Swallow,2019
8376234,Peter Rabbit 2: The Runaway,2020
8385148,The Hitman's Wife's Bodyguard,2020
8385474,A Dog's Journey,2019
8386898,Instinct,2019
8399288,Memoria,2020
8400758,Killers Anonymous,2019
8400856,The Obscure Life of the Grand Duke of Corsica,2020
8404614,The Two Popes,2019
8415352,The Murder of Nicole Brown Simpson,2019
8419594,Rare Beasts,2019
8429474,Tunnels,2020
8430598,Shirley,2020
8431078,Friendsgiving,2020
8439922,The Barefoot Emperor,2019
8443874,Rolling Thunder,2019
8448496,Hollywood I'm Sorry,2018
8456190,Seal Team,2020
8484012,Sword of Trust,2019
8484160,Black Beauty,2020
8499638,Saturday Fiction,2019
8515132,Made as Art: The Michael Braun Story,2019
8522006,Happiest Season,2020
8526872,Dolemite Is My Name,2019
8531366,CinemAbility: The Art of Inclusion,2018
8535180,Kill Chain,2019
8549744,Cicada Song,2019
8563452,Crypto,2019
8564600,Secrets at the Lake,2019
8569578,She Never Died,2019
8574186,Havana Kyrie,2019
8579674,1917,2019
8582056,High Holiday,2020
8584722,The Rest of Us,2019
8585080,Being the Change: A New Kind of Climate Documentary,2018
8586088,"Phoenix, Oregon",2019
8591046,He Dreams of Giants,2019
8593904,Rifkin's Festival,2020
8594376,Into the Labyrinth,2019
8615136,Hammamet,2020
8615822,Occupation: Rainfall,2020
8619854,The Martini Shot,2020
8623904,Last Christmas,2019
8629748,Wonderland,2019
8633464,After Yang,2020
8633560,Lazy Susan,2020
8635092,Everybody's Talking About Jamie,2020
8647310,Buffaloed,2019
8648640,Hollow Point,2019
8652584,Hell on the Border,2020
8653640,An Ideal Husband,2018
8663516,Child's Play,2019
8672196,Railroad to Hell: A Chinaman's Chance,2018
8672516,Antony & Cleopatra,2018
8688634,21 Bridges,2019
8695030,The Dead Don't Die,2019
8704802,The Last Blockbuster,2019
8710116,Painted Beauty,2019
8710596,Jungleland,2019
8717446,Blackbird,2019
8722080,Crimson Point,2020
8722346,Queen & Slim,2019
8750570,Sergio,2019
8760550,Nazi Overlord,2018
8766120,When We Last Spoke,2019
8769848,The Tomorrow Man,2019
8774962,Vivere,2019
8781414,Freaks,2018
8797000,Lady Liberty,2018
8809652,10 Minutes Gone,2019
8816194,Come to Daddy,2019
8826496,Chacun pour tous,2018
8834440,American Typecast,2019
8835700,The Skid Kid,1991
8836988,Avengement,2019
8838452,Nine Lives,2019
8847712,The French Dispatch,2020
8851190,Red,2018
8851630,Die Drei !!!,2019
8851668,The Lovebirds,2020
8854384,Canadian Strain,2019
8858104,Guava Island,2019
8883486,Medieval,2019
8901666,The Journey Ahead,2018
8903840,Alice and the Mayor,2019
8906326,The Drummer,2019
8912188,Romance Analyst,2018
8930424,Saremo giovani e bellissimi,2018
8936646,Dhaka,2019
8946378,Knives Out,2019
8951692,Military Wives,2019
8970448,Adopt a Highway,2019
8972256,Greed,2019
8975028,American Hangman,2019
8976608,Rootwood,2018
8980128,Deus,2019
8998472,You Might Be the Killer,2018
9009826,Send It!,2020
9016974,Synchronic,2019
9019352,No manches Frida 2,2019
9021234,The Legend of 5 Mile Cave,2019
9026184,Girl on the Third Floor,2019
9032400,Eternals,2020
9047290,The Kick Ash Bash Concert Film,2018
9055926,National Theatre Live: King Lear,2018
9058654,Dinner in America,2019
9058902,Jingle Belle,2018
9059704,An American Pickle,2020
9071322,Dark Waters,2019
9076562,Irresistible,2020
9079080,Je ne rêve que de vous,2019
9080672,Initials S.G.,2019
9082020,Cold Blood,2019
9086228,Gretel & Hansel,2020
9105190,Who is the Soho Hobo?,2017
9109492,American Woman,2019
9114472,Ice on Fire,2019
9115528,Never Too Late,2020
9115530,The Eyes of Tammy Faye,2020
9130508,Cherry,2020
9134216,Playing with Fire,2019
9134678,Invincible,2019
9135272,Eminence Hill,2019
9136058,A Christmas Carol,2019
9140104,Daydream Nation,2018
9143112,Falling,2020
9143636,Guest of Honour,2019
9147456,"Endings, Beginnings",2019
9148706,Misbehaviour,2020
9149942,Magic Hour,2020
9169764,Iron Fists and Kung Fu Kicks,2019
9170528,Lucid Dreams,2018
9173418,Brahms: The Boy II,2019
9178402,The Pale Door,2020
9179096,Minamata,2020
9185066,Human Capital,2019
9185316,I Am Woman,2019
9185542,An Almost Ordinary Summer,2019
9198364,Three Thousand Years of Longing,2020
9203694,Stowaway,2020
9204204,Little Joe,2019
9206798,All Is True,2018
9207616,The Courier,2019
9209312,Une sirène à Paris,2020
9224288,Mainstream,2020
9231040,First Cow,2019
9239888,The Ruthless,2019
9242528,Harry Haft,2020
9243804,Green Knight,2020
9243946,El Camino: A Breaking Bad Movie,2019
9244554,Waldo,2020
9248032,Buttons,2018
9261042,A Perfect Plan,2019
9275046,Colewell,2019
9286908,High Ground,2019
9288726,Mama Weed,2020
9308382,Covers,2020
9310604,That Click,2019
9313424,From the Vine,2019
9318280,Driveways,2019
9330502,It Wants Blood!,2019
9340860,Let Him Go,2020
9352926,The Sound of Silence,2019
9354944,Jexi,2019
9356834,Funny Tweets,2018
9358196,Marianne & Leonard: Words of Love,2019
9358230,Words from a Bear,2019
9366994,Tornare,2019
9382224,National Theatre Live: All My Sons,2019
9383986,L'uomo che disegnò Dio,2019
9386648,Tammy's Always Dying,2019
9392248,Gli anni più belli,2020
9392374,Girl,2020
9394856,Humans of Our World: The Journey,2019
9395794,Armstrong,2019
9411866,Molly,2020
9412088,Todd,2019
9419884,Doctor Strange in the Multiverse of Madness,2021
9442842,In Search of Darkness,2019
9506000,Drowning,2019
9506562,Lady Luck: The Making of The Cooler,2018
9522296,Andrew Davies: Rewriting the Classics,2018
9523112,Honey Bee,2018
9525230,Clear Water: Detroit's River Revival,2018
9534808,Acceleration,2019
9575438,The Beginning: Feel the Dead,2019
9584814,Gloria Mundi,2019
9585676,Body Brokers,2020
9598214,Naked Singularity,2020
9601220,Black Bear,2020
9606374,On the Rocks,2020
9608818,The Friend,2019
9613316,Frances Ferguson,2019
9617570,Jim Allison: Breakthrough,2019
9617578,It Started As a Joke,2019
9620292,Promising Young Woman,2020
9621284,The Last Right,2019
9625664,Trauma Center,2019
9652730,National Theatre Live: All About Eve,2019
9657382,Managing Problem People. Behavioral skills for leaders,1988
9663764,Aquaman 2,2022
9664078,American Son,2019
9673140,The Last Big Save,2019
9673190,The Lego Batman Movie 2,2022
9673224,Making a Deal with the Devil,2019
9679930,Robert Scheer: Above the Fold,2019
9686708,Staten Island,2020
9689696,Wander,2019
9690830,Bisping,2020
9691482,Kaye Ballard - The Show Goes On,2019
9694312,Stardust,2020
9722848,Race Against Time,2019
9731534,The Night House,2020
9731682,Dreamland,2020
9742794,Way Down,2020
9767556,Fourmi,2019
9777790,C'est quoi cette mamie?!,2019
9779516,I Still Believe,2020
9779560,I Am Patrick Swayze,2019
9788606,Cannes et après?,2012
9789042,Small Engine Repair,2019
9793112,Michael Lally: I Want to Call It Poems,2020
9795588,The Bed-Sitting Room,2016
9815190,Harumi,2019
9815714,The Hard Way,2019
9833362,Holly Near: Singing For Our Lives,2018
9845012,Slucaj Makavejev ili Proces u bioskopskoj sali,2018
9883996,Dream Horse,2020
9893250,I Care a Lot,2020
9894470,VFW,2019
10003008,The Rental,2020
10023286,The Humans,2020
10045260,The Exorcist III: Legion,2016
10059518,Unhinged,2020
10059530,And the Winners Are!,2019
10075788,The Hunger Games Premiere,2012
10075836,The Avengers Assemble Premiere,2012
10077034,Twist,2020
10087464,Hollywood Salutes Israel,2018
10096842,False Positive,2020
10110872,2177: The San Francisco Love Hacker Crimes,2019
10143498,My Stupid Dog,2019
10147726,The Lost Island,2010
10151054,The Quarry,2020
10161886,The Prom,2020
10165870,Direct to Video: Straight to Video Horror of the 90s,2019
10172268,Tomb Raider 2,2021
10172524,Vincey Masters: Born to be a Karate Meister,2007
10182822,Loro,2018
10183816,Windfall,2020
10187208,A Boy Called Christmas,2020
10192406,Untitled Lila Neugebauer Project,2020
10204366,Three Days and a Life,2019
10223460,Marry Me,2020
10228134,Jolt,2020
10230994,Born to Be Murdered,2020
10237902,Gordon Lightfoot: If You Could Read My Mind,2019
10251962,Muj pribeh,2020
10253466,Badland,2019
10255320,Deviant Love,2019
10264732,Muna,2019
10272386,The Father,2020
10273784,The Lunch,2019
10274176,Most Dangerous Game,2020
10287954,The Incredible Story of Rose Island,2020
10292952,Gatsby in Connecticut: The Untold Story,2020
10293406,The Power of the Dog,2021
10295314,Loveland,2020
10302982,JL Family Ranch 2,2020
10307856,The Argument,2020
10307922,Home Front,2020
10308878,Big Gold Brick,2020
10308928,Force of Nature,2020
10313806,Why?,2019
10314344,The Subject,2020
10316770,Painting Christmas,2019
10319746,Stop and Smell the Roses,2019
10328320,The Christmas Project 2,2019
10332640,The homecoming,2020
10333426,Bliss,2020
10334148,Blithe Spirit,2020
10334456,Once Were Brothers: Robbie Robertson and The Band,2019
10342730,Untitled Saw Project,2020
10342914,Lair,2020
10354220,Salvage,2020
10358566,Loren and Rose,2020
10369638,My Name Is Andrea,2020
10370380,The Windermere Children,2020
10370644,Helmut Newton: The Bad and the Beautiful,2020
10374874,Two Minutes to Midnight,2020
10375916,Blindsided,2019
10376988,60 Minutes to Kill,2019
10404200,Passions: 20th Anniversary Documentary,2019
10417726,Divertimento,2020
10418662,Awake,2020
10441958,La bonne épouse,2020
10447328,Tales of the Wild Hunt: Hellboy Reborn,2019
10448458,Sometime Other Than Now,2019
10449052,No Man's Land,2020
10451852,Nine Days,2020
10466232,Lost Lives,2019
10481868,Black Christmas,2019
10498792,Too Late,2020
10504184,Fanboy and the Fellowship of the Sabers,2019
10505316,Comédie humaine,2020
10509906,The Coven,2021
10513698,For Madmen Only: The Stories of Del Close,2019
10514222,Ma Rainey's Black Bottom,2020
10535522,Heartland,2019
10536646,On Broadway,2019
10537660,Do you do you Saint-Tropez,2020
10537978,Rendez-vous chez les Malawa,2019
10539608,"Good Morning, Midnight",2020
10545704,Adieu Monsieur Haffmann,2020
10552624,Funny You Never Knew,2019
10553210,Dreamkatcher,2020
10578490,And We Go Green,2019
10579468,Stalked by My Doctor: A Sleepwalker's Nightmare,2019
10579768,Untitled Leonard-Weixler Pregnancy Film,2020
10581486,Age of Audio,2020
10584480,Thorp,2019
10587740,Les femmes sont de nature créatives: Agnès Varda,1977
10597228,Love Song and Power,2020
10612336,Hawk Warrior of the Wheelzone,2012
10618286,Mank,2020
10619394,Siqueiros: Walls of Passion,2019
10623178,Alida,2020
10627548,Christmas on the Square,2019
10627710,Influence,2019
10644372,Lone Wolf,2020
10648342,Thor: Love and Thunder,2021
10665338,Halloween Kills,2020
10665342,Halloween Ends,2021
10669906,William Yeager v. NPR,2019
10687506,Louis Wain,2020
10690676,Dark,2017
10691162,Aftermath,2020
10715446,Yakuza Princess,2020
10719958,The Birthday Cake,2020
10731778,Malignant,2020
10768194,UNTITLED: New York Christmas Wedding,2020
10783100,Demented 2: The Beginning,2020
10789216,Marzipan,2020
10794866,Memoirs of a Fighter,2021
10798004,Citizens of Perpetual Indulgence,2000
10808832,Let Them All Talk,2020
10831086,Pixie,2020
10832274,Swan Song,2020
10833362,The Greek Job,2020
10838180,The Matrix 4,2022
10843306,The Beach House,2019
10846284,Carnaby St. the Soho backstreet that spawned the swinging 60s (Part 1),2012
10846414,Carnaby St. the Soho backstreet that spawned the swinging 60s (part 2),2012
10847286,My Father and Me,2019
10848174,California Love,2019
10868980,Deadly Draw,2020
10880084,The Warrant,2020
10887902,I Used to Go Here,2020
10907990,Magic Card,2015
10912082,Attic Trunk,2020
10920376,Go Fish,2019
10923392,Tropico,2020
10933680,The Debt Collector 2,2020
10934196,Juzni vetar 2,2020
10944276,Death of a Telemarketer,2020
10945274,Mystère,2020
10948718,El robo del siglo,2020
10949778,100 Days to Live,2019
10951288,Just Noise,2020
10952012,Sweet River,2020
10954110,2nd Unit: Invisible Action Stars,2019
10954148,Peter Cushing: In His Own Words,2019
10963882,Grinder,2009
10975288,On the Trail of Stan & Ollie,2020
10985740,Walrus Yes: The Making of Tusk,2019
10986222,Untitled Mike Mills Project,2020
10994688,The Binge,2020
11003218,Pig,2020
11006570,La Pièce rapportée,2020
11015606,"Rush, The Director's Cut",2020
11029976,Inside the Rain,2019
11045566,Against The Wild III: The Journey Home,2020
11052346,It Takes a Lunatic,2019
11057594,Fatal Affair,2020
11060092,Poly,2020
11074166,Scare Bear,2020
11081744,Realna prica,2019
11082512,Adventure Force 5,2019
11082858,Z Cech do Hollywoodu a zpet,2001
11093134,Garçon chiffon,2020
11093266,De son vivant,2020
11098054,Nije lose biti covek,2020
11100856,"Love, Guaranteed",2020
11107010,Bison,2021
11111286,Reboot Camp,2020
11121664,Blue Bayou,2020
11125030,How Does It Feel to Be A Problem?,2020
11127972,bUMS,2020
11138292,Real Men,2019
