person_id,movie_id
212,35423
630,35423
5227,35423
413168,35423
164540,64177
684521,64177
257,64510
933361,64510
303,64598
314,64598
4730,64598
489,64949
1088,64949
142,65134
511,65134
603,65161
626259,65161
661,65370
991,65370
44,65377
1421,65377
661,65380
995,65380
186469,65384
382411,65384
593803,65384
275213,65439
598971,65439
1277,65441
1347,65441
1510,65446
1673,65446
1831,65446
144045,65454
181305,65454
1859,65481
385757,65481
1069,65492
1167,65492
577,65520
240233,65520
707728,65520
885203,65520
273,65528
307316,65528
71,65542
429250,65542
1886,65553
74125,65553
314,65555
1699,65555
564,65581
28674,65581
1233,65582
516800,65582
27,65593
1321,65593
605923,65593
878302,65593
1449,65636
811202,65636
1421,65642
626728,65642
469,65692
5078,65692
950867,65692
28674,65700
916001,65700
1703,65703
181305,65703
761212,65703
577,65711
1058,65711
2096,65711
393028,65711
532,65720
1727,65720
197,65724
947,65724
1673,65731
1684,65731
1069,65760
1735,65760
298,65775
1285,65775
47,65782
52,65782
469,65797
737,65797
283314,65797
318153,65797
32,65820
1036,65820
6,65830
366,65830
216,65832
439170,65832
134,65836
1164,65836
307255,65836
427894,65842
778204,65842
393,65867
1262,65867
1056,65871
1285,65871
882853,65871
215,65916
1967,65916
24,65922
32,65922
1673,65922
142,65938
1699,65938
56,65944
469,65944
1657,65957
2058,65957
277,65967
303,65967
323,65969
1725,65969
611707,65970
628017,65970
163,65988
1159,65988
602,65989
1381,65989
447515,65990
610699,65990
1537,66011
532298,66011
641939,66011
1330,66017
1693,66017
1719,66017
643,66026
661,66026
1285,66026
56,66043
602,66043
654,66080
1816,66080
125,66090
1321,66090
2058,66090
277975,66090
1588,66093
603402,66093
752751,66093
257,66096
1847,66096
2769,66113
913993,66113
79,66115
1379,66115
715643,66115
1884,66141
2145,66141
880521,66141
598971,66181
627878,66181
493,66193
6800,66193
56310,66193
575198,66193
1719,66195
307255,66195
364915,66209
565569,66209
908919,66209
1233,66222
1381,66222
1159,66262
511798,66262
698,66266
452288,66266
268,66273
516972,66273
934902,66273
1001,66274
811202,66274
197,66286
1136,66286
2663,66286
380,66296
685,66296
1025,66296
393,66312
1445,66312
1673,66312
53,66319
2145,66319
27,66344
1215,66344
608,66384
7098,66384
138354,66384
164540,66384
298,66390
587,66390
1450,66392
1891,66392
918663,66392
661,66402
698,66402
320760,66410
821041,66410
1069,66415
1117,66415
308,66422
1417,66422
380,66434
587,66434
18,66448
2025,66448
643105,66448
1445,66450
1627,66450
1394,66454
673802,66454
687506,66454
915164,66454
323,66471
846,66471
28674,66471
731772,66471
1069,66485
5078,66485
419054,66485
366,66491
626259,66491
995,66494
1800,66494
1123,66495
1449,66495
1088,66518
809184,66518
303,66528
626259,66528
56,66540
578,66540
2058,66543
376101,66543
80,66549
1626,66549
1768,66549
1719,66563
500038,66563
1926,66580
2032,66580
1421,66605
908919,66605
283499,66728
427894,66728
731634,66728
277,66730
457,66730
2096,66730
382411,66730
92,66765
416,66765
1037,66765
1589,66765
125,66767
1007,66767
239816,66793
705072,66793
95,66808
489837,66808
621,66811
283499,66811
1450,66817
1522,66817
142,66819
656183,66819
302,66822
307255,66822
765546,66822
1285,66826
1884,66826
47,66829
147983,66829
947,66856
1719,66856
197,66892
268,66892
298,66892
307316,66892
1036,66898
511798,66898
559,66900
1077,66900
314,66907
1588,66907
430151,66907
643000,66907
906627,66907
926235,66907
1699,66920
1816,66920
1976,66929
74125,66929
277975,66967
360081,66967
314,66970
880521,66970
511,66986
550318,66986
813755,66986
860681,66986
603,66993
1657,66993
80,66997
142,66997
142,66999
763858,66999
1159,67003
5078,67003
950867,67003
432,67004
1007,67004
1077,67004
1522,67065
226947,67065
71,67109
1421,67109
1510,67109
432,67116
1702,67116
516215,67116
303,67119
846,67119
1265,67119
336,67140
1768,67140
53,67146
1821,67146
76252,67146
882853,67146
18,67168
737,67168
947,67168
1768,67180
342732,67180
614916,67180
1228,67204
643105,67204
1588,67216
1725,67216
246004,67217
400464,67217
28647,67219
283499,67219
461455,67219
298,67224
432,67224
1657,67224
643000,67224
2096,67228
234541,67228
277975,67243
428086,67243
1136,67245
170427,67245
440487,67245
696330,67245
1058,67248
193661,67248
35866,67258
274016,67258
656183,67258
731772,67258
961,67277
1673,67277
18,67297
2145,67297
323,67302
2145,67302
626259,67303
908919,67303
404,67309
661,67309
1702,67309
313,67328
961,67328
1732,67328
44,67333
380,67333
18,67345
2058,67345
1285,67350
306696,67350
933361,67350
1007,67359
492342,67359
1159,67382
1449,67382
1321,67388
1379,67388
603,67402
413559,67402
1137,67411
41281,67411
257,67419
302,67419
226947,67419
1025,67433
1687,67433
47,67437
52,67437
1673,67457
442304,67457
577,67531
6893,67531
611707,67531
638395,67531
1627,67535
636065,67535
199,67549
109175,67549
1186,67568
813961,67568
527,67589
364455,67589
822972,67589
1347,67634
384050,67634
765546,67634
1058,67645
1186,67645
68552,67645
1077,67659
1796,67659
80,67699
197,67699
1839,67699
492734,67699
698413,67699
919924,67699
1330,67710
946179,67710
489,67713
360081,67713
913993,67713
52,67719
2094,67719
277,67738
453,67738
1136,67756
6956,67756
693420,67756
726492,67756
1258,67763
1283,67763
164540,67763
314,67773
578,67773
56,67774
765546,67774
57,67791
1816,67791
163,67800
1265,67800
1007,67801
642198,67801
140,67804
882853,67804
1919,67805
413559,67805
298,67817
1001,67817
1967,67817
35057,67838
59946,67838
73435,67838
73675,67838
1699,67870
1727,67870
603,67881
991,67881
366,67900
1077,67900
308,67914
86706,67914
275213,67914
1884,67919
880521,67919
44,67921
164540,67921
1648,67927
628017,67927
237244,67958
896557,67958
1666,67975
1859,67975
164,67976
605923,67976
163,67980
364455,67980
1500,67989
641939,67989
1117,67991
516800,67991
1796,68005
614677,68005
467,68011
748270,68011
303,68022
1417,68022
52,68026
366,68026
177228,68173
402032,68173
1036,68207
273178,68207
2769,68226
181305,68226
493,68240
5236,68240
28647,68240
720890,68240
1537,68274
638395,68274
1016,68309
1347,68309
1627,68317
226947,68317
443,68326
1902,68326
897,68332
1693,68332
602,68334
1967,68334
336,68337
385757,68337
642198,68337
1007,68347
1725,68347
643105,68356
752751,68356
432,68384
947,68384
1434,68384
1765,68384
1522,68408
614916,68408
1648,68413
86706,68413
1136,68421
1975,68421
489,68424
1088,68424
1765,68429
693420,68429
693443,68429
928061,68429
5019,68435
39435,68435
2769,68441
598971,68441
273,68452
1185,68452
608,68473
685,68473
885,68473
1074,68473
52,68488
1657,68488
846,68498
2096,68498
489,68505
1088,68505
947,68509
1136,68509
80,68521
578,68521
95,68555
698,68555
489837,68555
404,68562
661,68562
580565,68571
614677,68571
313,68575
5078,68575
163748,68575
6893,68576
628017,68576
1058,68577
1088,68577
2096,68577
385,68615
1537,68615
79,68617
608,68617
643,68617
80,68637
1684,68637
648920,68640
906627,68640
8,68646
199,68646
473,68646
1001,68646
380,68661
35866,68661
39435,68661
731772,68661
577,68663
67785,68663
693420,68663
765546,68663
1215,68669
277975,68669
977,68674
1811,68674
79,68675
308,68675
1301,68687
1732,68687
75588,68687
1321,68694
2769,68694
121091,68694
442332,68694
142,68699
752751,68699
1265,68702
1699,68702
271,68711
336,68711
626728,68711
489,68713
1088,68713
602,68718
1719,68718
500038,68718
761190,68718
28674,68726
71824,68726
489,68727
1088,68727
587,68742
1036,68742
587,68763
1117,68763
142,68768
380,68768
768334,68768
991,68774
6893,68774
35866,68789
614916,68789
197,68805
995,68805
1136,68805
732783,68805
57,68806
728,68806
961,68850
1749,68850
1699,68863
813961,68863
52,68868
366,68868
1777,68873
103722,68873
2145,68883
2769,68883
469,68903
1115,68903
47,68909
564,68909
28674,68909
469,68912
580565,68912
32,68920
145284,68920
314,68931
1821,68931
385,68962
347656,68962
47,68970
1137,68970
1137,68984
752751,68984
140,68990
149,68990
367,68991
603402,68991
80,68994
291512,68994
648920,68994
737,68997
5078,68997
934113,68997
8,69007
28674,69007
489,69024
1088,69024
621,69031
283499,69031
1884,69035
880521,69035
52,69079
1381,69079
527,69080
993,69080
625167,69080
656183,69080
640,69084
690,69084
95,69097
473,69097
731634,69097
578,69098
1839,69098
56,69103
1510,69103
947,69112
813755,69112
308,69113
432,69113
999,69113
1859,69113
432,69121
651,69121
1201,69131
867694,69131
640,69158
400464,69158
336,69159
1699,69159
1970,69212
421543,69212
439344,69212
628017,69212
728,69220
243175,69220
545,69225
878302,69225
80,69229
121091,69229
1699,69248
626259,69248
32,69278
981,69278
590796,69278
500038,69280
733929,69280
1001,69282
1967,69282
489837,69282
427894,69291
647970,69291
1807,69303
934902,69303
302,69307
516972,69307
92639,69318
108470,69318
1058,69341
1088,69341
1258,69371
1358,69371
1684,69371
978,69385
552863,69385
628233,69385
640289,69385
257,69386
1100,69386
404,69398
598971,69398
1283,69404
1749,69404
906627,69414
934902,69414
44,69436
1117,69436
1500,69457
593844,69457
885203,69457
493,69483
1673,69483
248983,69483
364455,69483
5078,69487
950867,69487
587,69489
1406,69489
1404,69495
550318,69495
641939,69495
1847,69496
2078,69496
53,69515
1449,69515
1016,69524
1347,69524
843,69528
1727,69528
1036,69530
1657,69530
291512,69676
614677,69676
731772,69676
790272,69676
1648,69678
864892,69678
661,69688
867588,69688
640,69762
651,69762
643105,69762
134,69765
306696,69765
1394,69805
1657,69805
769,69808
1434,69808
1719,69808
186469,69824
493271,69824
506405,69841
551908,69841
621,69866
1458,69866
1001,69883
908919,69883
239816,69912
734000,69912
1800,69923
614916,69923
728,69960
626259,69960
1458,69976
643105,69976
516215,69979
734000,69979
164,69987
1186,69987
404,69988
2081,69988
2145,69988
1233,69989
2078,69989
86706,70022
752751,70022
308,70030
1018,70030
273178,70040
868479,70040
995,70047
1884,70047
1902,70068
880521,70068
53,70077
1967,70077
430151,70077
444198,70077
846,70078
1088,70078
268,70083
1702,70083
35866,70102
283499,70102
467,70157
456124,70157
926235,70157
336,70158
765546,70158
569000,70162
580565,70162
65320,70164
385757,70164
656183,70164
859384,70164
587,70170
1648,70170
1018,70174
1277,70174
1850,70183
919924,70183
913,70238
162361,70238
640344,70238
991,70263
430151,70263
454,70267
1967,70267
643105,70267
380,70284
661,70284
642198,70284
313,70287
885,70287
280242,70287
674781,70287
1330,70289
28674,70289
197,70290
1642,70290
336,70291
1007,70291
527,70292
1136,70292
1283,70292
1522,70294
291512,70294
720890,70294
313,70332
1768,70332
934113,70332
1285,70334
1330,70334
1421,70337
880521,70337
56,70351
28674,70351
761212,70351
142,70355
1358,70355
752751,70355
134,70379
172,70379
308,70438
1262,70438
590796,70438
385757,70446
809671,70446
302,70460
181305,70460
125,70468
846,70468
2145,70468
580357,70468
1159,70472
1588,70472
1258,70481
385757,70481
940971,70481
961,70509
65320,70509
1404,70510
641939,70510
336,70518
1434,70518
722,70524
768,70524
626259,70552
926235,70552
947,70578
1626,70578
1727,70599
516800,70599
728,70600
813961,70600
698,70605
947,70605
978,70616
385757,70616
581277,70616
940971,70616
52,70625
734000,70625
489,70634
1088,70634
493,70640
123680,70640
318527,70640
374348,70640
199,70643
432,70643
1702,70672
516215,70672
608,70680
1007,70680
752636,70680
764134,70680
1164,70698
452288,70698
95,70707
473,70707
621,70716
283499,70716
1917,70721
4365,70721
661,70731
381606,70731
56,70735
602,70735
1164,70735
1727,70735
869,70739
761212,70739
302,70794
1049,70794
641939,70794
643105,70794
649,70819
1719,70819
413559,70819
239816,70827
320760,70827
1657,70835
413559,70835
602,70903
226947,70903
608,70915
885,70915
5019,70915
47223,70916
103722,70916
5078,70919
28647,70919
1821,70928
1975,70928
25309,70928
977,70945
500038,70945
546755,70945
125,70948
1648,70948
52,70960
366,70960
298,71080
1301,71080
2145,71080
1321,71089
226947,71089
32,71110
947,71110
1421,71110
995,71115
1434,71115
6702,71133
273178,71133
1560,71154
275213,71154
377,71155
1642,71155
643,71162
1018,71162
587,71196
402032,71196
226583,71211
606688,71211
638,71216
643,71216
1158,71222
452288,71222
768334,71222
323,71229
587,71229
720890,71229
1424,71233
198072,71233
1821,71258
552863,71258
1285,71259
86706,71259
307255,71259
869,71260
1788,71260
1285,71269
1719,71269
919924,71269
1258,71288
790272,71288
1228,71292
492342,71292
1007,71312
915382,71312
197,71315
1159,71315
1379,71315
469,71334
385320,71334
893,71338
1765,71338
643105,71338
685,71358
934902,71358
432,71360
2078,71360
307255,71360
1800,71369
1967,71369
4365,71369
961,71370
1347,71370
102744,71379
554830,71379
1458,71385
1732,71385
489,71391
1058,71391
1330,71398
404455,71398
314,71402
306696,71402
444198,71402
1228,71424
1265,71424
1056,71438
98733,71438
572897,71438
706298,71438
32,71455
1421,71455
1638,71459
813961,71459
176,71483
88083,71483
1424,71508
198072,71508
1088,71519
1190,71519
108470,71519
809184,71519
273,71521
1001,71521
842794,71521
215,71524
493,71524
527,71524
306696,71524
649,71532
1001,71532
1381,71532
254,71550
320760,71550
164,71554
443,71554
1358,71554
134,71562
199,71562
380,71562
473,71562
1537,71566
226947,71566
2078,71575
5078,71575
452288,71575
602,71577
947,71577
1136,71577
1201,71577
331,71583
1938,71583
503627,71594
693420,71594
995,71598
138770,71598
1684,71599
598971,71599
88083,71648
320760,71648
336,71663
28674,71663
1186,71677
2096,71677
493271,71677
813961,71677
164,71706
1321,71706
1725,71706
376101,71706
163,71746
674781,71746
457,71760
1831,71760
722,71762
720890,71762
230,71772
1857,71772
101,71777
539976,71777
567899,71777
614963,71777
578,71780
977,71780
1100,71780
413559,71798
580357,71798
731772,71806
933361,71806
44,71838
164540,71838
940971,71838
92,71853
416,71853
1037,71853
1385,71853
2769,71864
144045,71864
1673,71867
6800,71867
2,71877
6,71877
125,71877
1215,71877
1768,71880
626259,71880
577,71902
684521,71902
733051,71902
733929,71902
1648,71910
275213,71910
685,71935
1703,71935
5078,71942
484399,71942
543547,71956
631877,71956
380,71960
947,71960
226583,71991
400998,71991
860233,71991
728,72007
707728,72007
237244,72025
784884,72025
493,72034
843,72034
757256,72034
933361,72034
728,72036
275213,72036
661,72107
722,72107
1285,72107
626259,72123
642198,72123
377,72130
516800,72130
552474,72130
761190,72130
428086,72189
823592,72189
1884,72206
761212,72206
443,72226
40472,72226
385757,72228
500038,72228
782978,72228
527,72251
1185,72251
1727,72251
267,72253
1725,72253
1719,72267
246004,72267
1018,72274
1167,72274
79,72281
1657,72281
142,72288
313,72288
507212,72288
52,72305
366,72305
56,72308
1159,72308
47,72364
846,72364
367,72368
598971,72368
493341,72386
733929,72386
961,72403
1283,72403
643105,72403
1285,72405
2145,72405
393,72417
1687,72417
698,72431
1404,72431
1967,72431
432,72435
880521,72435
1228,72594
452288,72594
580565,72594
643105,72594
947,72600
1725,72600
98733,72600
926919,72600
698,72608
1123,72608
1404,72608
164540,72653
461455,72653
608,72665
1404,72665
1732,72665
298,72705
336,72705
432,72705
846,72705
1821,72705
4365,72725
35866,72725
467,72730
1673,72730
277,72732
2096,72732
314,72735
1077,72735
314,72737
380,72737
1642,72737
427,72747
4365,72747
230,72761
1262,72761
1330,72785
626259,72785
277,72812
2145,72812
5078,72812
728,72837
1884,72837
661,72848
947,72848
40472,72848
580565,72848
582,72855
898634,72855
230,72856
1016,72856
1862,72856
587,72867
1058,72867
40586,72867
308,72869
638,72869
489,72876
2096,72876
1347,72877
1727,72877
1859,72877
249,72883
71345,72883
322339,72886
524747,72886
1376,72887
144045,72887
320760,72887
759685,72893
846308,72893
904303,72893
56,72912
358069,72912
142,72926
1421,72926
587,72951
1537,72951
53,72973
1648,72973
1136,73001
144045,73001
197,73008
330,73008
1588,73011
75671,73011
79,73012
1657,73012
564,73014
1648,73014
1884,73014
1001,73026
1522,73026
1725,73026
2081,73029
867694,73029
122,73039
493,73039
527,73039
457,73042
1088,73042
1058,73069
1588,73069
418877,73074
570026,73074
606688,73074
215,73075
602,73075
314,73092
336,73092
1510,73092
313,73096
587,73096
1100,73096
1768,73103
2145,73103
1406,73107
444198,73107
843,73113
40472,73113
1421,73131
885203,73131
366,73133
608,73133
934902,73133
869,73158
4051,73158
1768,73169
2769,73169
377,73172
1021,73172
1364,73172
18,73190
1313,73190
377,73195
1702,73195
1727,73195
308882,73195
1832,73213
590796,73213
380,73240
1001,73240
5019,73240
384050,73240
489,73241
1228,73241
1699,73241
306,73244
278752,73244
864892,73244
1560,73278
880521,73278
1627,73282
25309,73282
2032,73298
823592,73298
95,73312
473,73312
432,73317
608,73317
507212,73317
578,73335
1850,73335
125,73341
323,73341
1626,73341
6762,73341
1703,73345
626728,73345
65320,73399
505249,73399
804482,73426
895417,73426
947,73440
1018,73440
1167,73440
432,73453
950867,73453
818,73458
700869,73458
1831,73480
376101,73480
197,73486
1221,73486
77720,73486
603,73501
1265,73501
731772,73501
1207,73507
307255,73507
81,73526
323,73526
18,73559
1136,73559
5019,73559
821082,73559
47,73590
52,73590
1228,73600
643105,73600
842794,73600
313,73605
1832,73605
452288,73615
642198,73615
765546,73615
467,73624
560,73624
215,73629
347,73629
960,73629
323,73634
413559,73634
277,73637
564,73637
532,73639
869,73639
1657,73639
1186,73646
1719,73646
1626,73660
1703,73660
366,73663
598971,73663
731634,73663
1702,73698
75588,73698
104935,73698
809671,73698
1136,73722
507212,73722
699425,73722
790272,73722
366027,73733
413559,73733
302,73739
1626,73739
492342,73739
910737,73739
621,73760
781,73760
283499,73760
116294,73765
191504,73765
860233,73765
527,73766
122675,73766
164880,73767
353448,73767
602,73802
1159,73802
1884,73802
731772,73802
268,73812
1657,73812
2032,73812
728,73858
1638,73858
608,73878
138770,73878
715274,73878
886725,73878
323,73901
1627,73901
125,73906
298,73906
1379,73906
1417,73906
53,73918
1417,73918
248983,73918
1445,74083
768334,74083
134,74084
367,74084
761212,74084
249,74112
493,74112
991,74112
163,74119
602,74119
1340,74173
1821,74173
253020,74173
640344,74173
254,74184
367,74184
330,74205
41281,74205
469,74207
1850,74207
404,74225
1807,74225
1016,74235
1074,74235
227039,74235
56,74254
172,74254
947,74258
1657,74258
580565,74258
237,74285
651,74285
1388,74285
1453,74285
47,74292
640,74292
1321,74292
1740,74292
1560,74332
2094,74332
1036,74360
868479,74360
469,74381
614916,74381
803785,74381
930443,74381
587,74409
1347,74409
52,74423
302,74423
427,74437
643105,74437
443,74441
1719,74441
256,74452
323,74452
380,74452
661,74452
149,74459
1321,74459
280242,74459
626728,74459
145284,74466
914113,74466
324,74475
1522,74475
2663,74475
142,74483
226947,74483
947,74512
1136,74512
1137,74512
364455,74512
1100,74559
1228,74559
384050,74559
981,74562
999,74562
1049,74562
307255,74562
608,74564
1381,74564
715274,74564
387,74589
107281,74589
671721,74589
471,74597
123680,74597
765546,74597
799,74599
461455,74599
545,74603
187998,74603
323,74608
473,74608
1001,74608
1285,74608
1158,74611
1201,74611
2018,74611
71824,74611
473,74659
595,74659
649,74659
1285,74659
336,74695
1703,74695
1831,74695
169,74706
178633,74706
256545,74706
590796,74706
74125,74740
626259,74740
1025,74749
1262,74749
313,74751
1301,74751
1448,74751
587,74769
1088,74769
32,74776
336,74776
1347,74776
53,74777
134,74777
603402,74777
271,74798
385,74798
29,74802
843,74802
149,74806
640,74806
256,74812
1975,74812
430151,74812
603402,74826
705072,74826
454,74836
860233,74836
626259,74843
734000,74843
309,74851
1800,74851
163748,74851
163,74860
1137,74860
1702,74860
1522,74885
4365,74885
32,74899
336,74899
1229,74899
393,74901
885,74901
8,74906
197,74906
1642,74906
516049,74906
79,74923
172,74923
307255,74923
27,74937
393,74937
107281,74937
380,74958
1159,74958
608,74964
1417,74964
641939,74964
57,74968
461455,74968
569000,74968
991,74991
1475,74991
476609,74991
731772,74991
913,74995
640344,74995
1777,75013
226947,75013
813961,75013
215,75014
977,75014
722,75019
961,75019
142,75029
516800,75029
587,75043
28674,75043
102744,75089
554830,75089
543547,75091
904303,75091
631877,75094
904303,75094
1321,75132
507212,75132
524747,75132
814216,75132
302,75140
685,75140
1727,75140
469,75145
1283,75145
1807,75145
125,75147
1321,75147
1727,75147
230,75148
1735,75148
1657,75188
1847,75188
910737,75188
273,75194
380,75194
603,75194
308,75212
731772,75212
2,75213
71,75213
366,75215
404091,75215
698,75223
1049,75223
961,75235
1265,75235
5019,75235
940971,75235
33612,75238
464945,75238
512651,75238
929489,75238
302,75263
314,75263
1703,75263
997,75265
1434,75265
216,75268
313,75268
398,75268
35866,75268
469,75294
991,75294
1727,75294
1967,75294
492342,75307
923366,75307
134,75314
149,75314
1732,75314
303,75334
489,75334
1186,75334
1847,75334
454,75345
1777,75345
694470,75345
117412,75350
606688,75350
57885,75357
270685,75357
381606,75357
698413,75357
32,75359
977,75359
367,75364
1560,75364
595,75393
1434,75393
1613,75393
1821,75393
1159,75406
910737,75406
1768,75409
674781,75409
651,75612
1167,75612
275213,75614
642198,75614
532,75627
1626,75627
278752,75627
303,75640
1831,75640
885,75654
798534,75654
454,75675
4486,75675
53,75677
226947,75677
47,75681
1379,75681
6893,75681
366,75682
2094,75682
95,75686
473,75686
1406,75686
731634,75686
131811,75716
402730,75716
1137,75718
355097,75718
156,75744
1334,75744
1699,75745
611707,75745
1091,75753
320808,75753
1025,75763
6956,75763
1136,75765
1727,75765
199,75774
243175,75774
125,75784
323,75784
641939,75784
57,75807
149,75807
981,75809
35866,75809
516049,75809
149,75815
366,75815
1164,75845
1283,75845
52,75848
367,75848
280242,75848
377,75860
414,75860
227039,75860
577,75909
1821,75909
761212,75909
934902,75909
1025,75921
131974,75921
516800,75921
302,75925
560,75925
1727,75925
6800,75930
516215,75930
706298,75930
457,75944
661,75944
376101,75944
705072,75944
298,75950
432,75950
1847,75950
172,75968
1018,75968
1215,75968
2081,75968
1164,75993
246004,75993
278752,75995
687506,75995
1221,76009
1884,76009
273,76029
306696,76029
350,76033
1334,76033
1411,76033
454,76038
4647,76038
149,76054
364455,76054
404,76059
1719,76059
142,76070
385757,76070
516800,76070
47,76085
52,76085
6893,76085
1321,76091
6893,76091
587,76092
516215,76092
1859,76099
1884,76099
1379,76102
2058,76102
427,76106
977,76106
885,76107
580565,76107
374,76113
2769,76113
163748,76123
569226,76123
427894,76137
461455,76137
148,76138
398,76138
1857,76138
1404,76141
1458,76141
98733,76144
400998,76144
570026,76144
852437,76144
1262,76145
934902,76145
1186,76161
1545,76161
177228,76161
599,76172
308882,76172
366,76175
432,76175
1884,76175
44,76210
324,76210
1589,76221
593803,76221
268,76234
278752,76234
429,76239
1019,76239
404,76245
603,76245
1673,76245
1703,76245
631877,76276
904303,76276
268,76297
1811,76297
5499,76301
138770,76301
733929,76301
754807,76308
904303,76308
4486,76316
926919,76316
432,76325
1016,76325
67497,76326
159629,76326
152,76327
473,76327
1839,76327
40472,76327
52,76400
74125,76400
149,76401
320808,76401
946179,76401
809,76406
882,76406
768334,76409
940971,76409
1458,76416
1811,76416
6800,76440
413559,76440
580479,76440
656183,76440
135,76489
414,76489
587,76489
122675,76489
913,76500
1578,76500
1321,76504
1648,76504
215,76507
885203,76507
469,76543
1627,76543
1058,76554
687847,76554
1588,76561
1768,76561
1207,76567
662981,76567
24,76574
995,76574
1831,76574
216,76578
2073,76578
1657,76598
706298,76598
1247,76618
283499,76618
627878,76618
656183,76618
1358,76630
303981,76630
961,76636
1719,76636
1847,76636
169,76637
1137,76637
1016,76686
880521,76686
818,76696
6762,76696
1277,76697
1777,76697
724,76704
1088,76704
323,76715
1732,76715
307255,76721
308161,76721
516049,76721
56,76723
1510,76723
648920,76723
554,76725
643105,76725
398,76729
608,76729
377947,76729
715274,76729
256,76733
995,76733
1091,76733
1221,76733
163748,76733
442,76734
2081,76734
469103,76734
2081,76755
5078,76755
376101,76755
27,76759
148,76759
402,76759
434,76759
489,76760
1816,76760
92,76770
657353,76770
1026,76776
1233,76776
788829,76776
154,76780
418877,76780
18399,76782
914113,76782
846,76788
857177,76788
913993,76788
330,76789
1832,76789
14977,76789
314,76804
587,76804
1379,76809
1859,76809
5019,76809
1185,76815
1301,76815
179782,76815
1642,76818
714590,76818
715191,76818
925618,76818
994,76832
1265,76832
1657,76832
511,76843
643,76843
843,76843
44,76845
1847,76845
1975,76845
991,76847
1001,76847
404091,76847
1648,76851
1811,76851
1088,76853
1537,76853
999,76890
1381,76890
1158,76909
1588,76909
2058,76909
172,76910
1018,76910
1036,76910
314,76915
1571,76915
1069,76920
2058,76920
698,76933
1123,76933
1406,76933
1201,77189
1233,77189
169,77228
380,77228
1684,77228
377,77233
769,77233
1475,77233
53,77234
163748,77234
997,77235
1091,77235
1411,77235
1821,77235
172,77248
893,77248
47,77272
1421,77272
1884,77272
393,77275
1967,77275
307255,77275
643105,77275
257,77289
323,77289
404,77289
1749,77289
981,77294
1285,77294
1832,77294
882853,77294
489,77296
642198,77296
765546,77296
527,77303
358069,77303
303,77304
2081,77304
320760,77308
734000,77308
268,77321
393,77321
107281,77321
367,77324
894608,77324
256,77327
643105,77327
1657,77341
413559,77341
140,77355
991,77355
1800,77355
404,77360
1001,77360
1673,77360
342732,77360
404,77362
685,77362
1136,77362
308,77369
1434,77369
532298,77369
434,77372
1633,77372
733929,77372
52,77373
176,77373
79,77381
308,77381
1657,77381
152,77405
724,77405
1731,77405
1201,77413
1811,77413
134,77416
686,77416
1698,77416
1283,77428
6893,77428
256,77450
731772,77450
52,77459
1811,77459
995,77473
580479,77473
254,77474
1136,77474
641939,77474
398,77504
608,77504
1123,77504
1510,77504
142,77523
350,77523
507212,77523
516800,77523
169,77530
374,77530
1159,77530
41281,77530
230,77531
1768,77531
1967,77531
227039,77531
179782,77534
365248,77534
636811,77534
724784,77534
298,77548
875951,77548
148,77572
1727,77572
2081,77572
626259,77572
336,77575
432,77575
331,77578
443,77578
580565,77578
18,77588
1164,77588
811202,77588
52,77611
1560,77611
563039,77613
908919,77613
1026,77614
768334,77614
248983,77620
550318,77620
4,77621
197,77621
502,77621
5460,77621
32,77629
885,77629
1016,77629
5078,77629
237,77631
330,77631
302,77636
1902,77636
885203,77636
130,77651
587,77651
1807,77669
934902,77669
1228,77679
1726,77679
715274,77679
1069,77686
1088,77686
398,77696
608,77696
1417,77696
1821,77696
461455,77698
569000,77698
527,77699
138770,77699
413559,77699
6,77711
880521,77711
643,77716
913,77716
297,77728
947,77728
1726,77728
473,77742
2148,77742
341562,77742
656183,77742
164,77743
1626,77743
156,77745
661,77745
724,77745
1021,77745
2078,77756
516049,77756
752636,77756
447515,77758
667271,77758
803264,77758
954162,77758
1702,77766
308882,77766
358069,77766
556217,77766
29,77800
947,77800
215,77807
616,77807
1330,77807
2139,77807
58181,77856
504047,77856
131974,77872
662981,77872
244,77886
719,77886
65235,77886
164,77889
268,77889
580565,77889
1036,77893
280955,77893
1285,77917
720890,77917
4486,77924
88083,77924
1113,77928
5019,77928
439482,77932
838360,77932
237,77942
5499,77942
882,77943
275213,77943
999,77952
908919,77952
4,77975
261,77975
371824,77986
400998,77986
402730,77986
1560,78012
2094,78012
298,78024
641939,78024
321,78028
128460,78028
1588,78032
593844,78032
1857,78034
757256,78034
454,78038
587,78038
230,78056
800,78056
564,78105
587,78105
376101,78105
215,78111
222,78111
1018,78111
578,78150
1036,78150
273178,78156
596807,78156
257,78199
995,78199
608,78227
1049,78227
1434,78227
1796,78231
89408,78231
47,78256
52,78256
457,78259
869,78259
1285,78269
1626,78269
649,78278
228476,78278
947,78313
1902,78313
2145,78321
413559,78321
256545,78323
593844,78323
163,78326
622,78326
997,78326
1765,78326
1058,78333
864892,78333
8,78346
432,78346
1659,78346
452288,78346
323,78350
1684,78350
1847,78350
1186,78351
404455,78351
857177,78351
913993,78351
1346,78358
516049,78358
222,78400
1164,78400
869,78444
1049,78444
1045,78446
1507,78446
1510,78446
993,78481
233209,78481
302,78488
1719,78488
144045,78488
605923,78488
560,78490
1839,78490
1058,78522
569000,78522
366,78549
1594,78549
267,78721
1545,78721
4,78723
101,78723
1852,78723
163,78736
603,78736
244,78748
457,78748
643,78748
1021,78748
1448,78754
1702,78754
1018,78757
885203,78757
313,78765
885,78765
444198,78765
726200,78766
929609,78766
981,78767
1768,78767
452288,78767
345,78780
733427,78780
8,78788
380,78788
640,78788
2078,78788
1513,78790
461455,78790
550318,78790
489,78792
864892,78792
323,78801
1811,78801
1537,78806
614677,78806
811202,78806
1703,78812
1727,78812
489,78836
603,78836
661,78836
1847,78836
57363,78843
364915,78843
323,78856
398,78856
1699,78856
1967,78856
578,78869
1233,78869
1703,78869
98733,78869
152,78878
649,78878
516215,78878
598,78902
57363,78902
160550,78902
233209,78902
355097,78902
827663,78902
1657,78908
2058,78908
297,78919
1411,78919
626259,78925
687847,78925
1025,78928
160550,78928
640344,78928
1016,78943
1018,78943
1019,78943
1228,78943
685,78950
1159,78950
140,78966
404,78966
493,78966
103722,78966
489,78975
1016,78975
1522,78975
1859,78976
164540,78976
628017,78976
2769,78978
598971,78978
366,79003
734000,79003
125,79013
724,79013
1185,79013
577,79019
1313,79019
1976,79019
243175,79019
1759,79070
388161,79070
629841,79070
697253,79070
587,79073
1449,79073
625075,79073
24,79090
417370,79090
172,79094
640,79094
1832,79094
404,79100
602,79100
674781,79100
57,79117
1699,79117
1016,79137
35866,79137
882853,79137
132757,79138
768334,79138
47,79153
336,79153
1740,79153
908919,79153
347656,79168
642198,79168
48273,79176
152187,79176
148,79180
698,79180
1058,79191
1321,79191
1537,79191
122675,79219
138770,79219
587,79228
1816,79228
702818,79231
734000,79231
380,79239
1100,79239
1574,79239
125,79240
661,79240
1153,79240
916001,79240
2,79256
993,79256
1258,79256
413559,79256
350,79261
1698,79261
1852,79261
148,79268
1153,79268
1626,79268
1334,79278
2148,79278
573299,79278
726200,79278
18,79285
172,79285
18,79302
306696,79302
1115,79308
1123,79308
715274,79308
1201,79319
1673,79319
1884,79319
2145,79319
371824,79334
402730,79334
606688,79334
273,79336
393,79336
489,79362
587,79362
188,79367
1613,79367
554,79374
18399,79374
860233,79374
554,79383
504047,79383
222,79384
122675,79384
308882,79384
163,79417
658,79417
737,79417
1285,79428
1450,79428
1732,79428
1066,79429
1221,79429
552863,79429
1278,79437
1702,79437
505249,79437
546755,79437
947,79442
1321,79442
1445,79442
160550,79442
385,79450
1684,79450
92,79470
416,79470
1037,79470
1589,79470
178,79477
384050,79477
1719,79486
413559,79486
822972,79486
314,79488
1768,79488
154,79501
117412,79501
273,79504
1221,79504
1859,79504
674781,79504
641939,79510
761190,79510
1036,79517
273178,79517
661,79520
724,79520
5196,79520
464255,79520
95,79522
446,79522
473,79522
1987,79532
867588,79532
654,79542
227343,79542
297538,79542
538794,79542
81,79550
125,79550
1417,79550
1500,79550
5019,79576
163748,79576
101,79583
4852,79583
1626,79592
164540,79592
376101,79592
554,79596
1114,79596
400998,79596
1221,79613
1358,79613
587,79626
353448,79626
57,79630
430151,79630
813961,79630
864892,79630
1831,79631
541576,79631
398,79638
977,79638
385757,79638
500038,79638
1346,79639
164540,79639
364455,79639
560,79640
1164,79640
254,79641
4486,79641
4,79660
1018,79660
1735,79660
430151,79660
1334,79665
109175,79665
249,79668
1101,79668
1698,79668
1262,79672
1687,79672
369,79688
1759,79688
1703,79723
532298,79723
885,79757
164540,79757
800,79758
1735,79758
246004,79758
56,79770
2094,79770
308,79777
1321,79777
138770,79777
1376,79797
4486,79797
230,79817
1735,79817
541,79826
869,79826
1765,79826
2078,79826
599,79831
822972,79831
140,79832
769,79832
506405,79832
1406,79838
596807,79838
722,79843
1186,79843
1262,79843
898376,79843
882,79854
1376,79854
309,79867
1571,79867
376101,79867
28674,79874
145284,79874
257,79875
658,79875
1800,79875
364455,79875
116294,79917
117412,79917
176460,79917
861600,79917
254,79920
1376,79920
215,79931
812427,79931
559,79945
638,79945
1150,79945
1420,79945
298,79948
608,79948
1049,79948
1164,79948
1058,79966
1301,79966
138770,79966
80,79985
1510,79985
102522,79985
176,80009
278752,80009
493271,80009
176460,80016
681041,80016
154,80024
1453,80024
532,80025
1831,80025
5460,80025
302,80030
654,80030
1703,80030
1088,80039
1657,80039
538794,80069
784884,80069
18,80097
216,80097
268,80097
448,80100
1229,80100
1379,80100
1388,80103
648920,80103
442,80110
56763,80110
222,80116
1228,80116
39435,80116
261,80117
906261,80117
1664,80120
65235,80120
1164,80130
1406,80130
313,80139
578,80139
1379,80139
908919,80139
374,80140
1379,80140
1765,80140
794890,80140
152,80157
603,80157
1137,80157
2059,80157
577,80164
1321,80164
197714,80164
603402,80164
44,80180
1186,80180
860233,80310
914113,80310
402730,80311
606688,80311
675375,80311
404,80319
1056,80319
5499,80319
1332,80339
353546,80339
458,80360
837,80360
1974,80360
152,80365
1185,80365
1381,80365
142,80377
507212,80377
516800,80377
44,80388
215,80388
172,80408
622,80408
1186,80408
307316,80408
310,80412
336,80412
1725,80412
577,80421
1796,80421
1816,80421
768334,80421
313519,80431
768334,80431
58181,80432
376101,80432
329,80436
1207,80436
434,80437
1019,80437
1560,80439
147983,80439
222,80453
803,80453
4,80455
101,80455
1006,80455
314,80465
456124,80465
503627,80465
596,80469
200057,80469
142,80472
507212,80472
516800,80472
151,80474
602,80474
737,80474
314,80485
1673,80485
761212,80485
195,80487
331,80487
1098,80487
532,80491
545,80491
564,80491
149,80500
997,80500
164,80515
511,80515
1045,80520
1507,80520
254,80541
809,80541
1016,80545
98733,80545
131974,80545
642198,80545
394176,80546
860233,80546
169,80549
651,80549
1007,80550
86706,80550
503627,80550
377,80556
1388,80556
910737,80556
199,80569
261,80569
649,80569
185210,80569
1077,80603
1421,80603
541576,80603
732,80605
1821,80605
708784,80605
757854,80605
366,80610
367,80610
1185,80626
280242,80626
913,80627
1164,80627
1285,80630
384050,80630
297,80641
686,80641
578,80656
164540,80656
765546,80656
24,80678
164,80678
457,80678
843,80678
148,80684
402,80684
434,80684
1850,80684
4486,80691
530754,80691
123680,80711
160550,80711
201,80714
1285,80714
843,80724
1123,80724
1091,80732
5019,80732
991,80735
580565,80735
18,80736
640,80736
1684,80736
1404,80739
627878,80739
4365,80741
128360,80741
758,80745
1884,80745
429207,80745
867694,80745
105,80749
130,80749
997,80750
1578,80750
8,80754
24,80754
399590,80785
450116,80785
1816,80836
569000,80836
560,80854
651,80854
1334,80854
788829,80854
457,80855
686,80855
1434,80855
1832,80855
1458,80861
6893,80861
271,80863
615,80863
350,80872
1321,80872
1626,80872
299,80880
1091,80880
711014,80880
729766,80880
201,80881
1103,80881
1007,80888
1388,80888
527,80889
885,80889
1832,80889
413559,80889
1448,80895
4852,80895
277,80903
1394,80903
1251,80913
271165,80913
484361,80913
788829,80913
1967,80917
489837,80917
1556,80928
1698,80928
323,80934
1831,80934
140,80936
1049,80936
1301,80936
29460,80940
74847,80940
446619,80940
698413,80940
882,80950
2010,80950
366,80951
367,80951
638,80997
1358,80997
1233,81001
6893,81001
991,81031
1285,81031
306696,81031
81,81032
1719,81032
1657,81059
1768,81059
369,81060
800,81060
1531,81060
267,81063
527,81063
627878,81063
545,81070
1364,81070
293550,81070
598,81071
1016,81071
1018,81071
5078,81071
640,81073
1215,81073
367,81076
1376,81076
215,81080
336,81080
511,81080
1221,81083
1768,81083
273178,81124
545899,81124
732,81145
1550,81145
1592,81145
958406,81145
1673,81150
5460,81150
268,81157
1136,81157
419054,81157
1036,81163
1450,81163
172,81182
1765,81182
2769,81182
513375,81182
32,81187
1417,81187
336,81192
625075,81192
284,81207
369,81207
5078,81237
934113,81237
661,81246
1975,81246
331,81269
1725,81269
1800,81280
1974,81280
459,81283
661,81283
1546,81283
2139,81283
538794,81331
904303,81331
245,81353
1167,81353
233209,81353
443,81375
800,81375
107281,81375
882,81385
4486,81385
134,81398
582,81398
1550,81398
898634,81398
271,81400
1673,81400
430151,81400
782978,81400
995,81414
1731,81414
994,81421
1445,81421
1732,81421
1821,81421
467478,81435
695860,81435
57,81439
608,81439
1153,81439
1662,81445
226947,81445
568499,81445
906261,81445
57,81470
2145,81470
331,81480
443,81480
1301,81480
197,81505
1167,81505
273,81518
1404,81518
671721,81518
261,81528
1113,81528
1480,81528
608,81529
1123,81529
715274,81529
1626,81534
1659,81534
237244,81546
846308,81546
95,81554
1648,81554
56763,81554
138770,81558
642198,81558
950867,81558
698,81562
1851,81562
564,81568
1347,81568
307255,81568
432,81573
885,81573
1659,81573
452288,81573
197714,81578
688285,81578
256,81585
1832,81585
557281,81585
52,81616
2094,81616
130,81617
952,81617
1449,81625
5467,81625
640344,81625
92,81633
125,81633
1167,81633
1340,81633
176460,81645
400998,81645
178,81646
25309,81646
706298,81646
493,81656
913,81656
1765,81674
911542,81674
882,81686
487254,81686
1494,81695
114894,81695
162906,81695
500038,81695
237,81696
700,81696
1277,81696
1036,81729
761212,81729
56,81747
302,81747
1902,81747
195,81748
1967,81748
41281,81748
456124,81748
1545,81751
761190,81751
1852,81753
2059,81753
532683,81753
452288,81758
648920,81758
788829,81758
1664,81760
2145,81760
1445,81764
1588,81764
578,81809
662981,81809
596765,81820
720277,81820
56,81974
398,81974
837,81974
227039,81974
404,81978
995,81978
53,81989
674781,81989
432,82001
598,82001
2663,82001
1626,82005
1698,82005
384050,82005
256,82010
1162,82010
622544,82010
1016,82011
1347,82011
256,82017
628017,82017
24,82031
1545,82031
280242,82031
169,82042
398,82042
1418,82042
173125,82042
122609,82043
860233,82043
89882,82063
185635,82063
237,82085
1475,82085
458,82089
678,82089
1077,82089
1101,82089
493,82111
527,82111
80,82122
5078,82122
626728,82122
608,82136
1123,82136
44,82145
178,82145
1277,82145
1625,82145
598,82146
1480,82146
318527,82146
823592,82146
2027,82158
369814,82158
1045,82163
1507,82163
366,82173
367,82173
598971,82173
913,82175
1703,82175
1768,82175
273,82177
732,82177
993,82177
367,82183
1917,82183
1749,82186
2122,82186
216,82198
469,82198
1884,82198
324,82199
1657,82199
4,82200
1974,82200
307255,82200
323344,82200
313,82220
1334,82220
2059,82220
1376,82230
4486,82230
72768,82230
1221,82243
794890,82243
314,82250
306696,82250
769,82263
1285,82263
387192,82282
387235,82282
472654,82282
610699,82282
652615,82282
804482,82282
866623,82282
895417,82282
954162,82282
222,82329
614916,82329
1265,82332
626259,82332
1347,82334
798779,82334
308,82340
587,82340
621,82340
35866,82346
397212,82346
545,82348
526724,82348
489,82350
164273,82350
661,82351
625075,82351
244,82353
249,82353
458,82353
1626,82353
626259,82356
631877,82356
784884,82356
892157,82356
2,82362
299,82362
1258,82362
822972,82362
52,82364
2769,82364
554,82377
366027,82377
527,82382
1049,82382
400464,82382
56,82402
732,82402
799,82402
906261,82402
257,82405
993,82405
6800,82405
460,82416
658,82416
154,82432
394176,82432
449652,82432
497826,82432
903,82434
636694,82434
769,82440
1330,82440
1726,82440
5177,82440
362,82457
1103,82457
271,82476
1725,82476
641939,82476
1811,82478
226583,82478
579,82484
1044,82484
379464,82494
472654,82494
130,82495
587,82495
323,82497
546004,82497
568499,82497
569226,82497
107,82499
1821,82499
662981,82499
1346,82503
1773,82503
2111,82503
656183,82503
1019,82506
1633,82506
452288,82506
1613,82507
1642,82507
573299,82507
1381,82510
320808,82510
336,82516
981,82516
1123,82517
1404,82517
2138,82517
414,82525
381606,82525
1114,82526
400998,82526
273,82552
366866,82552
885,82558
1301,82558
5499,82558
1560,82562
147983,82562
1421,82592
501422,82592
2122,82619
98733,82619
185210,82619
888154,82619
178,82639
368,82639
232194,82639
502,82648
164273,82648
90,82671
728,82671
336,82677
1215,82677
1859,82680
88083,82680
154,82694
681041,82694
1970,82736
126569,82736
388744,82736
417370,82736
331,82763
1056,82763
1091,82763
5316,82763
654,82769
1088,82769
369033,82769
784773,82769
178,82799
163748,82799
726200,82799
4,82801
101,82801
1550,82801
457,82810
737,82810
434,82816
598,82816
1531,82816
230,82817
442,82817
1850,82817
44535,82848
894608,82848
263,82850
164880,82850
282408,82850
483767,82850
125,82869
1967,82869
797725,82869
827973,82869
350,82886
608,82886
233209,82886
188,82894
1613,82894
254,82933
554,82933
197,82934
1448,82934
503627,82934
295506,82947
376101,82947
380,82958
1852,82958
254,82964
1891,82964
577,82968
587,82968
690,82968
906261,82968
616,82969
651,82969
1731,82969
761836,82969
374,82970
1527,82970
738415,82970
148,82971
261,82971
293550,82971
473,82979
1346,82979
298,82992
302,82992
952,82992
782978,82992
130,83000
5078,83000
404,83006
1434,83006
2025,83006
86706,83041
364455,83041
947,83052
516215,83052
608,83064
1417,83064
1829,83064
2094,83064
686,83070
452288,83070
507212,83070
643,83079
995,83079
684521,83079
1074,83107
452288,83107
788829,83107
959,83111
1018,83111
911542,83111
24,83113
1153,83113
1449,83113
195,83131
1006,83131
643105,83131
223652,83160
442304,83160
1332,83163
1347,83163
1418,83163
138770,83163
459,83169
576,83169
1074,83169
1321,83170
492342,83170
641509,83170
615,83189
1262,83189
902,83190
1001,83190
1839,83190
661,83197
1858,83197
326,83201
7210,83201
541576,83201
254,83219
1381,83219
598971,83219
134,83232
380,83232
1164,83232
573299,83232
1613,83236
915382,83236
331,83254
402,83254
781,83254
536850,83254
882,83257
487254,83257
724,83266
1332,83266
230,83284
323,83284
144045,83286
320760,83286
320808,83287
513375,83287
461,83296
638,83296
640344,83324
696430,83324
377,83326
837,83326
1441,83326
1215,83336
2138,83336
893204,83336
554,83356
366027,83356
1313,83366
1381,83366
500038,83366
882853,83366
1186,83449
1589,83449
1749,83449
2145,83449
102522,83507
543547,83507
784884,83507
552,83511
560,83511
1578,83511
978,83530
994,83530
1332,83530
353546,83530
587,83542
1445,83542
1588,83542
1653,83560
128460,83560
222752,83560
703618,83560
993,83564
1215,83564
154,83591
554,83591
371824,83591
492342,83591
199,83598
1007,83598
1839,83598
228336,83598
617,83630
1800,83630
25309,83630
443,83641
608,83641
1788,83641
400464,83641
608,83642
1123,83642
1164,83642
1334,83643
565569,83643
57,83647
1749,83647
138770,83647
382819,83647
52,83648
297,83648
148,83658
442,83658
707,83658
469,83661
1207,83661
172,83678
197,83678
643105,83678
674781,83678
521,83686
933727,83686
1186,83693
1776,83693
358180,83693
687506,83693
532,83694
678648,83694
560,83717
700,83717
176,83722
532,83722
1334,83722
1578,83722
121865,83740
371824,83740
721,83743
6702,83743
333,83745
947,83745
6800,83745
105,83767
1358,83767
188,83798
1829,83798
582,83804
642522,83804
898634,83804
382819,83805
565569,83805
323,83806
1007,83806
1659,83806
2181,83813
6702,83813
596807,83813
511798,83832
596807,83832
102,83833
430,83833
620,83833
827663,83833
387,83843
160550,83843
122609,83860
449652,83860
822765,83860
871729,83860
106,83866
1075,83866
1794,83866
908914,83866
296,83869
1862,83869
1851,83885
233209,83885
554,83891
640,83891
1394,83891
414,83900
471,83900
789,83900
641906,83900
432,83906
442,83906
622,83906
1749,83908
1811,83908
90,83916
765546,83916
492,83929
576,83929
1662,83929
1680,83929
643,83936
526985,83936
765546,83936
1114,83941
1847,83941
142,83943
428086,83943
230,83944
1077,83944
1133,83944
125,83947
933727,83947
102,83962
4730,83962
162906,83962
1448,83967
1731,83967
3843,83978
5177,83978
5606,83978
43839,83978
106844,83978
152187,83978
24,83987
1426,83987
367,84019
734000,84019
201,84021
1028,84021
275213,84030
626259,84030
947,84033
857177,84033
599,84049
698,84049
1847,84049
1136,84052
1726,84052
627,84058
2103,84058
1114,84059
371824,84059
402730,84059
1265,84096
1902,84096
454,84099
1777,84099
268,84109
527,84109
582,84111
1049,84111
1848,84111
324,84112
800,84112
302,84132
1262,84132
767,84135
734000,84135
761212,84135
1884,84136
30153,84136
101,84156
1006,84156
1045,84156
1507,84156
882,84158
404091,84158
541,84173
1800,84173
906261,84173
577,84181
1884,84181
1245,84204
489577,84204
784884,84204
846308,84204
313,84210
398,84210
1001,84210
233209,84210
1117,84211
1265,84211
456124,84211
1952,84236
4365,84236
273,84237
313,84237
1201,84237
1450,84237
1009,84259
1278,84259
1346,84259
1513,84259
268,84268
685,84268
977,84273
1496,84273
800,84274
1560,84274
788829,84274
2122,84293
648920,84293
18,84296
1979,84296
960,84316
65235,84316
649,84318
640344,84318
95,84329
1201,84329
1207,84329
353546,84329
493,84335
651,84335
563039,84335
237244,84346
759685,84346
295506,84350
307681,84350
394176,84350
991,84351
1659,84351
92,84352
1037,84352
1385,84352
1589,84352
654,84356
72768,84356
275213,84356
596765,84356
32,84359
107,84359
541576,84359
474,84412
1480,84412
1857,84412
372958,84412
52,84423
172,84423
149,84431
799,84431
366866,84431
152,84434
700,84434
1418,84434
5162,84434
176,84445
414,84445
471,84445
2078,84445
613284,84473
720277,84473
457,84477
573299,84477
641939,84477
1368,84485
1558,84485
446,84489
1277,84489
803,84504
1531,84504
358186,84504
449652,84504
457,84509
1329,84509
71290,84509
92639,84509
1016,84556
163748,84556
809,84562
1409,84562
1113,84565
603402,84565
626259,84565
439344,84579
788829,84579
367,84589
882,84589
268,84590
869,84590
413559,84590
534,84591
2018,84591
230,84602
1735,84602
330,84625
489,84625
1016,84625
1123,84649
1394,84649
261,84675
473,84675
693,84675
1215,84675
444198,84684
798779,84684
178,84690
179224,84690
1545,84691
1546,84691
177,84707
658,84707
249,84714
261,84714
1228,84714
1574,84714
559,84726
638,84726
1150,84726
1420,84726
194136,84730
300621,84730
658,84732
1702,84732
1788,84732
435,84737
1251,84737
105,84745
936403,84745
125,84750
493271,84750
641509,84750
157,84756
1019,84756
1221,84761
671721,84761
794890,84761
215,84776
1687,84776
2094,84776
369,84783
672,84783
53,84784
640,84784
1136,84784
5078,84784
621,84787
202966,84787
163,84805
414,84805
1056,84805
1448,84805
57,84814
612321,84814
1016,84825
811202,84825
1321,84826
35932,84826
65235,84826
211380,84826
310,84827
313,84827
1831,84827
1376,84829
144045,84829
603402,84829
56,84855
1648,84855
267,84865
690,84865
1258,84865
1233,84867
4365,84867
109175,84867
65235,84887
568499,84887
245,84917
335,84917
1475,84917
2148,84917
125,84920
1066,84920
1684,84920
342732,84920
707,84938
571106,84938
129,85154
670,85154
2128,85159
163748,85159
431451,85159
731634,85159
275,85208
1759,85208
576,85210
763858,85210
613284,85212
720277,85212
2181,85220
596807,85220
1207,85224
1445,85224
460,85234
1426,85234
388092,85234
152,85236
323,85236
1364,85236
156,85244
297,85244
335,85244
458,85244
4365,85245
768334,85245
1759,85248
307255,85248
211,85254
2122,85254
573299,85254
1702,85255
163748,85255
643105,85255
827663,85255
81,85271
686,85271
1221,85271
731772,85271
152,85276
752636,85276
295506,85278
394176,85278
7082,85333
698764,85333
227039,85334
569000,85334
302,85346
507,85346
530,85346
731772,85346
367,85354
243175,85354
926,85375
248983,85375
1075,85380
1800,85380
5460,85380
57,85384
525921,85384
2058,85385
6893,85385
228476,85385
861771,85385
284,85387
1558,85387
301178,85387
1228,85396
25309,85396
706298,85396
459,85398
799,85398
1597,85398
643,85407
686,85407
724,85407
369567,85409
791502,85409
244,85412
331,85412
2138,85412
101,85450
381606,85450
1215,85461
2081,85461
582,85470
1098,85470
280242,85470
297,85475
1592,85475
491005,85475
102,85494
657,85494
172,85513
176,85513
221903,85526
404091,85526
636694,85549
803785,85549
532,85551
307255,85551
827663,85551
176,85568
388744,85568
1006,85603
506405,85603
458,85615
846,85615
1133,85615
123201,85622
688285,85622
733500,85622
1886,85627
4365,85627
109244,85627
552474,85627
447,85640
1967,85640
2078,85640
321,85642
1049,85642
946179,85642
1698,85688
126569,85688
489,85693
1088,85693
215,85701
309,85701
366,85701
599,85724
1418,85724
827973,85724
598,85750
1283,85750
323,85755
1265,85755
1277,85780
1638,85780
5212,85780
768,85811
428086,85811
1821,85823
2026,85823
1117,85846
347656,85846
44,85859
726200,85859
324,85862
1016,85862
1653,85866
20717,85866
1418,85867
698764,85867
129,85868
7082,85868
355097,85868
130,85871
164273,85871
27,85873
1527,85873
1545,85873
4724,85873
176,85878
367,85878
721,85878
1775,85880
720277,85880
107,85891
267,85891
447,85891
608,85891
430,85892
1787,85892
188,85894
678,85894
1831,85894
640,85895
1100,85895
376101,85895
818,85896
700869,85896
1657,85911
92639,85911
111,85919
661,85919
1673,85919
309,85933
1429,85933
2018,85933
757098,85933
92,85959
416,85959
1385,85959
1402,85959
414,85970
474,85970
43552,85970
462735,85970
169,85994
1574,85994
681041,85994
780485,85994
331,85995
350,85995
1642,85995
168042,85995
543547,86004
631877,86004
107,86006
125,86006
1884,86006
1970,86006
690,86011
803,86011
517515,86011
693,86036
197714,86036
275,86037
649,86037
442,86058
454,86058
457,86058
369,86066
664,86066
1367,86066
1494,86066
1424,86077
442304,86077
1979,86102
606688,86102
177,86112
1450,86112
596,86122
422234,86122
745,86130
5320,86130
121,86143
546,86143
578,86154
672,86154
5162,86154
1262,86165
1560,86165
622066,86172
873384,86172
273,86189
489,86189
402730,86189
148,86190
402,86190
434,86190
1850,86190
438,86197
598,86197
1277,86197
1731,86197
129,86200
360,86200
1592,86200
1545,86205
5460,86205
827973,86205
178,86216
369,86216
454,86216
620,86216
913,86220
385757,86220
222,86232
1976,86232
933727,86232
613284,86234
720277,86234
199,86250
201,86250
874,86250
58181,86285
418877,86285
449652,86285
504047,86285
333,86312
621,86312
658,86312
171754,86320
741378,86320
273178,86335
613284,86335
596,86336
1673,86336
2663,86336
1368,86346
546004,86346
1228,86349
1657,86349
915382,86349
446,86355
616,86355
4647,86355
731772,86355
140,86356
1358,86356
237,86361
722407,86361
1045,86366
1507,86366
414,86370
1500,86370
52,86372
1376,86372
1884,86373
233209,86373
546,86377
4979,86377
509033,86377
942646,86377
608,86379
885,86379
142,86383
226947,86383
385757,86383
516800,86383
1659,86393
452288,86393
245,86397
527,86397
715274,86397
685,86405
1077,86405
56763,86405
200,86409
941235,86409
3460388,86409
3467015,86409
1262,86410
1560,86410
541576,86422
930062,86422
380,86423
990,86423
2128,86423
197,86425
362,86425
511,86425
700,86425
737,86429
1137,86429
1902,86442
885203,86442
1075,86443
911542,86443
961,86445
492342,86445
885,86460
1332,86460
427,86461
598,86461
789976,86461
101,86465
552,86465
897,86465
1332,86476
452288,86476
131974,86478
307255,86478
237,86494
1164,86494
1657,86494
432,86508
664,86508
821041,86508
911542,86508
432,86510
438,86510
560,86510
1026,86510
115,86525
100889,86525
249,86541
1323,86541
1036,86542
2094,86542
5174,86560
751638,86560
111,86567
639,86567
1056,86567
24,86582
869,86582
1159,86582
1186,86582
460,86586
880521,86586
330,86593
2139,86593
625075,86593
154,86617
244,86617
1037,86618
1045,86618
1507,86618
1967,86618
1388,86619
1597,86619
308,86625
313519,86625
887695,86625
291610,86630
417582,86630
575811,86630
784884,86630
95,86637
1201,86637
545,86837
837,86837
1475,86837
1702,86837
1445,86847
30516,86847
156,86856
289,86856
693,86856
1475,86856
249,86859
313,86859
1829,86859
188,86873
5499,86873
724,86876
1162,86876
949744,86876
415,86877
1759,86877
894690,86877
935498,86877
719,86879
234541,86879
53,86884
995,86884
1851,86886
2018,86886
147,86904
391,86904
158,86927
342732,86927
662,86942
232194,86942
769154,86942
880521,86942
552,86955
1009,86955
1169,86955
1545,86955
552,86960
1662,86960
115,86969
546,86969
56310,86969
193,86973
323,86973
263,86978
98733,86978
165096,86978
202318,86978
445,86979
531,86979
1826,86979
315288,86979
603,86992
1659,86992
1788,86992
693317,86992
154,86993
164,86993
2081,86993
442,87001
587,87001
678,87001
959,87001
95,87003
1201,87003
56310,87003
141915,87004
249921,87004
608012,87004
708363,87004
215,87006
377,87006
1334,87015
827663,87015
545,87019
1487,87019
608,87032
1123,87032
1045,87042
1507,87042
159081,87042
234541,87042
157,87050
35866,87050
291463,87050
690,87054
872,87054
991,87054
1018,87054
142,87062
608,87062
737,87062
1404,87062
1056,87065
1794,87065
1162,87070
48273,87070
461,87073
1726,87073
1450,87075
1831,87075
152,87089
178,87089
2138,87089
1448,87091
1731,87091
164273,87091
1074,87092
1826,87092
576,87096
661,87096
578,87100
678,87100
1117,87100
402460,87100
397124,87166
500038,87166
598,87175
1626,87175
1884,87175
515,87182
768,87182
1492,87182
162361,87182
515,87197
1028,87197
1069,87197
1859,87198
1902,87198
314,87222
1207,87222
536850,87222
757854,87222
459,87231
576,87231
385757,87231
134,87233
172,87233
658,87233
1657,87237
1859,87237
297,87247
429,87247
1850,87247
872,87250
404091,87250
933727,87250
379464,87251
467478,87251
814162,87251
954162,87251
350,87260
1283,87260
1574,87260
827298,87260
106,87262
1418,87262
428086,87262
414,87263
433,87263
693,87263
171754,87263
369,87265
1185,87265
1434,87268
1800,87268
1852,87268
102,87277
1475,87277
1742,87277
1848,87277
366,87284
367,87284
521,87284
2181,87304
596807,87304
402,87313
843,87313
382819,87313
798779,87313
101,87332
195,87332
244,87332
130,87359
664,87359
1367,87359
453,87365
483,87365
510,87365
126,87374
494784,87374
284,87378
1137,87378
1164,87378
641906,87378
1740,87379
163748,87379
56,87386
289,87386
913,87386
1075,87397
301178,87397
541576,87397
149,87428
507,87428
977,87428
1378,87451
2026,87451
672,87464
1513,87464
2025,87464
439482,87464
837,87466
995,87466
1926,87466
148,87469
1009,87469
700869,87469
702841,87469
1879,87472
347656,87472
106,87482
1480,87482
641939,87482
910737,87482
473162,87495
814162,87495
447,87507
474,87507
822972,87507
1368,87513
131974,87513
1531,87525
648920,87525
223,87538
1494,87538
1552,87538
184392,87538
518,87553
1696,87553
1832,87553
633,87589
1364,87589
1381,87589
1698,87633
366509,87633
420955,87633
188,87635
1301,87635
412382,87635
1025,87644
1687,87644
103029,87648
263040,87648
666806,87648
935498,87648
53,87682
176,87682
1018,87682
1698,87682
336,87685
1321,87685
493,87688
1164,87688
1388,87718
1545,87718
612321,87718
432,87730
1794,87730
1800,87730
200,87746
313519,87746
568169,87746
908594,87746
245,87747
744,87747
154,87751
473,87751
546,87751
1346,87751
507835,87776
822765,87776
1285,87777
1768,87777
138770,87777
107,87781
335,87781
380,87781
602,87781
105,87788
1158,87788
387617,87788
508993,87788
5019,87796
369567,87796
136,87800
387,87800
768334,87800
457,87803
358180,87803
193,87810
1083,87810
302,87816
1215,87816
1379,87816
396812,87816
1409,87821
524528,87821
302,87826
1215,87826
396812,87826
122675,87835
366509,87835
798779,87835
134,87843
249,87843
1527,87843
1852,87843
661,87852
1159,87852
1626,87852
29,87864
1285,87864
1406,87864
507,87866
639,87866
1696,87866
5301,87866
176,87884
1765,87884
1777,87884
366,87885
483,87885
1114,87892
1919,87892
289038,87892
124,87909
587,87909
398,87921
438,87921
1496,87921
326,87928
430,87928
47265,87928
807571,87928
435,87932
616,87932
620,87932
656183,87932
98734,87942
347656,87942
568499,87956
906261,87956
115,87968
576,87968
1527,87968
439482,87968
195,87980
622,87980
1186,87980
382819,87980
371824,87981
449652,87981
435,87983
1644,87983
573299,87983
221,87985
664,87985
670,87985
1367,87985
321,87989
910040,87989
389,87995
1765,87995
381,88000
1019,88000
230,88001
500038,88001
90,88003
81547,88003
367,88004
882,88004
169,88006
588,88006
1133,88006
154,88007
651,88007
353,88008
1662,88008
497635,88008
894690,88008
140,88011
362,88011
678,88011
489,88019
131974,88019
778642,88019
263,88024
633,88024
5430,88024
722407,88024
655,88025
546765,88025
721,88027
1016,88027
934113,88027
149,88038
554,88038
648920,88038
933727,88038
24,88046
1332,88046
1826,88046
237244,88070
767628,88070
1069,88073
1406,88073
92,88076
1037,88076
2015,88076
95665,88076
166470,88076
177228,88076
232942,88076
961,88089
1537,88089
552474,88089
694470,88089
24,88111
2081,88111
878302,88111
1309,88128
1706,88128
4979,88146
128360,88146
262543,88146
738415,88146
1434,88153
1800,88153
227039,88153
158,88161
435,88161
1006,88161
506405,88161
320808,88167
487254,88167
559,88170
638,88170
1150,88170
1420,88170
1100,88171
1702,88171
1857,88171
402460,88171
261,88172
313,88172
335,88176
380,88176
1075,88185
794890,88185
173194,88192
330765,88192
402730,88192
861600,88192
178,88194
1496,88194
502425,88195
502442,88195
117412,88198
122609,88198
371824,88198
564,88206
644,88206
952,88206
1159,88206
655,88207
435218,88207
443,88213
621,88213
1441,88213
911542,88213
1258,88224
1367,88224
429250,88224
560,88242
1494,88242
1851,88242
2139,88242
157,88247
216,88247
299,88247
934902,88247
874,88256
315288,88256
930062,88256
1302,88258
571106,88258
74125,88271
176061,88271
142,88272
445,88272
991,88272
2055,88272
174,88286
1088,88286
460,88315
1560,88315
302,88322
1215,88322
176,88326
800,88326
1545,88326
443042,88355
449652,88355
829728,88355
926492,88355
1016,88379
39435,88379
587,88380
4365,88380
961,88392
89408,88392
655,88402
1606,88402
2059,88404
101005,88404
698,88414
1301,88414
104,88443
273178,88443
457,88679
721,88679
1696,88679
275,88680
1045,88680
1162,88680
404,88683
672,88683
843,88683
438,88689
1496,88689
502425,88701
705118,88701
492342,88705
593844,88705
126,88707
1044,88707
521,88714
1409,88714
404091,88714
322,88715
809,88715
220015,88716
320762,88716
1703,88746
2027,88746
275,88758
1659,88758
910737,88758
707,88760
1411,88760
150,88763
417,88763
502,88763
670,88763
273,88765
430,88765
353546,88765
1800,88781
4979,88781
550318,88781
842794,88781
530,88787
15952,88787
242177,88787
276207,88787
131,88794
1773,88794
35605,88807
200057,88807
325028,88807
668271,88807
1329,88814
54344,88814
428086,88814
792262,88814
599,88816
1018,88816
1847,88816
65235,88816
320808,88844
596807,88844
134,88846
596,88846
1340,88846
389,88847
555,88847
639,88847
317,88851
1776,88851
1891,88851
640,88857
580565,88857
627,88866
369814,88866
860233,88866
106,88889
249,88889
573299,88889
467,88892
89408,88892
140,88915
96608,88915
469,88925
1044,88925
7082,88925
347,88930
502,88930
1404,88930
107281,88930
616,88931
627,88931
371824,88931
449652,88931
1133,88933
2025,88933
438,88934
1884,88934
1976,88934
155,88939
418,88939
216,88944
445,88944
1044,88944
353,88945
336960,88945
215,88947
471,88947
1346,88947
412382,88947
104,88954
6702,88954
273178,88954
446,88960
515,88960
564,88960
1759,88960
1397,88967
489837,88967
1615,88968
1952,88968
2148,88979
131974,88979
571106,88979
391,88987
453,88987
1669,88987
314,89003
706298,89003
321,89009
627,89009
846,89009
1186,89009
1726,89015
1997,89015
187,89017
275,89017
1644,89017
596,89034
1696,89034
493341,89034
453,89052
1251,89052
52,89057
603090,89057
518,89079
625075,89079
598,89092
1283,89092
1397,89092
1133,89118
893204,89118
1745,89124
30153,89124
126,89126
555,89126
730168,89126
382819,89139
641939,89139
278752,89146
493271,89146
910607,89146
1381,89151
1832,89151
442,89153
492,89153
1979,89153
860233,89153
107,89160
1642,89160
1731,89160
1765,89160
302,89161
1638,89161
350,89199
1045,89199
1507,89199
1821,89199
1862,89199
5308,89199
50440,89199
660893,89199
933304,89199
217260,89207
687847,89207
90,89210
417370,89210
276,89218
397,89218
982,89218
545,89221
2018,89221
371342,89221
678648,89221
381,89222
6987,89222
176,89256
1426,89256
524,89264
530,89264
661,89264
1334,89264
185210,89269
788829,89269
2073,89271
74125,89271
489,89308
568499,89308
374,89331
3289,89331
400998,89336
404993,89336
24,89340
1207,89340
880521,89340
622,89343
997,89343
156,89346
201,89346
313,89360
335,89360
1075,89360
5162,89360
194115,89361
543547,89361
1626,89365
1749,89365
813961,89365
140,89370
362,89370
678,89370
249,89383
273,89383
765546,89383
131,89385
936403,89385
452288,89409
688285,89409
765546,89409
769154,89409
724,89411
732,89411
152,89420
481,89420
458,89424
471,89424
5246,89451
811202,89451
111,89457
201,89457
442,89457
129,89469
214,89469
347,89469
225,89470
644,89470
103071,89470
502,89471
908914,89471
547,89477
278752,89477
528,89489
277975,89489
278752,89489
380,89491
1970,89491
101005,89491
44,89496
1101,89496
452288,89496
872,89499
596807,89499
2181,89521
720277,89521
52,89529
493,89529
158,89543
1056,89543
1164,89543
1742,89543
151,89555
651,89555
1099,89555
333,89560
385,89560
655,89560
489,89561
674781,89561
335,89569
1597,89569
400464,89569
446,89572
621,89572
430151,89572
56763,89577
94789,89577
527,89628
1301,89628
306696,89628
398,89643
433,89643
1258,89643
450116,89643
1770,89652
7082,89652
331,89670
350,89670
652,89679
521753,89679
387,89686
750852,89686
237244,89687
759685,89687
4852,89715
233209,89715
90,89716
1970,89716
88083,89716
484727,89716
1648,89726
220015,89726
120,89730
1381,89730
1765,89731
5460,89731
59630,89731
384050,89731
602,89755
658,89755
1970,89755
457655,89755
809,89766
484727,89766
142,89767
811202,89767
1777,89770
168042,89770
2094,89772
56763,89772
130,89798
237,89798
554,89816
658,89816
1097,89816
367,89821
521,89821
430,89822
333701,89822
807571,89822
935498,89822
1186,89838
1589,89838
1749,89838
341743,89838
136,89839
1555,89839
197,89841
678,89841
5162,89841
329,89847
732,89847
732,89853
1099,89853
1201,89853
728,89876
674202,89876
230,89880
925,89880
1077,89880
174,89886
40472,89886
369,89888
402730,89888
696430,89901
911542,89901
347656,89907
439170,89907
103,89908
1453,89908
176,89913
199,89913
661,89913
687506,89913
230,89927
1735,89927
360,89941
616,89941
685,89941
297,89945
447,89945
47265,89945
1475,89961
1545,89961
580565,89961
947,89963
1421,89963
593,89981
1367,89981
521753,89981
908914,89981
1340,90003
792029,90003
108470,90006
308161,90006
366027,90006
731772,90006
433,90021
997,90021
1227,90021
126,90022
177,90022
418,90022
1277,90022
360,90036
1574,90036
1642,90036
368,90037
1852,90037
5316,90037
366,90055
880521,90055
101,90056
331,90056
199733,90056
829635,90056
193,90060
389,90060
507,90060
530,90060
427,90062
1164,90062
298,90073
608,90073
1164,90073
1719,90073
649,90094
546004,90094
254,90095
483,90095
1006,90098
1077,90098
1800,90098
131,90103
381,90103
1879,90103
438,90110
1448,90110
166359,90110
6702,90116
720277,90116
369,90130
432,90130
431451,90148
564724,90148
893204,90148
389,90151
1729,90151
587,90179
1777,90179
353,90180
676973,90180
2010,90193
144045,90193
156,90196
893,90196
1406,90196
1445,90199
439344,90199
851861,90199
587,90200
226947,90200
1334,90203
103071,90203
323344,90203
656183,90203
991,90209
1018,90209
1434,90209
1742,90209
652,90213
164273,90213
326,90217
459,90217
1426,90219
413559,90219
268,90223
432,90223
995,90223
1496,90223
925,90233
1186,90233
244,90235
367,90235
1599,90251
350079,90251
527002,90263
720277,90263
617,90264
686,90264
546,90270
1074,90270
1706,90270
158,90274
1006,90274
1156,90286
97842,90286
656183,90286
861771,90286
599,90293
1832,90293
218810,90293
323,90297
674781,90297
882853,90297
200,90305
1309,90305
453,90310
603,90310
1132,90310
5019,90311
179224,90311
715274,90311
545,90319
2138,90319
324,90323
1277,90323
2081,90323
148,90329
534,90329
1305,90329
1245,90360
543547,90360
631877,90374
767628,90374
784884,90374
904303,90374
651,90556
843,90556
284,90564
41281,90564
268,90567
1278,90567
1702,90567
275,90568
313,90568
164,90570
843,90570
1132,90570
193,90583
507,90583
902,90583
1610,90583
309,90585
289038,90585
244,90605
299,90605
1663,90605
1123,90633
1626,90633
212,90660
1006,90660
5162,90660
506405,90660
104,90668
315767,90668
524,90670
576,90670
686,90670
1606,90670
764450,90679
893941,90679
452,90693
2332,90693
800,90710
1706,90710
565569,90710
245,90713
621,90713
657353,90713
273,90727
350,90727
393,90727
1164,90727
326,90728
621,90728
157,90735
169,90735
1816,90735
454,90738
622,90738
700,90738
1409,90743
933727,90743
172,90748
357,90748
555,90753
639,90753
934902,90753
368,90756
454,90756
618,90756
1492,90756
1770,90767
563039,90767
827663,90767
115,90769
1626,90769
622544,90769
221,90770
1028,90770
1091,90770
1520,90770
1100,90774
1738,90774
711014,90782
789976,90782
1376,90784
580005,90784
293,90798
2077,90798
271,90818
1133,90818
100889,90818
458,90830
1453,90830
97842,90830
559144,90830
799,90840
41281,90840
435,90848
1664,90848
339304,90851
688285,90851
245,90856
564,90856
230,90859
763858,90859
56,90863
129,90863
1726,90863
172,90871
596807,90871
125148,90873
415435,90873
761212,90877
933727,90877
662,90882
688285,90882
817807,90882
891117,90882
473,90886
651,90886
1448,90886
1731,90886
1826,90887
342241,90887
908914,90887
415,90888
1494,90888
608012,90888
784171,90888
521,90933
320762,90933
289,90934
685,90934
1272,90934
1851,90934
377,90966
541,90966
560,90966
1815,90968
919559,90968
1531,90970
791502,90970
1416,90997
394012,90997
6230258,90997
1424,90998
842770,90998
1584,91008
497826,91008
5569,91024
751638,91024
997,91027
1025,91027
111,91042
214,91042
1101,91051
5177,91051
546765,91051
612321,91051
515,91053
1729,91053
169454,91053
689237,91053
758,91055
1283,91055
133,91064
156,91064
315288,91064
206,91065
824763,91065
554,91067
915989,91067
372,91068
593803,91068
596807,91092
889926,91092
1522,91123
1699,91123
452288,91123
606688,91128
914113,91128
552,91129
1097,91129
1470,91129
307316,91138
950867,91138
321,91142
1670,91142
1696,91142
211,91159
474,91159
244,91164
323,91164
323,91167
1201,91167
1347,91167
1848,91167
596,91178
698,91178
1123,91178
1662,91183
125190,91183
197,91188
658,91188
1099,91188
822972,91188
125,91203
317,91203
483,91203
366509,91203
442,91209
492,91209
1367,91209
218810,91209
432,91217
454,91217
1347,91217
209,91225
670,91225
236,91268
1285,91268
381606,91268
947,91276
961,91276
457,91282
160550,91282
367,91288
809,91288
220015,91288
598971,91288
155,91306
1406,91306
1101,91310
1441,91310
1546,91310
668372,91310
1114,91325
295506,91325
1494,91326
1552,91326
425944,91326
540330,91326
499223,91336
622544,91336
1768,91343
5301,91343
157,91344
450116,91344
124,91369
309,91369
1117,91370
67785,91370
144,91374
307,91374
435,91396
602,91396
700,91396
1133,91396
1245,91398
102522,91398
1706,91400
1855,91400
223,91415
654,91415
320808,91429
527002,91429
1726,91434
389581,91434
221,91445
433,91445
338061,91445
295506,91464
371824,91464
599,91468
226947,91468
517515,91468
1475,91472
171754,91472
260,91474
4051,91474
676973,91474
322,91480
809,91480
320762,91480
598971,91480
721,91498
1648,91498
1891,91498
389,91499
385757,91499
172,91508
1449,91508
430151,91508
149,91513
1475,91513
794890,91513
414,91524
502,91524
2018,91524
735467,91524
134,91530
460,91530
1644,91530
273178,91531
596807,91531
515,91534
1269,91534
1879,91534
90,91537
728,91537
323,91538
1364,91538
158,91541
1480,91541
822972,91541
745,91548
72768,91548
313,91554
404,91554
471,91554
148,91557
545,91557
314,91575
811202,91575
358,91578
6762,91578
381606,91579
429207,91579
469,91583
524,91583
575198,91583
656183,91583
362,91584
1404,91584
1458,91584
674231,91584
125,91605
225,91605
59946,91605
702818,91605
369,91613
1527,91613
522440,91613
656183,91613
107,91635
620,91635
926592,91635
107,91637
152,91637
1169,91637
469103,91637
275,91642
616,91642
1858,91642
112,91647
1153,91647
587,91651
1626,91651
211281,91651
1586,91652
730168,91652
158,91653
1185,91653
1693,91653
672,91668
1505,91668
1662,91668
395,91669
319739,91669
347656,91671
435218,91671
427,91677
1136,91677
131,91680
193,91680
643,91688
2059,91688
661,91712
1884,91712
344894,91712
946179,91712
115,91738
678,91738
382819,91738
1884,91744
626259,91744
221,91763
297,91763
353,91763
202966,91763
430,91777
333701,91777
807571,91777
935498,91777
152,91786
432,91786
1009,91786
1083,91790
1633,91790
1765,91790
578,91799
1194,91799
561809,91799
44535,91801
94789,91801
1794,91810
58181,91810
102,91814
415,91814
708784,91814
735467,91814
1664,91815
38695,91815
170901,91815
552474,91815
1735,91817
20309,91817
521753,91817
7082,91818
89408,91818
216,91828
791502,91828
910737,91828
206,91860
417,91860
1746,91860
736263,91860
307,91867
1186,91867
1696,91867
1749,91867
345,91875
874,91875
2138,91875
362,91877
541,91877
644,91877
1662,91877
768,91882
4486,91882
596807,91882
249,91886
902,91886
1698,91886
245,91920
444,91920
197714,91923
622544,91923
1458,91931
908914,91931
187,91934
576,91934
293550,91934
341743,91934
430,91949
639,91949
1770,91949
671721,91949
198,91954
371342,91954
402730,91964
681041,91964
415,91981
574,91981
1305,91981
430151,91981
429,91983
1099,91983
502229,91983
777230,91983
469,91991
1044,91991
1367,91991
343325,91991
593,91993
670,91993
1009,91993
146814,91998
315767,91998
502813,91998
596807,91998
397,92005
5278,92005
559,92007
638,92007
1150,92007
1420,92007
640,92010
278752,92010
460,92011
1394,92011
648,92022
1970,92022
596807,92022
664499,92022
737,92034
626259,92034
201,92035
257,92035
323,92035
1364,92035
434,92067
1458,92067
1593,92067
4735,92067
261,92070
1638,92070
721,92071
873384,92071
1862,92074
20354,92074
454,92076
608405,92076
930226,92076
267,92079
493,92079
5162,92079
982,92085
317293,92085
565029,92085
750852,92085
188,92086
331,92086
1737,92086
721,92093
2181,92093
129,92099
174,92099
209,92099
534,92099
474,92104
744,92104
619651,92104
717702,92104
18,92105
44,92105
1164,92105
80,92106
559,92106
821041,92106
211281,92111
626259,92111
422,92117
568499,92117
225,92122
581277,92122
218,92133
925,92133
1409,92138
585895,92138
56310,92147
679410,92147
750852,92147
649,92150
1820,92150
102522,92153
784884,92153
649,92165
1859,92165
427,92172
185210,92172
177,92173
651,92173
1245,92184
237244,92184
784884,92184
978,92195
419054,92195
501422,92195
851861,92195
1049,92204
189172,92204
301178,92204
363699,92204
1164,92205
104539,92205
619651,92205
704820,92205
24,92206
323,92206
289038,92206
369814,92206
1186,92210
1574,92210
735467,92210
791186,92210
443,92214
1436,92214
1477,92214
173,92220
1979,92220
675375,92220
863968,92220
666806,92222
948723,92222
193,92225
389,92225
643,92225
1021,92225
172,92226
362,92226
788829,92226
145,92240
221,92240
1024,92240
1642,92240
507,92272
664,92272
1269,92272
1615,92494
1788,92494
2025,92494
223,92513
710829,92513
42023,92516
552474,92516
622066,92516
718279,92516
232,92534
469,92534
349,92537
5015,92537
679410,92537
855613,92537
201,92546
275,92546
360,92559
1449,92559
1759,92559
6230258,92559
134,92563
620,92563
956,92563
1648,92563
476,92569
5320,92569
457,92580
622,92580
89882,92597
418877,92597
473,92605
1731,92605
261,92609
1018,92609
1194,92609
481,92618
620,92618
1159,92618
360,92626
1698,92626
430,92627
1376,92627
1527,92627
791502,92627
640,92632
1726,92632
5162,92632
189172,92632
1133,92637
933727,92637
249,92641
1133,92641
552,92644
1074,92644
1638,92644
1662,92644
156,92646
2018,92646
353546,92646
413559,92646
289,92654
422,92654
598,92654
885,92654
431451,92655
698764,92655
169,92656
178,92656
369,92656
1136,92656
173,92662
371824,92662
107,92666
246,92666
488662,92666
241,92675
123680,92675
1507,92690
520234,92690
735467,92690
827663,92690
456,92699
458,92699
698764,92699
155,92710
690,92710
1281,92710
47265,92710
584,92718
1131,92718
143836,92718
301381,92718
1552,92721
765546,92721
1698,92725
565569,92725
372,92732
1657,92732
53384,92732
1768,92733
859921,92733
429,92746
317293,92746
46559,92752
329060,92752
439739,92752
449652,92757
863968,92757
908914,92757
914113,92757
2008,92758
187042,92758
232,92767
1113,92767
44,92781
1262,92781
625075,92781
249,92783
690,92783
1164,92783
1505,92798
1797,92798
1952,92798
391,92800
1560,92800
1578,92802
1663,92802
1737,92802
177,92804
243,92804
199118,92809
399590,92809
1062,92812
1793,92812
551,92815
2128,92815
169454,92815
439482,92815
418877,92830
681041,92830
121,92834
322,92834
1397,92841
369567,92841
1522,92842
5460,92842
747962,92842
750916,92842
314,92857
752636,92857
336,92858
402730,92858
426,92890
664,92890
722407,92890
1453,92900
1902,92900
2181,92901
6702,92901
587,92921
641509,92921
101,92925
158,92925
1626,92925
613,92929
384060,92929
687506,92929
828980,92929
366,92931
367,92931
1083,92933
736263,92933
267,92934
391,92934
869,92934
1884,92934
552,92948
4700,92948
288,92965
518,92965
1669,92965
369814,92965
102,92967
837,92967
4729,92967
57363,92967
1815,92974
6893,92974
461,92997
560,92997
744,92997
959,92997
375959,93006
451376,93006
741388,93006
140,93010
271,93010
335,93010
490477,93010
155,93011
385,93011
1952,93011
950867,93011
420,93023
1262,93023
149,93029
209,93029
1806,93029
1221,93036
1785,93036
285,93042
1323,93042
112,93044
323,93044
885,93044
1026,93044
872,93050
842770,93050
457,93051
555,93051
1610,93051
569000,93051
284,93058
352,93058
546,93058
5162,93067
880521,93067
469,93073
665,93073
1001,93073
1378,93073
321,93092
678,93092
275213,93092
261,93093
518,93093
164,93103
980,93103
910040,93103
627,93104
1759,93104
21835,93104
245,93105
1845,93105
554,93106
1829,93106
330021,93107
416893,93107
468775,93107
733500,93107
74125,93113
626259,93113
1221,93119
706298,93119
587,93120
295506,93120
860233,93120
393,93145
1164,93145
1475,93148
227039,93148
114,93161
1113,93161
4920,93161
391,93163
2103,93163
608,93164
381606,93164
949744,93164
321,93175
929,93175
1480,93175
412382,93175
1492,93185
160004,93185
636694,93185
1083,93186
1272,93186
947,93213
198553,93213
369567,93213
131,93215
5162,93215
5467,93215
311092,93215
380,93217
1698,93217
1829,93217
5175,93220
343325,93220
1505,93223
803785,93223
98734,93232
347656,93232
350,93253
1131,93253
172,93255
1018,93255
212,93260
598,93260
1737,93260
197,93277
658,93277
1574,93277
4647,93277
163,93278
254,93278
1301,93278
532,93285
1075,93285
5522,93300
308882,93300
949744,93300
1745,93311
297083,93311
123201,93317
684521,93317
824763,93317
721,93320
720277,93320
893941,93320
662,93347
977,93347
114,93351
235,93351
1615,93378
1617,93378
5246,93378
221554,93378
178,93379
274508,93379
596807,93394
701715,93394
102,93403
1718,93403
402032,93406
827298,93406
375,93407
415,93407
530,93407
652,93407
154,93409
418,93409
997,93409
752751,93409
150,93415
1687,93415
571106,93415
1545,93418
131647,93418
171513,93418
382819,93418
321,93424
655,93424
2077,93424
1364,93431
1749,93431
433,93437
574,93437
1848,93437
400464,93437
947,93438
160550,93438
324,93443
593,93443
74125,93446
603090,93446
391,93453
420,93453
721,93458
2181,93458
459,93467
534,93467
822972,93467
350,93476
639,93476
648920,93476
674781,93476
444,93477
518,93477
5174,93477
176,93481
767,93481
608,93483
1269,93483
573299,93483
731772,93483
582,93489
724,93489
1277,93489
326,93493
530,93493
652,93493
1016,93496
1381,93496
1719,93496
626259,93496
1648,93504
513190,93504
765546,93504
185,93507
1449,93507
469,93509
177933,93509
424,93512
1186,93512
1291,93512
928134,93512
1131,93516
915382,93516
283,93517
374,93517
745,93535
1285,93535
734000,93535
1376,93538
21835,93538
288,93543
961,93543
1117,93546
446314,93546
761587,93546
110,93562
147,93562
115,93565
333,93565
732,93565
1156,93565
107,93596
313,93596
1800,93596
200,93605
448,93605
664499,93605
99,93629
387,93629
221,93638
665,93638
1642,93638
126,93640
432,93640
707,93640
1599,93640
461,93654
1496,93654
1019,93658
1850,93658
377,93660
1500,93660
822972,93660
1024,93662
6893,93662
75359,93671
225191,93671
906261,93671
105,93676
98733,93676
708784,93676
823983,93676
546,93683
754,93683
1215,93683
1245,93685
767628,93685
784884,93685
541,93690
1075,93690
1480,93690
698764,93690
230,93692
5162,93692
443,93693
621,93693
1340,93693
1346,93693
1725,93701
1917,93701
320762,93701
1520,93702
752636,93702
176061,93712
562807,93712
375,93737
454,93737
732,93737
603090,93742
846308,93742
104,93747
721,93747
188,93748
1006,93748
571106,93748
732309,93748
430,93756
333701,93756
807571,93756
935498,93756
620,93771
869,93771
1364,93771
198,93776
547,93776
603,93776
587,93777
89408,93777
144,93779
705,93779
1597,93779
902,93780
1044,93780
1283,93780
942646,93780
111,93793
166,93793
7145,93802
330371,93802
601952,93802
791231,93802
1201,93818
1848,93818
1657,93821
147962,93821
115,93822
422,93822
456,93822
615,93828
902,93828
57363,93828
167,93840
424,93840
391,93861
226583,93861
915989,93861
693,93870
1074,93870
885,93876
666806,93876
661,93881
1164,93881
188,93886
435,93886
1167,93886
1685,93886
1388,93891
720890,93891
216,93894
744,93894
454,93895
1044,93895
1557,93912
565569,93912
517515,93932
614916,93932
150,93936
644,93936
430151,93936
926592,93936
1186,93940
1201,93940
1848,93940
58181,93952
299028,93952
428143,93952
588,93964
1049,93964
1347,93964
125190,93964
483,93966
654,93966
722,93966
289,93969
321,93969
618,93969
1696,93969
492,93980
655,93980
412382,93980
308,93983
1657,93983
1816,93983
121865,93988
507835,93988
755308,93988
861600,93988
524,94006
655,94006
670,94006
1729,94006
80,94007
546004,94007
211,94008
297,94008
966,94008
367,94011
94789,94011
597,94012
1006,94012
213,94020
507,94020
737,94020
1673,94020
474,94021
1044,94021
377,94025
389,94025
656,94025
1644,94025
688,94034
1074,94034
184392,94034
320303,94046
400194,94046
1482,94048
724784,94048
748683,94048
835329,94048
1577,94050
1746,94050
55794,94050
608012,94050
211,94056
834,94056
1659,94056
666256,94056
381,94071
870,94071
1742,94071
263,94072
1319,94072
479779,94072
859450,94072
1207,94073
21835,94073
432,94074
1659,94074
452288,94074
323,94078
398,94078
430,94078
1967,94078
333,94082
553,94082
598,94082
1498,94082
867,94118
761190,94118
728,94130
1638,94130
1832,94130
358180,94130
430,94137
633,94137
1101,94137
1802,94137
221,94140
338061,94140
345,94142
362,94142
492342,94144
687847,94144
268,94148
593,94148
1164,94148
1367,94148
402,94152
1777,94152
1979,94152
362,94155
377,94155
1347,94155
1498,94155
618,94169
369567,94169
641939,94169
350,94172
471,94172
661,94188
885,94188
130,94208
627,94208
1075,94208
492,94215
179224,94215
324,94217
1902,94217
851861,94217
232194,94220
372958,94220
511798,94220
125,94226
126,94226
134,94226
728,94234
144045,94234
211281,94234
1021,94236
2078,94236
655478,94236
502,94288
1458,94288
5177,94288
131974,94288
754,94289
1917,94289
455767,94289
140,94291
221,94291
442,94293
5430,94293
560,94304
1368,94304
1679,94304
627,94317
722,94317
1097,94317
102,94318
276,94318
1418,94320
1550,94320
262543,94320
187,94321
1162,94321
977,94323
978,94323
516972,94323
807571,94323
599,94325
1108,94325
1999,94325
460694,94325
197,94332
201,94332
215,94332
333,94332
1524,94336
341743,94336
89882,94347
138389,94347
578853,94347
852965,94347
515,94383
185210,94383
278947,94395
935498,94395
122675,94593
731634,94593
375,94594
662,94594
1136,94594
366866,94594
283,94599
1902,94599
219,94602
427,94602
133,94606
458,94606
678,94606
149,94608
534,94608
654,94631
1001,94631
1597,94631
100889,94643
936403,94643
527002,94646
880521,94646
4486,94648
603090,94648
453,94663
1100,94663
1201,94663
1687,94663
214,94666
1698,94666
503627,94666
147,94667
952,94667
2,94669
24,94669
402,94669
1811,94669
214,94671
661,94671
344,94676
662981,94676
24,94678
1545,94678
280242,94678
418,94712
432,94712
715274,94712
541,94715
1334,94715
1347,94715
336960,94715
286,94716
574,94716
874,94716
1169,94716
133,94721
285,94721
474,94721
568499,94721
297,94731
700,94731
1334,94731
158,94737
1334,94737
1610,94737
5162,94737
541,94739
1346,94739
5499,94739
911542,94739
420,94744
542,94744
1434,94744
111,94746
686,94746
1845,94747
893204,94747
218810,94761
6230258,94761
442,94764
5148,94764
1518,94768
317293,94768
751638,94768
748075,94770
811202,94770
249,94783
707,94783
438127,94783
1421,94785
98733,94785
372579,94785
517515,94785
44,94787
2027,94787
829728,94789
914113,94789
191504,94790
400998,94790
107763,94794
696395,94794
121,94799
150,94799
662,94799
1436,94799
126,94812
209,94812
215,94812
1159,94816
1970,94816
7183,94816
104,94822
721,94822
1007,94824
581277,94824
821041,94824
1997,94827
565569,94827
254,94828
367,94828
1917,94830
319843,94830
105,94834
238,94834
5175,94834
592960,94834
1657,94835
1816,94835
961,94844
492342,94844
334,94854
862882,94854
374,94862
382819,94862
562807,94870
864892,94870
164,94871
460,94871
44535,94881
320760,94881
747678,94881
155,94882
439,94882
599,94882
648920,94882
151,94884
474,94884
834,94884
4883,94884
129,94889
223,94889
380,94894
576,94894
744,94894
1233,94900
642198,94900
596,94907
603,94907
428086,94907
101,94910
527,94910
1301,94910
524528,94911
557281,94911
321,94912
846,94912
241325,94914
300621,94914
784884,94914
896557,94914
145,94918
1016,94918
193421,94919
342241,94919
1388,94921
469103,94921
726200,94921
554,94924
658,94924
212,94933
598,94933
1648,94933
827663,94933
640,94934
400464,94934
285768,94942
642429,94942
201,94947
335,94947
518,94947
1436,94947
489,94950
593844,94950
164,94955
2145,94955
682071,94955
1852,94961
569000,94961
142,94963
553,94963
165101,94963
453447,94963
460,94964
991,94964
112,94979
6762,94979
367,95008
221903,95008
246,95016
614,95016
188,95031
323,95031
444,95031
1475,95036
1494,95036
130,95050
501,95050
592,95066
687506,95066
961,95067
641509,95067
788251,95067
273178,95115
596807,95115
226583,95117
497826,95117
422,95119
459,95119
598,95119
1448,95119
1699,95125
593844,95125
1164,95135
1448,95135
2128,95135
92,95159
130,95159
177,95159
1589,95159
871,95169
550318,95169
148,95174
990,95174
782561,95174
815880,95174
1938,95177
236711,95177
751638,95177
530,95178
1091,95178
1774,95178
565,95180
1745,95180
160550,95180
166,95182
660893,95182
720890,95182
414,95186
432,95186
480,95186
580565,95186
331,95188
536850,95188
670,95233
501422,95233
511798,95233
473,95238
553,95238
897,95238
1673,95238
244,95243
364915,95243
275,95250
606,95250
852,95250
791502,95250
101,95253
906,95253
1006,95253
108470,95255
295506,95255
914113,95255
587,95271
364583,95271
218,95274
928134,95274
587,95275
995,95275
221903,95275
1970,95276
126569,95276
368,95280
481,95280
655,95280
492,95286
882853,95286
1418,95288
1839,95288
302,95303
289038,95303
430,95304
435,95304
564,95304
1114,95305
295506,95305
448,95311
1821,95311
620,95316
686,95316
461,95322
1831,95322
247720,95322
894690,95322
515,95326
1006,95326
1056,95326
1281,95326
587,95332
1657,95332
534,95333
1099,95333
1597,95333
1788,95333
1626,95342
642198,95342
507,95357
131974,95357
550318,95357
1592,95362
6230258,95362
1712,95363
444198,95363
299,95364
1131,95364
4729,95364
1283,95382
546765,95382
769154,95382
179224,95384
394012,95384
652,95389
1269,95389
2,95408
53,95408
56,95408
235,95409
375,95409
1309,95409
322339,95409
640,95415
301178,95415
910737,95415
369,95428
530,95428
394012,95428
870257,95428
1186,95438
1725,95438
693,95445
834,95445
1278,95445
810488,95445
1305,95484
1340,95484
372,95488
424,95488
1726,95489
385757,95489
297,95496
1879,95496
172,95497
353,95497
1347,95497
584,95503
6987,95503
75359,95503
502442,95503
397,95519
433,95519
1406,95519
335,95525
1626,95525
27,95530
1394,95530
1627,95532
420955,95532
2181,95559
764450,95559
2056,95560
143836,95560
160004,95563
202318,95563
511,95564
1919,95564
159527,95564
493341,95564
1742,95565
664499,95565
302,95568
1641,95568
483418,95568
798812,95568
1696,95584
223499,95584
201,95593
285,95593
307,95598
379072,95598
326,95599
507,95599
672,95599
345,95613
1851,95613
326,95629
1159,95629
134,95631
1301,95631
1952,95638
103071,95638
152,95640
542,95640
1133,95640
947,95645
452288,95645
353,95647
374,95647
432,95647
531,95647
991,95649
1018,95649
377,95654
471,95654
5565,95654
2,95665
53,95665
381,95665
1765,95665
494,95684
689424,95684
101,95687
107,95687
4989,95687
210,95690
352,95690
666,95690
1272,95690
58181,95721
607325,95721
257,95726
268,95726
206,95730
521753,95730
757854,95730
798534,95730
1746,95736
5174,95736
375959,95752
564805,95752
424,95759
457,95759
818,95759
353,95774
2138,95774
5301,95774
911542,95774
1507,95776
5055,95776
5129,95776
612321,95776
1588,95801
1634,95801
442304,95801
845270,95801
7210,95806
747962,95806
326,95814
1777,95814
2023,95814
167649,95814
1648,95823
322513,95823
1097,95827
1426,95827
200,95832
347,95832
1633,95832
609,95836
1235,95836
1670,95836
4920,95836
420,95839
627,95839
471,95845
800,95845
206,95853
317293,95853
818,95857
451600,95857
751,95875
2663,95875
397124,95875
457,95881
53047,95881
704618,95881
949744,95881
247579,95882
333701,95882
807571,95882
935498,95882
125,95897
212,95897
1319,95897
206,95903
1496,95903
911542,95903
1210,95904
1557,95904
453299,95904
809031,95904
56763,95905
320760,95905
212,95916
662,95916
5129,95924
366509,95924
158,95927
398,95927
422,95927
885,95930
1859,95930
1759,95940
72209,95940
104753,95940
134416,95940
809,95943
94789,95943
1364,95951
2077,95951
129,95953
163,95953
420,95953
230,95956
1077,95956
1748,95956
299,95958
132757,95958
888154,95958
216,95963
902,95963
1967,95963
642522,95963
608,95977
1664,95977
236,95978
550318,95978
1902,95981
363705,95981
961,95985
2081,95985
123,95989
592960,95989
1133,95993
1979,95993
247031,95993
861600,95993
44,96003
751,96003
165101,96003
175814,96003
1441,96018
2139,96018
553,96037
868,96037
401,96054
2064,96054
417,96056
457,96056
603,96056
452288,96056
195,96061
261,96061
1278,96061
1917,96067
4816,96067
102744,96067
597,96071
934902,96071
977,96072
500038,96072
193,96073
299,96073
1638,96073
295334,96073
214,96084
514,96084
885,96084
385,96087
693,96087
102,96094
285,96094
1527,96094
263,96098
297,96098
317,96098
1627,96098
1269,96101
1770,96101
571106,96101
429207,96109
722221,96109
321,96131
1662,96131
59974,96131
943673,96131
89408,96147
261724,96147
1626,96148
382819,96148
593,96152
1685,96152
481,96154
2663,96154
5162,96154
450116,96154
432,96161
1194,96161
1729,96161
572897,96161
358,96166
1765,96166
1999,96166
110398,96166
1186,96170
378404,96170
513190,96170
861037,96170
149,96171
1319,96171
1738,96171
1974,96171
644,96176
563039,96176
169,96180
293,96180
429,96180
1776,96180
446,96186
431451,96186
693317,96186
835916,96189
928134,96189
246,96193
446,96193
532,96193
1258,96193
215,96200
467,96200
1099,96200
1610,96200
1586,96201
1852,96201
608,96203
678,96203
885,96203
1659,96203
1525,96219
394012,96219
131,96223
209,96223
2026,96223
347656,96223
155,96241
1285,96241
1334,96241
154,96244
201,96244
471,96244
621,96244
1505,96259
698764,96259
664,96267
1453,96267
99,96270
507212,96270
458,96271
459,96271
502425,96271
438,96280
483,96280
619,96280
722,96280
74125,96287
601105,96287
626259,96287
823983,96287
111,96289
843,96289
1213,96289
450116,96289
198,96294
502,96294
622,96294
131974,96294
528,96309
598971,96309
260,96316
313,96316
1445,96316
2078,96316
216,96320
362,96320
593,96320
417,96321
751,96321
1518,96321
1765,96321
2018,96322
18399,96322
444291,96322
802032,96322
145,96324
1221,96324
358,96332
565,96332
513190,96332
1358,96340
2027,96340
156,96378
503627,96378
625,96380
1436,96380
1662,96380
667,96405
654110,96405
438,96409
41281,96409
336,96410
1044,96410
232942,96410
1016,96419
353448,96419
295506,96420
400998,96420
433,96425
461,96425
869,96427
53384,96427
502,96438
1026,96438
1364,96438
281486,96438
874,96445
1599,96445
174,96446
695,96446
323,96454
1426,96454
670,96455
1305,96455
148,96463
244,96463
285,96463
429,96463
1347,96464
469103,96464
562003,96464
1938,96466
14977,96466
221,96487
389,96487
662,96487
1617,96487
334,96493
874684,96493
618,96501
435260,96501
278947,96514
935498,96514
158,96734
397,96734
402,96734
1136,96734
299,96754
438,96754
176,96755
420,96755
459,96755
1235,96755
721,96760
207218,96760
1385,96764
1631,96764
1657,96764
627453,96764
1821,96786
353448,96786
492342,96786
650969,96786
608,96787
1123,96787
1019,96789
1719,96789
377,96794
422,96794
456,96794
424635,96794
1836,96817
65352,96817
261,96820
456,96820
800,96820
29502,96824
339304,96824
460,96854
1409,96854
671,96870
708,96870
1191,96870
150,96874
502,96874
670,96874
1855,96874
149,96875
454,96875
1777,96875
1233,96877
1421,96877
4486,96890
626202,96890
107,96895
197,96895
474,96895
469,96913
476,96913
616,96913
722221,96913
225,96921
232,96921
640,96921
102,96926
492,96926
206,96928
131811,96928
140,96933
412,96933
1009,96933
885,96935
1107,96935
1696,96935
56,96943
357,96943
454,96951
616,96951
187,96953
426,96953
400194,96970
687847,96970
823983,96970
886657,96970
608,96976
5501,96976
1550,96995
278752,96995
532,96997
1019,96997
194006,96997
935498,96997
150,97027
576,97027
604,97027
534,97028
693,97028
1164,97028
2078,97028
375,97044
524,97044
1732,97044
641939,97044
52,97051
1594,97051
1099,97052
563039,97052
875951,97052
948723,97052
109244,97063
751638,97063
284,97074
1702,97074
189172,97074
399590,97074
1999,97075
247720,97075
343472,97075
476,97076
597,97076
1018,97076
1823,97076
350,97077
640,97077
167649,97077
648920,97077
2032,97079
913993,97079
686,97100
827973,97100
872,97101
320760,97101
545899,97107
764450,97107
393,97109
503,97109
1848,97109
618,97116
707,97116
1101,97116
676973,97116
95,97123
1445,97123
102,97125
198,97125
2128,97125
949744,97125
93,97136
1522,97136
6230258,97136
493,97142
834,97142
1101,97142
1156,97142
321,97158
372,97158
173,97162
554,97162
708,97162
160,97165
245,97165
494,97165
1038,97165
467,97166
542,97166
837,97166
1235,97166
360,97172
1524,97172
145284,97172
1821,97207
889926,97207
929,97211
1952,97211
732,97216
1115,97216
2057,97216
474,97235
502,97235
1967,97235
397,97236
1453,97236
1673,97236
101,97239
151,97239
1788,97239
526985,97239
369,97240
1287,97240
1457,97240
1488,97240
661,97243
1638,97243
120,97257
133,97257
156,97257
1834,97257
565,97276
1378,97276
798779,97276
322,97279
145880,97279
92,97289
209,97289
685,97298
800,97298
237,97314
593,97314
343325,97314
201,97322
313,97322
977,97322
704618,97322
611,97323
221554,97323
225191,97323
915702,97323
111,97328
125,97328
163,97328
221554,97328
560,97334
369814,97334
56,97336
131,97336
126,97351
469,97351
501,97351
1496,97351
2105,97353
693799,97353
331,97366
1358,97366
655,97368
1879,97368
315288,97368
296,97375
1381,97375
218,97376
869,97376
298,97382
366,97382
307,97383
620,97383
480,97389
565319,97389
827663,97389
1522,97390
511270,97390
837,97403
1967,97403
1133,97417
1970,97417
846,97419
1999,97419
565319,97419
603425,97419
307,97424
382411,97424
101,97428
195,97428
244,97428
882,97433
1285,97433
672,97435
494549,97435
225,97438
874,97438
111,97441
144,97441
151,97441
243,97441
326,97448
167649,97448
213,97457
598,97457
864997,97457
546,97458
1441,97458
1879,97458
276062,97458
527002,97462
761212,97462
587,97474
364583,97474
644,97478
1131,97478
552,97481
732,97481
381,97487
5216,97487
121,97490
515,97490
639,97490
1852,97490
213,97493
225,97493
266170,97493
110,97499
1394,97499
488289,97499
791871,97499
633,97500
5320,97500
211,97503
997,97503
571106,97503
793,97506
981,97506
476,97507
1264,97507
5568,97524
236711,97524
448,97527
1397,97527
679410,97527
381,97530
1223,97530
249,97567
335,97567
524,97567
246,97570
260,97570
503,97570
754,97570
176,97574
442,97574
564,97574
966,97574
125,97576
148,97576
1186,97576
633,97579
719,97579
732309,97579
371824,97597
803264,97597
961,97599
493341,97599
605923,97599
134,97607
438,97607
834,97607
791395,97607
172,97613
177,97613
215,97613
75710,97617
280955,97617
151,97626
289,97626
620,97626
1527,97626
947,97631
1285,97631
534132,97634
733500,97634
1299,97647
1477,97647
1494,97647
1552,97647
174,97662
695,97662
1186,97667
557281,97667
256,97668
1321,97668
277975,97668
413559,97668
185635,97678
449652,97678
593803,97678
752686,97678
1745,97695
648975,97695
492,97714
2332,97714
236,97731
377,97731
414,97731
154,97733
418,97733
582,97733
693,97737
1077,97737
5301,97737
827663,97737
415,97756
584,97756
1702,97756
131647,97756
41281,97757
55549,97757
625,97758
5177,97758
827663,97758
926592,97758
199,97769
536850,97769
230,97770
661,97770
25309,97770
237,97778
263,97778
1156,97778
1719,97778
504,97782
661,97782
67497,97792
69157,97792
96608,97792
97842,97792
330765,97794
400998,97794
471,97800
1321,97800
2032,97800
585895,97800
201669,97802
946160,97802
176,97804
1831,97804
379,97814
757290,97814
847439,97814
945322,97814
221,97815
297,97815
929,97815
926592,97815
480,97818
915382,97818
547,97826
655,97826
1003,97826
845628,97826
2010,97871
487254,97871
211,97880
243,97880
289038,97880
1434,97883
431451,97883
1028,97885
1902,97885
461,97886
1626,97886
937304,97886
885,97887
1421,97887
1194,97888
74065,97888
381,97889
1858,97889
209,97892
456,97892
5460,97892
5569,97892
2059,97910
859921,97910
532,97913
745,97913
2094,97913
143836,97938
768334,97938
331,97958
350,97958
496,97958
141,97964
919924,97964
95,97965
275,97965
560,97965
166,97967
284,97967
553,97967
664,97967
1702,97971
103071,97971
809031,97971
949744,97971
342241,97972
689424,97972
220,97987
1474,97987
298281,97987
283,98005
1016,98005
404,98022
1751,98022
565569,98027
888154,98027
414,98042
1475,98042
17143,98042
36544,98042
1902,98043
369567,98043
98709,98050
893941,98050
169,98051
432,98051
1026,98051
1334,98051
476,98054
1685,98054
41458,98059
456268,98059
188,98067
1673,98067
1848,98067
5460,98067
1642,98068
2148,98068
6800,98068
535077,98068
344,98084
339159,98084
387,98090
631490,98090
608,98093
622,98093
885,98093
142,98097
1613,98097
247579,98105
333701,98105
807571,98105
935498,98105
385,98115
1458,98115
1820,98115
178,98122
483,98122
1525,98128
1625,98128
95478,98128
185,98141
1283,98141
469103,98141
594540,98141
1262,98154
2026,98154
946179,98154
596,98160
652,98160
1746,98160
2077,98160
372,98165
1524,98165
369567,98172
903677,98172
1648,98173
72768,98173
185,98180
1826,98180
555,98184
5162,98184
113,98185
672103,98185
415,98188
662,98188
1617,98188
460694,98188
667,98190
68552,98190
1367,98194
1657,98194
277975,98194
587,98205
1816,98205
385,98206
664,98206
1262,98206
1488,98206
471,98219
19578,98219
430151,98219
892455,98219
809,98220
482536,98220
723796,98220
894608,98220
4752,98222
892455,98222
1113,98224
1662,98224
89745,98224
845270,98224
1228,98225
1703,98225
880521,98225
616,98230
1019,98230
1507,98230
353546,98230
719,98236
732,98236
1852,98236
147602,98236
565,98241
1745,98241
232,98251
868479,98251
131,98258
666,98258
1498,98258
1746,98258
403,98260
457,98260
695,98260
5212,98260
296,98261
302,98261
1862,98261
788829,98261
199,98273
289,98273
422,98273
740264,98273
1621,98276
488662,98276
220,98282
228,98282
698,98282
106,98283
313,98283
481,98283
121,98300
403,98300
1272,98300
402,98306
184804,98306
431451,98306
842498,98306
1103,98308
382819,98308
658,98309
893,98309
2018,98319
172604,98319
104,98324
721,98324
764450,98324
352,98330
977,98330
966,98335
489837,98335
824763,98335
615,98343
306696,98343
715295,98343
1613,98347
2148,98347
170901,98347
200,98350
434,98350
124,98356
1131,98356
451376,98368
621348,98368
741388,98368
1006,98369
1967,98369
90,98370
1970,98370
559,98382
638,98382
1150,98382
1420,98382
276,98383
330,98383
227039,98383
210,98384
398,98384
511,98384
1156,98384
403,98394
1974,98394
4486,98394
1018,98396
4886,98396
889926,98396
1321,98398
217260,98398
400194,98398
823983,98398
156,98407
1669,98407
1016,98412
132257,98412
448,98415
1679,98415
1685,98433
382819,98433
221,98435
160004,98435
156,98436
668,98436
159,98439
230,98439
621,98439
1588,98439
587,98454
882853,98454
1265,98463
1768,98463
2018,98463
789337,98463
5467,98464
575198,98464
469,98471
560,98471
1737,98471
391,98487
110507,98487
285,98489
320808,98489
353,98513
5162,98513
311092,98513
656,98521
1016,98521
6987,98521
249,98524
375,98524
171513,98524
645785,98524
145,98525
1194,98525
1711,98528
253035,98528
726773,98528
878152,98528
158,98536
1858,98536
40939,98552
320762,98552
346,98554
451,98554
1006,98554
1853,98558
429207,98558
103,98575
147,98575
672,98575
906,98575
115,98577
744,98577
44535,98578
207218,98578
193661,98586
371342,98586
1159,98615
1505,98615
1560,98615
45209,98615
140,98621
362,98621
678,98621
845270,98621
1696,98622
1742,98622
1862,98622
1488,98623
875613,98623
134,98625
193,98625
576,98625
330371,98626
601952,98626
530,98627
1738,98627
435218,98627
1417,98631
1434,98631
1832,98631
1851,98631
212,98635
345,98635
402,98635
456124,98635
545,98638
861915,98638
732,98640
913,98640
1006,98645
1633,98645
324,98649
131974,98649
925,98651
278752,98651
293550,98651
2025,98655
97842,98655
238636,98655
147,98658
564,98658
534,98659
621,98659
978,98659
752751,98659
1091,98660
4821,98660
788829,98660
334,98667
874684,98667
656,98678
690,98678
1319,98678
2094,98714
744107,98714
415,98721
577,98721
588,98721
668271,98721
510,98724
624,98724
652,98724
1251,98724
275,98959
915989,98959
1487,98963
1758,98963
430,98966
633,98966
1101,98966
1802,98966
721,98970
2181,98970
997,98983
788829,98983
452,98987
628611,98987
574,98994
1136,98994
1829,98994
320303,98994
154,99005
375,99005
1802,99005
458,99012
1201,99012
1505,99012
820053,99012
480,99018
1357,99018
469,99026
616,99026
999,99026
302446,99026
32741,99039
344603,99039
477286,99039
757854,99039
552,99044
560,99044
1397,99044
422,99052
1099,99052
1696,99052
468772,99052
218,99072
1250,99072
40939,99072
1610,99073
1644,99073
134,99077
245,99077
1413,99077
200,99086
39435,99086
276062,99086
150,99088
502,99088
1855,99088
5460,99088
507,99091
652,99091
5571,99091
189220,99091
218,99098
280955,99098
545,99127
661,99127
1726,99127
272173,99127
257,99128
1404,99128
1262,99130
1852,99130
726200,99130
553,99136
695,99136
175262,99136
154,99141
443,99141
1016,99141
4886,99141
275,99143
1673,99143
130,99160
317,99160
1615,99160
798779,99160
158,99165
246,99165
326,99165
429,99165
1245,99172
767628,99172
200,99173
597,99173
1069,99173
699425,99173
852,99174
221903,99174
287333,99174
866251,99174
310,99177
679,99177
587,99187
1816,99187
661,99194
1036,99194
181305,99194
648975,99194
209,99204
245,99204
198,99242
454,99242
531,99242
503,99250
662,99250
1036,99255
1426,99255
1571,99255
846,99270
1397,99270
903677,99270
532,99277
5078,99277
511270,99277
1642,99286
1844,99286
363705,99286
636065,99286
598,99291
793634,99291
391,99292
545,99292
686,99292
1670,99292
380,99300
469,99300
1305,99300
210915,99300
2026,99305
501422,99305
778642,99305
1409,99306
603090,99306
1131,99310
1272,99310
343325,99310
827663,99310
185,99312
1283,99312
435,99316
1545,99316
1663,99316
128,99323
541120,99323
885,99327
552863,99327
136,99329
504,99329
367,99334
1641,99334
110507,99334
649,99337
2245,99337
350,99342
977,99342
1018,99342
2128,99342
618,99344
59974,99344
126,99348
1295,99348
531,99365
553,99365
295506,99365
129,99371
173,99371
380,99371
1642,99371
283,99384
125190,99384
241,99385
1269,99385
225419,99385
1227,99394
546765,99394
168,99395
362429,99395
1347,99397
1731,99397
2148,99397
236711,99399
752636,99399
2105,99406
513375,99406
164,99409
211,99409
620,99409
187,99422
199,99422
246,99423
40472,99423
211,99430
722,99430
902,99430
532,99441
317293,99441
507212,99441
415,99450
430,99450
1480,99450
1492,99450
381,99460
542,99460
1592,99460
1845,99460
502,99472
569598,99472
853122,99472
949241,99472
1016,99474
39435,99474
2026,99480
919924,99480
136,99487
213,99487
1309,99487
1848,99487
119,99502
1228,99502
1610,99506
1662,99506
560,99520
700,99520
1599,99520
412382,99520
947,99523
77720,99523
1028,99527
1902,99527
511798,99527
520234,99527
991,99541
1021,99541
5078,99541
1044,99546
1045,99546
1367,99546
159081,99546
1028,99554
636694,99554
639,99557
1381,99557
1574,99557
789976,99557
603090,99560
603402,99560
293,99566
457,99566
1321,99566
5019,99572
768334,99572
115,99575
169,99575
707,99575
1626,99577
501422,99577
1617,99578
932112,99578
454,99581
662,99581
1406,99581
233209,99581
102,99582
210,99582
287,99582
662,99582
275,99587
353,99587
418,99587
424635,99587
1638,99606
1702,99606
403,99612
457,99612
471,99612
8,99615
111,99615
542,99615
456124,99615
1976,99621
766046,99621
524,99623
698,99623
1441,99623
698764,99623
721951,99636
781899,99636
491,99641
1036,99641
155,99653
193,99653
664,99653
1282,99653
193421,99664
202318,99664
199,99674
412,99674
473,99674
1735,99674
134,99685
501,99685
582,99685
966,99685
367,99699
510,99699
121,99700
1278,99700
698764,99700
131,99703
906,99703
1378,99703
613197,99703
374,99704
469,99704
154,99726
335,99726
869,99726
1159,99731
1527,99731
1644,99731
1670,99731
799,99733
1123,99733
219,99739
6669,99739
1487,99740
1518,99740
165096,99743
564724,99743
273,99747
565,99747
602,99747
243,99750
1364,99750
235,99762
911542,99762
374,99768
531,99768
4051,99768
955195,99768
346,99785
582,99785
1334,99785
827663,99785
606,99789
559144,99789
374,99796
851861,99796
124,99797
467,99797
515,99797
125,99810
285,99810
554,99810
1277,99810
185,99817
903,99817
177,99819
458,99819
1808,99819
687506,99819
1252,99824
21835,99824
320760,99827
404091,99827
622,99832
1169,99832
1194,99832
416528,99840
562807,99840
1156,99841
75588,99841
2,99846
1726,99846
278752,99846
1729,99849
4730,99849
152,99850
412,99850
1802,99850
72768,99865
315767,99865
209,99871
732,99871
1615,99871
2023,99871
532,99879
880,99879
292082,99879
158,99892
212,99892
978,99892
821041,99892
530,99901
182911,99901
211281,99901
369814,99901
5052,99908
761587,99908
784884,99923
896557,99923
216,99938
542,99938
401,99939
686,99939
68552,99951
447290,99951
238,99982
1411,99982
308,99984
864892,99984
200,99991
1133,99991
1194,99991
1592,99991
317956,99996
421110,99996
473,100003
1285,100003
1406,100003
2073,100015
641509,100015
471,100026
173125,100026
1573,100036
636694,100036
369567,100039
903677,100039
155,100046
609,100046
651,100046
237,100050
263,100050
480,100050
1156,100050
101,100053
432,100053
1074,100053
1123,100053
271,100065
297,100065
1009,100065
1610,100065
263,100087
18686,100087
478844,100087
488662,100087
882,100102
1075,100102
1638,100102
1108,100107
132257,100107
160004,100107
503627,100107
302105,100112
734000,100112
219,100114
1586,100114
202966,100114
1642,100116
171513,100116
1744,100122
343325,100122
330,100129
893,100129
1056,100129
546,100133
655,100133
665,100133
4883,100133
349,100134
870,100134
1448,100134
397124,100134
221,100135
389,100135
202966,100135
394012,100135
213,100140
333,100140
1364,100140
1706,100140
285,100143
492,100143
911542,100143
53,100148
434,100148
321,100150
1215,100150
1315,100150
1806,100150
1334,100151
1746,100151
1832,100151
880521,100151
947,100156
761836,100156
870,100157
1001,100157
827973,100157
156,100161
834,100161
869,100161
144045,100161
243,100168
648,100168
2064,100168
6893,100170
452288,100170
894690,100170
915382,100170
608,100171
913,100171
1516,100171
222714,100171
1397,100172
568169,100172
655,100175
728,100175
1698,100190
227958,100190
157,100201
323,100201
902,100201
90,100211
1448,100211
2078,100211
188,100212
349,100212
563039,100212
352,100222
528,100222
271,100224
432,100224
797725,100224
221,100232
299,100232
695,100232
1685,100232
617,100251
399590,100251
1421,100261
5019,100261
369567,100261
564,100281
662,100281
1227,100281
531856,100281
1207,100287
926235,100287
1022,100301
5162,100301
606,100303
2010,100303
241325,100304
896557,100304
947,100317
622544,100317
429,100318
474,100318
546,100318
521,100319
170901,100319
372,100330
1524,100330
929489,100330
1108,100343
1233,100343
448,100369
546797,100369
432,100395
511,100395
598,100395
658,100395
418,100403
997,100403
1952,100403
148,100404
471,100404
627,100404
1133,100404
152,100405
210,100405
624,100405
211281,100408
315767,100408
5571,100431
340973,100431
225,100436
526,100436
459,100442
560,100442
800,100442
133,100449
195,100449
1642,100449
489,100456
564,100456
1725,100456
1626,100466
1793,100466
167649,100466
123,100468
679410,100468
1006,100477
1247,100477
627878,100477
126,100485
656,100485
335,100486
460,100486
1711,100486
798779,100486
438682,100488
666806,100488
693,100502
1278,100502
397,100504
1862,100504
230,100507
1735,100507
457,100512
603,100512
768,100512
142,100514
221,100514
471,100514
229733,100516
465003,100516
618291,100516
900915,100516
198,100519
377,100519
619,100519
220,100528
726200,100528
125,100530
201,100530
1702,100530
289038,100530
769,100533
147962,100533
903677,100533
207218,100536
220976,100536
1434,100546
1777,100546
21835,100546
596807,100546
1233,100550
322064,100550
176,100572
227958,100572
803,100589
1522,100589
518,100594
700,100594
1714,100594
71824,100594
323,100602
1436,100602
1527,100602
726200,100602
414,100604
1056,100604
179224,100604
380,100606
412,100606
1388,100606
1617,100606
263,100611
402,100611
415,100611
597,100611
1367,100613
468772,100613
167,100633
1638,100633
32,100649
1513,100649
1967,100649
1250,100650
1696,100650
374,100661
1016,100661
134,100680
404,100680
588,100680
1436,100680
1560,100683
144812,100683
198,100685
438,100685
576,100685
705,100685
1117,100688
622544,100688
422,100691
541,100691
72768,100699
603090,100699
225,100740
1323,100740
480,100758
656929,100758
1319,100786
108470,100786
418,100791
19569,100791
216,100802
232,100802
461,100802
1797,100802
102,100814
911542,100814
1470,100817
1831,100817
206,100822
393,100822
1347,100822
238,100826
947,100826
887695,100826
105,100827
172,100827
172,100828
197,100828
656,100828
672,100828
319843,100829
709204,100829
882,100840
543547,100840
619,100873
722631,100873
1426,100878
1884,100878
178,100879
624,100879
664499,100879
414,100899
511,100899
213,100911
1099,100911
732309,100911
235,100924
417,100924
1026,100924
1056,100924
142,100928
1194,100928
452288,100929
565319,100929
625075,100929
483,100931
502,100931
302,100934
620,100934
115,100935
353,100935
368,100935
293,100940
457,100940
923366,100940
1378,100944
955195,100944
225,100994
389,100994
662,100994
1617,100994
115,101004
1592,101004
1662,101004
104,101026
721,101026
508249,101026
146814,101250
744107,101250
732,101252
1439,101252
93,101268
811202,101268
445,101272
471,101272
502,101272
1378,101272
480,101273
1999,101273
451376,101273
741388,101273
1524,101276
289038,101276
256121,101301
468772,101301
792177,101301
176061,101307
585098,101307
721,101317
764450,101317
893941,101317
317,101320
1617,101320
103071,101320
547,101324
1589,101324
71,101329
92,101329
1388,101329
322064,101329
21835,101335
144045,101335
868479,101335
1426,101337
56763,101337
698,101356
2332,101356
1657,101368
813961,101368
501,101371
662,101371
670,101371
1845,101371
297,101373
435,101373
1475,101373
1644,101373
247031,101387
371824,101387
134,101393
287,101393
621,101393
661,101393
603,101404
1018,101404
1768,101404
422,101410
1114,101410
1806,101410
503627,101410
1863,101412
369567,101412
1800,101413
272173,101413
565319,101413
515,101416
528,101416
1970,101416
722631,101416
206,101452
722,101452
6669,101452
163,101453
173,101453
246,101453
363,101453
2142,101465
89937,101465
4647,101473
404455,101473
708,101478
1457,101478
569000,101478
571874,101481
933310,101481
665,101486
1729,101486
103038,101504
189172,101504
199961,101504
949744,101504
401,101507
421,101507
551,101510
666,101510
1731,101510
674781,101510
172,101516
906,101516
1426,101516
323,101518
476,101518
601105,101518
193,101523
1099,101523
1169,101523
5460,101523
214,101524
616,101524
719,101524
349,101530
1251,101530
221,101531
640,101531
106319,101531
164273,101531
134,101540
496,101540
560,101540
1448,101540
1016,101541
199939,101541
124,101545
551,101545
1844,101545
1696,101551
904371,101551
237,101560
447,101560
5129,101560
5568,101578
638395,101578
345,101587
1588,101587
456124,101587
827663,101587
1759,101588
177933,101588
516215,101588
432,101590
295506,101590
1295,101592
389581,101592
494784,101592
922671,101592
214,101593
874,101593
1684,101593
614,101595
654110,101595
732,101596
69543,101596
235679,101596
439170,101596
614,101597
656,101597
198553,101599
209850,101599
247727,101599
369567,101599
432,101606
1748,101606
707,101625
902,101625
1006,101625
1732,101625
352,101629
1075,101629
1864,101629
902,101635
1488,101635
315288,101635
489,101636
147962,101636
665,101646
271165,101646
200,101660
555,101660
1223,101660
628611,101660
110,101669
412,101669
668,101669
5491,101676
160550,101676
443,101694
1334,101694
658,101698
1800,101698
446,101701
994,101701
1006,101701
574,101707
705,101707
363705,101707
145,101725
232,101725
1845,101725
310,101735
107763,101735
236711,101735
1917,101736
727120,101736
150,101745
437,101745
689,101745
400464,101745
458,101746
1441,101746
1597,101746
1610,101746
666,101748
163659,101748
767,101753
1560,101753
4486,101753
775,101757
1026,101757
1038,101757
315288,101757
174,101761
212,101761
1492,101761
1844,101761
241,101764
507212,101764
1831,101773
679410,101773
121,101775
1513,101775
1520,101786
1851,101786
256121,101786
210,101787
352,101787
1714,101787
1487,101798
862907,101798
173,101808
371824,101808
271,101809
661,101809
293550,101809
547,101811
1669,101811
687506,101811
908116,101811
1007,101812
1334,101812
852,101829
1424,101829
2138,101831
298281,101831
1075,101834
1409,101834
5301,101834
237,101844
704618,101844
1133,101846
1797,101846
188,101862
473,101862
1737,101862
156,101863
1364,101863
1670,101863
147,101866
708,101866
5571,101866
934113,101866
1185,101874
797725,101874
352,101882
627,101882
1751,101882
245,101889
313,101889
502015,101891
502442,101891
942646,101891
173,101898
628601,101898
741261,101898
852965,101898
541,101902
1001,101902
1719,101902
4920,101909
369567,101909
199,101912
201,101912
1185,101912
387,101917
5571,101917
524,101921
571,101921
870,101921
1788,101921
1606,101931
933310,101931
1586,101965
1974,101965
516215,101965
798779,101965
177,101969
188,101969
418,101969
534,101970
995,101970
664499,101970
1287,101983
1381,101983
1768,101983
134,101984
906,101984
923210,101984
128,101996
1648,101996
491,101998
234791,101998
651,102002
1858,102002
450116,102002
676973,102002
150,102004
249,102004
1711,102004
2332,102004
467,102005
620,102005
1210,102005
102,102011
1439,102011
1610,102011
885,102014
1160,102014
454,102015
640,102015
344,102032
1855,102032
929609,102032
125,102034
461,102034
483,102034
515,102034
1528,102035
106539,102035
119541,102035
664387,102035
1207,102043
1421,102043
1657,102043
859921,102043
662981,102045
915382,102045
513,102048
1505,102048
163,102057
210,102057
245,102057
1364,102057
144,102059
221,102059
420,102059
978,102059
246,102070
336,102070
510,102070
732,102070
1602,102076
1698,102076
424,102103
1114,102103
1597,102103
1613,102103
1233,102105
369567,102105
1821,102107
429207,102107
99,102116
420,102116
1556,102116
1557,102116
29,102122
617,102122
98733,102122
928720,102122
403,102128
1194,102128
528,102130
564,102130
1409,102130
171811,102137
824373,102137
126,102138
198,102138
493,102138
527,102138
141,102170
440988,102170
168,102174
619,102174
793,102174
648,102175
1115,102175
1711,102175
299,102178
2023,102178
453,102181
460,102181
622,102181
422,102216
457,102216
564,102216
369,102220
707,102220
417370,102242
464945,102242
188,102250
572,102250
167,102265
2094,102265
734000,102265
246,102266
1210,102266
1834,102266
580,102267
59630,102267
617,102283
1108,102283
227958,102284
374610,102284
501422,102285
541576,102285
765546,102285
1172,102288
40586,102288
597,102299
754,102299
1571,102299
317293,102299
690,102303
1787,102303
215,102307
353,102307
1127,102307
166359,102307
275,102313
309,102313
149,102316
1848,102316
417,102317
4883,102317
350,102329
616,102329
1026,102329
1099,102341
1498,102341
5427,102341
412382,102341
113,102343
4883,102343
1376,102368
946179,102368
702,102388
1832,102388
2128,102388
1785,102395
435218,102395
107,102411
223,102411
285,102411
5162,102411
686,102422
744,102422
1199,102432
1806,102432
1967,102432
52,102439
603402,102439
160,102443
343325,102443
5078,102444
484727,102444
541576,102444
708,102445
745,102445
1381,102445
218,102449
1018,102449
1669,102449
1381,102453
1385,102453
225,102460
1131,102460
367,102465
2100,102465
193,102469
246,102469
444,102469
104,102477
2181,102477
596807,102477
1110,102489
1397,102489
163753,102489
613910,102489
101,102492
130,102492
346,102492
1043,102492
1009,102493
1277,102493
2128,102493
206,102494
751638,102494
160,102500
1770,102500
1421,102510
1740,102510
453,102511
693,102511
1114,102511
1696,102511
1411,102512
285768,102512
836,102517
1185,102517
5162,102517
468772,102517
1641,102520
139107,102520
656768,102520
747678,102520
648,102526
1674,102526
5300,102526
213,102536
1687,102536
266170,102536
504,102543
170901,102543
511270,102543
398,102555
547,102555
101,102558
193,102558
331,102558
1006,102558
357,102573
510,102573
518,102573
377,102590
456,102590
624,102590
732,102590
200,102592
671,102592
4729,102592
474,102593
623,102593
1439,102593
639,102598
1006,102598
618,102602
2018,102602
239816,102602
928134,102602
230,102603
1560,102603
1590,102603
726200,102603
362,102609
542,102609
1453,102609
219,102614
1235,102614
1574,102616
635781,102616
782715,102616
788251,102616
1745,102619
1884,102619
297083,102619
301,102631
429,102631
467,102631
704,102631
438,102638
454,102638
1347,102638
206,102685
664,102685
997,102685
1614,102685
99,102703
433,102703
171754,102703
323,102707
1115,102707
1207,102707
580565,102707
560,102713
1100,102713
625075,102713
128,102721
915989,102721
418,102729
1737,102729
910737,102729
102,102733
1718,102733
668271,102733
102,102741
518,102741
1505,102741
614,102744
624,102744
633,102744
371824,102744
1845,102749
2101,102749
2138,102749
4821,102750
788829,102750
368,102753
380,102753
1305,102753
2663,102753
141,102757
211,102757
872,102757
148,102768
906,102768
366,102770
320808,102770
243,102789
1475,102789
1629,102789
1780,102791
674781,102791
285768,102793
414979,102793
933310,102793
235,102797
1638,102797
2081,102797
126,102798
151,102798
225,102798
124,102803
273,102803
417,102817
947,102817
381606,102817
593,102818
1131,102818
688285,102818
385,102820
492,102820
574,102820
1611,102820
551,102832
588,102832
1185,102832
5316,102832
95,102849
541,102849
528,102855
915382,102855
232,102860
1074,102860
469,102861
503,102861
1159,102861
1186,102861
869,102867
53384,102867
339304,102882
951471,102882
297,102900
627,102900
695,102900
1364,102900
237,102913
1287,102913
430151,102913
910256,102913
119,102915
185,102915
869,102920
933727,102920
149,102926
164,102926
107763,102940
479779,102940
210,102945
754,102945
159,102951
177,102951
398,102951
1550,102951
757290,102954
847439,102954
164,102969
578853,102969
559,102975
638,102975
1150,102975
1420,102975
448,102984
1235,102984
98372,102984
502,103003
1167,103003
588777,103003
454,103006
38695,103006
582,103007
1952,103007
306696,103007
261,103015
371824,103015
289,103016
966,103016
1751,103016
1851,103016
902,103035
1301,103035
52,103055
267,103055
981,103057
1069,103057
1406,103057
1831,103060
876958,103060
157,103064
216,103064
411,103064
1598,103064
313,103069
961,103069
1732,103069
133,103074
172,103074
215,103074
514,103074
367,103110
110507,103110
276,103112
228678,103112
166,103116
911725,103116
1617,103119
421110,103119
1101724,103119
2554261,103119
131,103125
652,103125
1597,103125
835916,103125
614,103129
828980,103129
532,103135
946160,103135
627,103141
860233,103141
724,103157
439170,103157
66664,103158
604742,103158
758,103161
1108,103161
678,103184
1164,103184
761587,103184
253216,103186
868479,103186
52,103200
94789,103200
322,103203
1560,103203
1641,103203
52,103224
1461,103224
596807,103224
299028,103231
926492,103231
211,103239
442,103239
1664,103239
195,103241
377,103241
353546,103241
307,103243
545,103243
1114,103243
1291,103243
160,103247
1025,103247
1970,103247
215,103251
652,103251
870,103251
270,103262
1706,103262
476378,103262
731772,103262
81547,103265
229733,103265
856399,103265
857032,103265
369567,103267
871456,103267
276,103268
439170,103268
322339,103273
507212,103273
232,103303
420,103303
530,103303
244,103594
363,103594
367,103594
800,103594
1052,103595
7145,103595
330371,103595
342970,103595
601952,103595
637218,103595
791231,103595
1019247,103595
1110321,103595
397,103609
1123,103609
4486,103615
220976,103615
603402,103615
1283,103617
1976,103617
293550,103617
1738,103629
698764,103629
112374,103634
1202180,103634
2478376,103634
3012543,103634
244,103644
1097,103644
1165,103644
1524,103644
1044,103666
1108,103666
313,103670
411,103670
1250,103681
40939,103681
182911,103681
1376,103710
320762,103710
320808,103710
289038,103723
862907,103723
310,103747
422,103747
534,103747
1844,103752
228678,103752
140,103772
232,103772
675,103772
1169,103772
201,103776
362,103776
474,103776
686,103776
1301,103786
1372,103786
427894,103786
4851,103791
246418,103791
273178,103791
764450,103791
221,103805
514,103805
461,103818
1586,103818
636694,103818
1545,103827
1621,103827
341743,103827
357,103838
1364,103838
323,103848
453,103848
707,103848
209,103850
614,103850
2064,103850
936403,103850
126,103855
1365,103855
167850,103855
447290,103855
552,103859
932,103859
2101,103859
4979,103859
164,103874
198,103874
206,103874
213,103874
4486,103875
388744,103875
722,103881
641244,103881
442,103893
661,103893
1785,103893
515,103919
75359,103919
865302,103919
885,103923
1074,103923
569000,103923
621,103924
1737,103924
5316,103924
1108,103933
5019,103933
480,103936
872,103936
375,103939
1036,103939
722631,103939
857177,103939
38572,103948
273178,103948
8,103962
633,103962
1829,103962
4248,103962
664,103976
818,103976
172604,103976
622,103982
1319,103982
1599,103982
751638,103982
656768,103992
959113,103992
4816,103994
502813,103994
555227,103994
868207,103994
110507,104003
320762,104003
177,104006
228,104006
93,104009
107,104009
321,104009
443,104027
304000,104027
397124,104027
81449,104028
102522,104028
229733,104028
865411,104028
579,104029
527002,104029
286,104030
1038,104030
689424,104030
1109,104036
1653,104036
1669,104036
1845,104036
665,104040
234541,104040
446702,104040
782,104053
1453,104053
2078,104053
211,104054
893,104054
6230258,104054
246,104070
443,104070
618,104070
658,104070
156,104073
401,104073
381,104080
448,104080
320969,104103
626259,104103
587,104105
145880,104105
249,104107
1136,104107
1283,104107
1624,104107
1016,104112
1421,104112
552,104114
809031,104114
344,104119
1800,104119
98734,104119
1884,104129
89937,104129
344894,104129
1016,104135
1522,104135
926,104142
1123,104142
1850,104142
1210,104155
121559,104155
146,104181
5216,104181
276,104187
409,104187
1736,104187
911725,104187
148,104200
176,104200
546,104201
1223,104201
274508,104201
911542,104201
440514,104213
534132,104213
448,104215
469,104215
1299,104215
865302,104215
129,104231
173,104231
698764,104231
460,104237
1291,104237
1669,104237
156,104240
463,104240
168262,104240
9595,104251
223652,104251
502813,104251
674202,104251
417,104252
2105,104252
322513,104252
225,104254
245,104254
347,104254
526,104254
102,104257
129,104257
193,104257
197,104257
287333,104261
320762,104261
107,104265
152,104265
235,104265
616,104265
262543,104273
903677,104273
633,104283
2056,104283
707,104290
2663,104290
130,104291
154,104291
704,104291
256,104298
306,104298
1426,104298
39200,104298
164,104299
389,104299
623,104299
929,104309
1480,104309
329060,104309
588777,104309
103,104321
724,104321
981,104321
1746,104321
98266,104334
143617,104334
542677,104334
1204936,104334
421,104346
1133,104346
199,104348
273,104348
285,104348
493,104348
611,104362
1099,104362
194,104376
542,104376
5569,104376
106,104377
1457,104377
1231,104380
225191,104380
360,104389
1368,104389
1711,104389
133,104412
163,104412
349,104412
412,104412
197,104427
362,104427
800,104427
707,104428
2663,104428
346,104431
582,104431
1573,104431
827663,104431
115,104438
572,104438
1001,104438
1552,104438
554,104443
289038,104443
457655,104443
188,104452
443,104452
1127,104452
364915,104452
164,104454
307,104454
603,104454
668,104454
95,104466
1114,104466
1201,104466
1628,104466
598971,104473
656768,104473
220,104485
1108,104485
751638,104485
818,104489
502425,104489
928134,104489
114,104503
1025,104503
366,104507
1641,104507
199006,104507
946179,104507
1439,104511
1594,104511
5162,104511
1638,104516
228678,104516
1309,104521
435218,104521
601105,104521
289,104522
321,104522
489,104540
143150,104540
147983,104540
894690,104540
4851,104545
302105,104545
235,104549
412,104549
448,104549
65320,104549
415,104550
1518,104550
498247,104550
878152,104550
329,104558
706,104558
874684,104558
293550,104576
664499,104576
461,104613
1826,104613
701561,104613
483,104627
643,104627
280955,104638
596807,104638
170,104647
225,104647
163988,104676
264289,104676
318889,104676
440988,104676
381,104678
758,104678
1979,104678
457,104682
5370,104682
1584,104685
4486,104685
289098,104685
366027,104685
358,104691
656,104691
575184,104691
777760,104691
112,104692
1194,104692
4908,104693
338886,104693
133,104694
158,104694
187,104694
1614,104694
188,104695
357,104695
553,104695
700,104695
144,104696
403,104696
665,104696
672,104697
1441,104697
154,104714
418,104714
582,104714
623,104714
238,104720
1418,104720
98733,104720
793235,104720
192,104741
1738,104741
112,104743
2027,104743
798779,104743
215,104756
560,104756
1811,104756
1625,104762
2056,104762
234541,104762
201,104765
450116,104765
1744,104766
2057,104766
198072,104766
317293,104766
218,104779
424,104779
1075,104779
782561,104779
317725,104795
596807,104795
243,104797
291,104797
5148,104797
104,104802
800,104802
197,104804
289,104804
350,104804
1765,104804
619,104816
6702,104816
278752,104816
429207,104831
768334,104831
1334,104833
1527,104833
1574,104833
923210,104833
1719,104835
1851,104835
125,104839
966,104839
331,104850
435,104850
554,104850
571106,104850
463649,104860
865411,104860
1028,104864
597673,104864
389,104868
722,104868
809031,104868
1107,104897
1834,104897
764134,104897
147605,104918
785842,104918
166,104928
345,104928
689,104928
1601,104928
930,104946
97842,104946
99099,104946
114608,104946
582,104952
673,104952
1494,104952
925943,104952
178,104954
1457,104954
2128,104954
693,104968
1114,104968
859016,104968
461,104981
928720,104981
597,104984
1967,104984
268,104990
288,104990
380,104990
597,104990
1367,104994
194006,104994
997,104997
1228,104997
1233,104997
4365,104997
134,105001
1448,105001
106,105009
1434,105009
1445,105009
323,105017
993,105017
1186,105017
353546,105017
457,105045
1831,105045
99828,105045
518,105046
641,105046
433,105048
991,105048
1158,105048
930062,105048
1114,105052
747962,105052
530,105059
736263,105059
1629,105063
343325,105063
720277,105066
764450,105066
745,105067
1719,105067
111,105078
604,105078
1156,105080
288621,105080
449652,105080
861600,105080
1364,105103
676973,105103
648,105104
1744,105104
668271,105104
291,105107
5569,105107
317,105108
442,105108
1670,105108
148,105112
271,105112
293,105112
380,105127
458,105127
852,105127
94789,105127
317,105128
381,105128
411,105128
110,105130
668,105130
491402,105130
74847,105135
888154,105135
569226,105147
642522,105147
732090,105147
952848,105147
705,105150
1215,105150
1644,105150
155,105151
209,105151
627,105151
911542,105151
106,105156
643,105156
741388,105157
769154,105157
90,105159
151,105159
1151,105159
4486,105160
94789,105160
212,105165
285,105165
870,105165
885,105165
476,105173
555,105173
868,105173
430151,105173
442,105175
745,105175
1285,105175
1725,105175
582,105187
1347,105187
726223,105187
690,105191
151419,105191
284,105211
704,105211
966,105211
1334,105211
661,105214
1487,105214
990,105215
1872,105215
357,105217
874,105217
1475,105217
827973,105217
959,105219
541576,105219
564,105222
613,105222
722631,105222
115,105226
454,105226
1223,105226
172,105236
514,105236
619,105236
1606,105236
1049,105256
1215,105256
1492,105256
2062,105256
93,105265
643,105265
950,105265
1729,105265
870,105266
297538,105266
128,105275
571537,105275
145,105291
732,105291
222,105298
640,105298
352,105306
627,105306
199,105323
270,105323
563,105323
714310,105323
354,105327
409,105327
563,105327
871,105327
4816,105359
102744,105359
709204,105359
564,105361
159527,105361
236,105377
1617,105377
95,105378
1201,105378
1773,105378
140,105391
429,105391
553,105391
613,105391
156,105396
211,105396
121559,105411
233027,105411
756083,105411
403,105414
492,105414
1836,105414
295334,105414
403,105415
1714,105415
1718,105415
155,105417
1562,105417
1749,105417
481,105428
749,105428
101,105435
602,105435
1627,105435
562,105437
53384,105437
326,105459
442,105459
615,105466
1118,105466
230,105477
1851,105477
652,105480
695,105480
1470,105480
1673,105480
249,105481
514,105481
1162,105481
1199,105485
941708,105485
4109,105515
451600,105515
1108,105526
468772,105526
906261,105526
1696,105527
186469,105527
358180,105527
1725,105560
632664,105560
21835,105563
545899,105563
496,105572
1367,105572
1726,105572
244630,105572
1099,105573
1185,105573
1573,105573
674231,105573
402,105577
451,105577
526,105577
1413,105577
174,105585
1295,105585
1731,105585
911542,105585
577,105593
1664,105593
562807,105593
889926,105593
299,105597
1712,105597
229733,105602
543547,105602
2094,105614
723796,105614
761212,105614
419645,105616
454236,105616
245,105629
349,105629
705,105629
902,105631
966,105631
1282,105631
750916,105631
309,105634
104753,105634
200,105636
1084,105636
6669,105636
99,105645
514,105645
261,105660
2128,105660
749,105665
498247,105665
936403,105665
283,105670
1024,105670
5315,105670
64769,105670
1397,105678
1712,105678
322,105682
809,105682
143,105690
169,105690
219,105690
997,105690
553,105691
624,105691
186469,105691
642239,105691
142,105695
151,105695
432,105695
1321,105695
185,105698
241,105698
642522,105698
501,105699
621,105699
656,105699
52,105706
511,105706
870,105706
1788,105706
90,105712
726200,105712
200,105719
461,105719
141,105729
440988,105729
502425,105729
124481,105751
494784,105751
1409,105755
1586,105755
1696,105755
882,105768
603090,105768
166,105789
648,105789
655,105789
160,105790
460,105790
193661,105790
119,105793
196,105793
507,105793
1022,105793
113,105807
1044,105807
232,105809
1518,105809
1744,105809
438682,105809
276,105810
551,105810
624,105810
460694,105810
257,105811
1439,105811
1711,105811
792177,105811
437,105812
648,105812
1609,105812
274508,105812
168,105813
353,105813
620,105813
643,105819
1108,105819
400998,105819
426,105824
546,105824
731772,105824
860233,105824
148964,105836
748075,105836
1650,105885
180984,105885
164,106185
618,106185
1714,106185
728,106210
956956,106210
349,106220
471,106220
502,106220
1378,106220
704,106223
1673,106223
201,106226
213,106226
358,106226
1293,106233
175621,106233
160,106246
1759,106246
357979,106246
849,106251
1560,106251
2181,106251
508249,106251
274,106253
991,106253
1117,106253
1552,106257
103196,106257
1092,106258
103196,106258
115,106266
168,106266
171513,106266
503627,106266
9368,106275
473162,106275
695860,106275
954162,106275
377,106292
389,106292
1199,106292
5280,106292
442,106303
909620,106303
136,106307
666,106307
1159,106307
718,106308
1110,106308
132257,106308
317956,106308
185,106309
1719,106309
507212,106309
947,106323
1552,106323
77720,106323
146,106335
566,106335
1151,106339
1324,106339
49049,106339
498247,106339
1653,106340
193661,106340
21835,106346
596807,106346
700229,106346
959377,106346
751,106350
5019,106350
5212,106350
956,106353
1131,106353
1662,106353
1845,106353
952,106364
1127,106364
5078,106364
261724,106366
871456,106366
1301,106375
1372,106375
245,106379
1806,106379
661,106386
1388,106386
1520,106386
136,106387
194,106387
524,106387
1644,106387
616,106393
1606,106393
722221,106393
644,106395
708,106395
143,106400
1458,106400
1815,106400
167,106402
20717,106402
265492,106402
284,106418
286,106418
748075,106418
121,106447
403,106447
619,106447
655,106447
1598,106451
936403,106451
270,106452
672,106452
455767,106452
187,106453
271,106453
353,106453
1505,106453
357,106455
454,106455
648,106455
1557,106455
418,106464
532,106464
5569,106464
923366,106464
422,106466
429,106466
467,106466
1346,106466
973,106469
1963,106469
145,106471
200,106471
1696,106471
1748,106471
326,106479
997,106479
275913,106487
402730,106487
134,106489
969,106489
1590,106489
1674,106500
5300,106500
254402,106500
382,106504
451376,106504
594,106505
1592,106505
5278,106505
199,106519
491,106519
542,106519
576,106519
732,106536
995,106536
1156,106536
2663,106536
1097,106537
1669,106537
654110,106537
230,106582
1475,106582
740264,106582
238,106586
284,106586
2027,106586
101,106598
4852,106598
461446,106598
672103,106598
1006,106611
234791,106611
502442,106611
608,106613
852466,106613
947,106621
948723,106621
144,106627
224,106627
1748,106627
748075,106627
1439,106638
915989,106638
636694,106644
751638,106644
871456,106644
172,106660
187,106660
751638,106660
321,106661
700,106661
1347,106661
459,106664
1496,106664
364915,106664
740264,106664
177,106673
244,106673
1449,106673
190,106677
168262,106677
115,106684
299,106684
336,106684
366,106696
889513,106696
113,106697
230,106697
648,106697
1329,106697
502,106701
527,106701
687506,106701
961,106722
5045,106722
930062,106722
1722,106727
191369,106727
564724,106727
931165,106727
642198,106731
908914,106731
1411,106732
1418,106732
2026,106732
106,106753
160550,106753
394012,106753
1092,106761
1598,106761
905984,106761
937930,106761
579,106762
679410,106762
284,106796
960,106796
1879,106796
112,106822
555,106822
1815,106827
125148,106827
416893,106827
440514,106827
99,106833
553,106833
4883,106833
235,106834
966,106834
1552,106834
555,106837
872,106837
1586,106837
261724,106843
429207,106843
1210,106850
1277,106850
1617,106850
476,106851
1445,106851
1638,106854
626259,106854
761212,106854
140,106856
380,106856
1347,106856
1797,106856
271,106860
1505,106860
521,106866
1641,106866
702,106868
256121,106868
860233,106868
145,106873
707,106873
800,106873
625075,106873
664,106877
932,106877
313,106881
618,106881
1609,106881
693,106902
1332,106902
72768,106908
147605,106908
665,106912
1598,106912
1729,106912
113,106913
1729,106913
129,106918
432,106918
675,106918
1358,106918
1820,106921
429207,106921
708,106925
1283,106925
212,106926
598,106926
1001,106926
150,106941
270,106941
1891,106941
875951,106941
461,106946
397555,106946
483,106950
1748,106950
4286,106950
29,106954
369513,106954
369567,106954
768334,106954
2015,106963
915989,106963
514,106965
1614,106965
289098,106968
923366,106968
148,106977
169,106977
194,106977
688,106977
1397,106983
184392,106983
380,107004
432,107004
574,107004
836071,107004
297,107007
640,107007
2332,107007
430151,107007
868,107025
910256,107025
346,107034
704,107034
1556,107034
187724,107034
102522,107037
194136,107037
144812,107040
302105,107040
457,107042
596,107042
603,107042
878302,107042
793,107045
1152,107045
156314,107045
297602,107045
1751,107046
915208,107046
195,107048
510,107048
254402,107048
864997,107048
268,107050
493,107050
527,107050
580565,107050
360,107057
467,107057
2332,107057
241,107076
448,107076
648,107079
942646,107079
640,107090
665,107090
1525,107090
559144,107090
375,107091
1301,107091
1718,107091
5569,107091
160004,107107
343325,107107
1793,107110
1821,107110
148187,107110
322047,107110
336,107117
1194,107117
4729,107117
541,107120
572,107120
1562,107120
302,107123
1285,107123
411,107130
870,107130
150,107131
398,107131
17519,107131
76204,107131
221,107144
420,107144
978,107144
1077,107144
147,107146
587,107146
514,107147
644,107147
1787,107147
169,107148
678,107148
460,107151
658,107151
744,107151
352,107152
666,107152
1808,107152
539652,107152
1295,107164
908914,107164
849,107165
893941,107165
375959,107179
564805,107179
142,107206
518,107206
623,107206
1518,107206
358,107207
592,107207
393,107209
1976,107209
4486,107209
238,107210
385320,107210
193,107211
437,107211
602,107211
1025,107211
178,107212
200,107212
273,107212
2023,107212
99,107220
1340,107220
721,107224
2181,107224
793,107242
58181,107242
362,107247
641,107247
588,107277
281575,107277
862932,107277
864997,107277
389,107286
421,107286
1151,107286
1459,107286
156,107290
277,107290
368,107290
554,107290
1703,107296
374610,107296
93,107302
496,107302
721,107315
1075,107315
929,107319
664499,107319
936403,107319
261,107322
2059,107322
103038,107322
469103,107322
900915,107330
927641,107330
448,107333
1434,107333
1429,107346
353717,107346
236711,107356
429207,107356
216,107362
719,107362
1097,107362
138770,107362
375,107372
1051,107372
26804,107372
658113,107372
184392,107416
908914,107416
206,107426
403,107426
1389,107426
43041,107427
381606,107427
237,107438
263,107438
616,107451
749,107451
1475,107451
2057,107451
194,107455
209,107455
265,107455
492,107455
510,107455
546,107455
911542,107455
460,107468
7183,107468
366,107471
809,107471
134,107473
195,107473
235,107473
155,107478
226,107478
505,107478
1101,107478
253216,107479
959377,107479
173,107497
285,107497
597,107497
154,107501
1763,107501
926592,107501
448,107504
639,107504
182456,107504
95,107507
473,107507
302,107520
767,107520
330,107523
494,107523
524,107523
977,107523
422,107529
1550,107529
2027,107573
908919,107573
4920,107590
919361,107590
131,107594
514,107594
1125,107594
200,107597
457,107597
1283,107597
1884,107601
955195,107601
1659,107604
706298,107604
130,107606
603,107606
695,107606
1251,107606
978,107610
65274,107610
105835,107610
265999,107610
152,107611
565,107611
843,107611
369,107613
458,107613
571,107613
1711,107613
112,107614
245,107614
398,107614
1213,107614
110,107616
206,107616
295,107616
668,107616
652,107623
1164,107623
1597,107623
1826,107623
1987,107624
727120,107624
1346,107626
511270,107626
173,107630
474,107630
1451,107630
925966,107630
667,107653
1020,107653
168,107659
347,107659
389,107659
438,107665
1625,107665
1884,107665
1768,107666
494784,107666
90469,107672
467478,107672
424,107683
532,107683
461,107684
1108,107684
1153,107684
111,107685
675,107685
1711,107685
1028,107695
768334,107695
1584,107702
226583,107702
350383,107702
852965,107702
241,107711
275,107711
1085,107711
1092,107750
507212,107750
444,107755
5351,107755
708,107756
187998,107756
842770,107756
448,107763
184392,107763
236711,107763
476,107773
981,107773
317293,107773
210,107798
243,107798
1334,107798
1731,107798
317725,107802
764450,107802
126,107808
142,107808
368,107808
412901,107808
144045,107815
946179,107815
158,107818
243,107818
561809,107818
172,107822
456,107822
554,107822
1593,107822
732,107824
1007,107824
1859,107824
324,107842
461,107842
321,107843
403,107843
551,107843
1208,107843
286,107863
1474,107863
5522,107863
932,107889
1001,107889
1729,107889
4898,107889
1108,107912
1194,107912
233027,107912
107,107927
174,107927
654,107927
395,107937
461,107937
933310,107937
164,107943
668,107943
1659,107943
4851,107956
227958,107956
408538,107956
502813,107956
285768,107962
414979,107962
724784,107962
933310,107962
125,107969
172,107969
648,107969
198,107983
496,107983
565,107983
997,107985
5272,107985
510,107999
553,107999
1557,107999
860233,107999
171,108000
276062,108000
593841,108000
276,108002
885,108002
269463,108002
511196,108002
185168,108003
714561,108003
228678,108006
322339,108006
679410,108006
369,108026
418,108026
461,108045
2122,108045
146,108052
553,108052
1426,108052
328751,108052
260,108065
1426,108065
1505,108065
695,108072
828980,108072
194006,108099
499223,108099
164,108101
700,108101
2148,108119
101005,108119
194,108122
209,108122
510,108122
1117,108122
1272,108134
1687,108134
551,108135
869,108135
1321,108135
128,108137
328751,108137
1024,108143
641509,108143
155,108147
1562,108147
1749,108147
400464,108147
226,108149
330,108149
661,108149
5212,108149
158,108160
212,108160
232,108162
287,108162
297,108162
908116,108162
97,108169
874,108169
1210,108169
297,108171
708,108171
196,108174
1439,108174
1625,108174
1802,108174
218,108182
693799,108182
149,108185
152,108185
1303,108186
1736,108186
809031,108186
1347,108207
1385,108207
1876,108207
246,108238
572,108238
1199,108238
1744,108238
693,108253
1742,108253
5078,108253
454,108255
491,108255
526,108255
1364,108255
581277,108260
793634,108260
461,108264
719,108264
1891,108264
394012,108264
288,108265
494,108265
1347,108265
1844,108265
706,108281
1472,108281
84,108289
155607,108289
101005,108306
281234,108306
593841,108306
937930,108306
480,108308
793634,108308
876958,108308
459,108311
1223,108311
1624,108311
551,108320
1864,108320
5559,108320
113,108327
526,108327
551,108327
134,108330
138,108330
289,108330
221,108333
563,108333
662,108333
1624,108333
145,108334
287,108334
1488,108334
1592,108334
434,108342
1044,108342
1397,108342
720277,108351
764450,108351
2181,108356
545899,108356
720277,108356
174,108358
200,108358
385,108358
621,108358
404091,108370
524528,108370
254,108372
320762,108372
524528,108372
164,108388
1492,108388
1673,108388
828980,108388
596,108395
1123,108395
1458,108395
99,108399
174,108399
225,108399
454,108399
947,108401
98734,108401
223,108410
409,108410
751,108420
911542,108420
1586,108440
2122,108440
598,108442
678,108442
1804,108442
2105,108443
41458,108443
320808,108443
225,108451
673,108451
1609,108451
113,108473
313,108473
662,108473
1802,108473
606,108500
2010,108500
1586,108517
1696,108517
949385,108517
885,108518
1228,108518
751,108521
1251,108521
1525,108521
855103,108521
119,108525
196,108525
686,108525
1022,108525
422,108526
281486,108526
674231,108526
530,108539
1738,108539
4752,108539
435218,108539
136,108550
138,108550
496,108550
5460,108550
291,108551
401,108551
547,108554
642239,108554
579,108555
640,108555
1800,108557
1987,108557
546797,108557
4971,108559
608378,108559
598,108569
700,108569
1826,108569
397124,108569
53,108588
874,108588
1194,108588
113,108596
380,108596
511,108596
1321,108596
275,108597
754,108597
1475,108597
172,108633
322513,108633
357,108636
409,108636
661,108636
104,108670
626202,108670
310865,108674
557859,108674
286,109021
580,109021
714310,109021
666,109028
1770,109028
356342,109028
619185,109028
326,109034
1505,109034
1659,109034
47223,109035
502442,109035
120,109040
707,109040
775,109042
1615,109042
654,109045
1602,109045
751405,109045
915989,109045
114,109068
409,109068
1191,109068
1376,109093
233027,109093
949433,109093
1557,109099
14977,109099
410903,109099
636694,109099
1018,109120
1210,109120
418,109127
502,109127
1103,109127
133,109129
1254,109129
1653,109129
878152,109129
1759,109157
1829,109157
2027,109157
516215,109157
1278,109178
38695,109178
344603,109178
1223,109190
1505,109190
1592,109190
616,109191
4920,109191
649,109196
1185,109196
106,109198
510,109198
524,109198
656,109198
227,109219
74065,109219
629737,109219
442,109226
588,109226
1488,109226
569011,109226
960,109234
1153,109234
552,109254
171903,109254
855103,109254
871456,109254
1709,109255
65274,109255
293,109279
667,109279
1834,109288
2101,109288
4979,109288
492441,109288
137047,109293
323344,109293
341414,109293
341419,109293
656,109297
1644,109297
1664,109297
295334,109297
169,109303
313,109303
751,109303
978,109303
169,109306
959,109306
1448,109306
811202,109306
515,109307
410903,109307
640,109312
1044,109312
448,109323
1044,109323
1617,109323
1863,109323
411,109327
1449,109327
362955,109327
929,109336
571874,109336
546,109340
627,109340
1215,109340
1696,109340
131,109348
236,109348
1590,109348
1848,109348
596,109352
686,109352
270445,109354
865411,109354
1244,109356
447290,109356
254402,109361
304000,109361
201669,109362
239816,109362
403,109368
480,109368
1788,109368
2025,109368
502,109369
3289,109369
5044,109369
778642,109369
257,109370
1006,109370
1629,109370
674231,109370
566,109374
619,109374
20717,109374
721,109386
144045,109386
101,109390
107,109390
277,109390
318,109390
926,109390
122675,109390
488477,109392
946179,109392
381,109400
1507,109400
221,109402
1785,109402
143,109403
297,109403
417,109403
1530,109403
306,109405
193868,109405
279258,109405
952129,109405
438,109417
656,109417
1097,109417
5568,109427
504949,109427
345,109439
1588,109439
827663,109439
420,109443
469,109443
1022,109443
1629,109443
148,109444
271,109444
353,109444
21835,109444
169,109446
215,109446
571,109446
1056,109447
1301,109447
1737,109447
5460,109447
169,109450
357,109450
367,109454
524528,109454
246,109456
690,109456
1952,109456
420,109461
72768,109461
1664,109469
942646,109469
159,109478
1598,109478
642429,109478
878907,109478
331,109480
1108,109480
1588,109480
1848,109480
155,109484
501,109484
554,109491
627,109491
289098,109491
437,109493
662,109493
1368,109493
1518,109493
176,109494
1299,109494
1626,109494
1557,109498
5438,109498
6610,109498
317293,109498
5148,109504
5569,109504
446314,109504
249,109514
870,109514
1642,109514
1794,109514
389,109520
2062,109520
747962,109520
875951,109520
532,109532
1367,109532
20309,109534
696041,109534
831898,109534
894690,109534
1108,109536
1698,109536
929,109546
908914,109546
292082,109548
953262,109548
1397,109551
565569,109551
530,109566
1615,109566
48273,109566
876958,109566
513,109569
1748,109569
126499,109573
199939,109573
542677,109573
565841,109573
374,109575
693531,109575
314,109578
1153,109578
662981,109578
244,109579
1426,109579
925,109582
1058,109582
1719,109588
949385,109588
140,109635
193,109635
661,109635
328751,109635
492,109642
870,109642
1626,109642
1287,109643
1457,109643
5246,109643
498247,109643
29,109656
2078,109656
652,109665
749,109665
648,109676
997,109676
5052,109676
120,109686
452,109686
1099,109686
849,109699
253216,109699
1461,109702
201669,109702
2122,109703
914113,109703
99,109707
136,109707
572,109707
1445,109707
4851,109735
545899,109735
700229,109735
868479,109735
1815,109739
440514,109739
20716,109742
186505,109742
193421,109742
520234,109742
275913,109754
402730,109754
101,109758
1127,109758
5280,109758
477,109759
480,109759
1528,109759
339304,109759
1664,109761
1967,109761
620,109765
1742,109765
227958,109771
959113,109771
532,109775
924204,109775
93,109783
597,109783
1527,109783
468772,109783
135585,109795
936198,109795
852,109800
320808,109800
379072,109800
487254,109800
622,109811
1277,109811
809031,109811
422,109813
932,109813
5280,109813
131,109816
1457,109816
158,109830
398,109830
641,109830
705,109830
424,109831
510,109831
1003,109831
281424,109831
200,109835
507,109835
110,109836
134,109836
307,109836
229733,109837
374610,109837
222,109838
6669,109838
616,109840
1194,109840
317293,109840
168,109842
2064,109842
1860,109855
394012,109855
457,109862
27401,109862
147750,109862
3717907,109862
6237035,109862
6237036,109862
7886690,109862
107,109890
249,109890
285,109890
514,109890
346,109891
444,109891
1101,109891
7210,109891
1785,109893
537554,109893
722,109900
1221,109900
1614,109906
27323,109906
1309,109912
160004,109912
369,109917
456124,109917
125,109920
695,109920
1475,109920
295506,109920
18,109936
150,109936
1802,109936
115,109951
511,109951
1902,109951
671721,109951
483,109959
1459,109959
1772,109959
5522,109959
1309,109969
699425,109969
1025,109982
1852,109982
238,109987
304000,109987
429207,109987
639200,109987
65007,109995
76082,109995
701,110005
1491,110005
670582,110005
64229,110013
431451,110013
483,110027
679,110027
5522,110027
3244,110036
98709,110036
90,110044
99,110044
4883,110044
330687,110044
1397,110052
1598,110052
1840,110052
56,110074
209,110074
492,110074
1164,110074
210,110093
560,110093
7210,110093
714310,110093
560,110097
1413,110097
209,110099
212,110099
527,110099
103,110115
172,110115
352,110115
1488,110115
198,110116
618,110116
469103,110116
824373,110116
1614,110123
1736,110123
4873,110123
4979,110123
238,110134
981,110134
1831,110138
636694,110138
152,110146
232,110146
357,110146
1445,110146
93,110148
104,110148
129,110148
379,110148
228,110157
1773,110157
40015,110157
458,110165
94789,110165
115,110167
403,110167
1609,110167
1085,110168
1301,110168
5460,110168
4929,110169
4980,110169
586,110186
5300,110186
940158,110186
225,110197
582,110197
721,110197
626259,110207
768334,110207
922671,110207
1599,110212
89408,110212
936198,110212
144,110213
554,110213
372176,110213
216,110216
362,110216
668,110216
1449,110216
211,110259
1439,110259
1967,110259
2023,110259
182456,110295
636694,110295
924204,110295
644,110305
855103,110305
90,110306
822972,110306
459,110313
1590,110313
1592,110313
93,110322
164,110322
566,110322
1644,110322
261724,110331
593844,110331
1426,110341
1772,110341
546816,110341
350,110353
421,110353
1357,110353
520234,110353
111,110357
155,110357
460,110357
469,110357
411,110365
603,110365
619,110365
446702,110365
132,110367
213,110367
215,110367
379,110367
593,110392
616,110392
250,110395
1062,110395
4743,110395
168262,110395
1831,110398
435218,110398
586,110399
1165,110399
724757,110399
276,110400
1718,110400
168262,110400
515296,110400
198,110413
204,110413
606,110413
732,110413
367,110425
882,110425
99828,110425
372,110428
545,110428
1291,110428
1329,110428
1507,110434
1558,110434
604507,110434
940173,110434
221,110442
297,110442
929,110442
461,110443
1834,110443
1696,110472
302105,110472
120,110475
139,110475
338886,110475
726200,110475
149,110478
154,110478
1258,110478
1295,110478
185,110490
1470,110490
429,110516
438,110516
532,110516
1960,110521
959113,110521
277,110527
1518,110527
1610,110527
1522,110530
626728,110530
188,110538
1404,110538
1439,110538
172,110557
211,110557
301,110557
111,110588
492,110588
1251,110588
1714,110588
1153,110593
381606,110593
1057,110598
341737,110598
402730,110598
498275,110598
367,110612
1337,110612
1381,110612
101,110613
130,110613
1043,110613
1228,110620
311297,110620
1421,110622
1740,110622
571,110623
655,110623
1049,110623
1494,110623
182666,110631
344894,110631
437,110632
496,110632
1098,110632
1744,110632
149,110638
553,110638
1670,110638
693,110649
872,110649
1114,110649
1685,110651
5078,110651
461,110657
1552,110657
5476,110657
530,110668
161893,110668
491005,110668
957825,110668
624,110671
1574,110671
722631,110671
238,110675
1108,110675
448,110678
501,110678
56,110684
246,110684
429,110684
1788,110684
246,110687
704,110687
442,110689
719,110689
1409,110689
1625,110689
104,110712
124,110712
219,110725
323,110725
1525,110725
32810,110729
607325,110729
375,110737
673,110737
1372,110737
21835,110737
5315,110759
269463,110759
911725,110759
949385,110759
346,110763
502,110763
335,110771
380,110771
474,110771
673,110771
366,110780
928134,110780
4248,110785
6702,110785
613284,110785
836,110791
1210,110791
315288,110791
40939,110796
307255,110796
220,110803
1367,110803
1811,110826
908914,110826
846,110836
387524,110836
491402,110836
687506,110836
147,110849
315288,110849
748075,110849
47265,110857
333701,110857
935498,110857
1101,110867
5460,110867
777760,110867
865276,110867
1020,110882
171499,110882
430847,110882
784884,110882
1015,110889
929489,110889
288,110891
321,110891
545,110891
4051,110891
121,110892
177,110892
980,110892
400998,110892
47,110907
52,110907
210,110907
144045,110907
75650,110911
171811,110911
168,110912
235,110912
237,110912
246,110912
146,110932
1555,110932
1806,110932
223,110936
1530,110936
522398,110936
909620,110936
524,110939
885,110939
903,110939
122675,110939
2142,110944
5246,110944
97,110948
1332,110948
1418,110948
160,110950
213,110950
413,110950
1872,110950
1698,110954
70115,110954
748075,110954
228,110955
1114,110955
1459,110955
211,110956
708,110956
298281,110956
254,110963
767,110963
809,110963
1641,110963
344,110965
981,110965
362,110971
893,110971
1664,110971
2138,110971
190,110978
250,110978
28690,110986
180984,110986
346,110989
1346,110989
2056,110989
488662,110989
102,110997
657,110997
658,110997
274,110999
483,110999
982,110999
1729,110999
111,111001
131,111001
164,111001
403,111001
661,111003
689,111003
202966,111003
702,111048
725,111048
998,111048
1151,111048
215,111054
1315,111054
1731,111054
1763,111054
741,111070
1662,111070
187724,111070
929,111079
1397,111079
409,111094
1848,111094
458,111102
20717,111102
579,111122
616,111122
1863,111122
302105,111124
315767,111124
744107,111124
157,111125
902,111125
5253,111125
498,111127
678,111127
1832,111127
222,111133
441377,111133
285,111143
542,111143
1967,111143
191,111149
1172,111149
289098,111149
832792,111149
167,111151
722,111151
1367,111151
151,111161
209,111161
6669,111161
2081,111169
792177,111169
179,111173
1244,111173
675730,111173
157,111187
377,111187
1475,111187
708,111190
1123,111190
1586,111190
434,111191
220735,111191
188,111194
321,111194
1473,111194
1573,111194
1617,111199
194006,111199
227039,111199
724757,111199
424,111201
554,111201
613,111205
562003,111205
369513,111212
369567,111212
655,111218
672,111218
1729,111218
1397,111228
5251,111228
146814,111230
379072,111230
172,111237
1609,111237
217716,111237
1902,111244
662981,111244
230,111255
232,111255
249,111255
1768,111255
133,111256
474,111256
1659,111256
113,111257
206,111257
454,111257
608012,111257
98123,111260
185635,111260
191504,111260
1597,111271
63440,111271
65942,111271
532,111280
638,111280
1772,111280
621,111282
652,111282
1109,111282
511798,111282
547,111285
644,111285
241,111301
471,111301
1840,111301
128,111309
860233,111309
185,111314
98734,111314
442,111323
997,111323
1165,111323
809,111342
1376,111342
571537,111356
746896,111356
664,111359
1624,111359
1763,111359
612,111361
908094,111361
1367,111397
1617,111397
176,111400
221,111400
1254,111400
1520,111400
321,111416
1321,111416
608090,111416
286,111418
793,111418
1038,111418
1223,111418
1445,111434
1648,111434
1884,111434
214,111438
241,111438
569226,111438
798779,111438
3244,111449
4851,111449
103,111453
1025,111453
1599,111453
353,111454
1669,111454
1287,111464
5571,111464
651,111470
1043,111470
115,111477
1022,111477
119,111480
284,111480
1367,111480
321,111488
458,111488
695,111488
800,111488
640,111492
929,111492
1638,111492
130,111503
200,111503
216,111503
792,111503
324,111506
1221,111506
1831,111506
350,111525
893,111525
1406,111525
295,111549
193661,111549
719678,111585
741388,111585
229733,111652
350350,111652
388744,111652
900915,111652
1006,111653
72344,111653
126,111667
704,111667
1858,111667
709634,111667
1999,111687
197714,111687
343472,111687
696395,111687
212,111693
412,111693
995,111693
1160,111712
1201,111712
1670,111712
687506,111712
409,111732
582,111732
1131,111732
446702,111732
197,111742
201,111742
652,111742
625075,111742
126,111756
432,111756
598,111756
1598,111825
641509,111825
120,112281
1003,112281
573862,112281
666,112288
686,112288
1711,112288
4908,112288
21835,112304
253216,112304
102288,112320
285768,112320
1393,112323
1653,112323
758760,112323
845270,112323
140,112346
150,112346
640,112346
906,112346
1487,112362
295506,112362
299028,112362
571537,112362
367,112366
2010,112366
370035,112367
638395,112367
110,112373
335,112373
102,112384
158,112384
200,112384
641,112384
104,112401
194,112401
230,112401
448,112418
7082,112418
28907,112418
668271,112418
424,112427
614,112427
35605,112427
342,112431
546816,112431
719,112433
1367,112433
5571,112433
337,112435
4922,112435
86205,112435
646351,112435
53,112440
1699,112440
226,112442
1454,112442
102288,112442
848075,112442
289,112443
401,112443
1449,112443
4729,112443
102,112453
403,112453
1364,112453
180984,112454
391922,112454
138,112461
966,112461
534944,112461
812427,112461
120,112462
169,112462
173,112462
174,112462
153,112483
1520,112483
1679,112483
722221,112483
1235,112494
1863,112494
99,112495
531,112495
336960,112495
461931,112495
430,112499
761587,112499
1191,112508
569000,112508
925966,112508
933098,112508
214,112515
405,112515
4743,112515
1024,112518
899995,112518
191,112537
1876,112537
675730,112537
150,112541
172,112541
799591,112564
912938,112564
106,112571
155,112571
190,112571
571,112571
1480,112572
55549,112572
170550,112572
852132,112572
154,112573
521,112573
640,112574
1044,112574
674781,112574
5312,112575
302446,112575
470981,112578
585098,112578
761212,112578
142,112579
658,112579
261724,112581
369567,112581
122653,112585
569458,112585
235652,112602
689237,112602
827663,112602
837976,112602
413,112606
546,112606
1642,112606
1663,112606
1223,112611
1251,112611
1844,112611
817983,112611
640,112626
1505,112626
1586,112626
1768,112626
1804,112628
1863,112628
253035,112628
596,112637
668,112637
134,112641
232,112641
249,112641
582,112641
207,112642
597,112642
1385,112642
1550,112642
52,112654
310865,112654
1439,112656
1629,112656
272173,112657
375959,112657
65007,112675
709204,112675
378,112679
563,112679
4787,112679
642374,112679
172,112688
1616,112688
1806,112688
5148,112688
224,112697
1107,112697
5261,112697
748620,112697
874,112700
1108,112700
594,112702
5162,112702
726200,112702
129538,112712
751638,112712
218,112714
89937,112714
347,112715
1368,112715
1473,112715
909620,112715
366,112716
518,112716
244,112722
456,112722
551,112722
1530,112722
649,112729
1685,112729
299,112732
2023,112732
243,112740
432,112740
1169,112740
2023,112740
197,112744
705,112744
1378,112744
1556,112744
469,112749
1165,112749
1321,112749
475100,112749
315767,112756
744107,112756
133,112760
546,112760
1449,112760
1999,112760
302,112769
1376,112769
94789,112769
144045,112769
201,112792
1169,112792
238,112804
141682,112804
11038,112810
322339,112810
136,112817
417,112817
448,112817
215,112818
576,112818
698764,112818
676,112819
135585,112819
202966,112819
745,112829
679410,112829
192,112830
1418,112830
446,112838
748075,112838
693,112839
1470,112839
1598,112839
424216,112847
661293,112847
104,112851
161,112851
1507,112851
21835,112851
233,112854
1457,112854
1518,112854
1802,112854
243,112857
332,112857
1744,112857
168,112864
246,112864
460,112864
1295,112864
1397,112882
424635,112882
8,112883
136,112883
1159,112883
656768,112883
628,112887
1166,112887
1917,112889
17343,112889
378855,112889
707,112895
864997,112895
652,112904
110507,112904
557281,112904
569547,112904
238,112942
341267,112942
1028,112950
1439,112950
168262,112950
320481,112951
954704,112951
17343,112953
319843,112953
378855,112953
424,112966
538,112966
573862,112966
102744,112969
643740,112969
397,112991
1397,112991
201669,113006
488477,113006
287,113010
925,113010
1520,113010
274,113014
286,113014
211,113028
1117,113028
101005,113028
103038,113028
1223,113031
1262,113031
276062,113031
1522,113039
1685,113039
188,113041
473,113041
1737,113041
1110,113044
68552,113044
428121,113044
700856,113044
1831,113065
184392,113065
1698,113067
593841,113067
125,113071
152,113071
566,113071
2027,113071
532,113074
199939,113074
429207,113075
941708,113075
121559,113080
233027,113080
168,113089
546,113089
655,113089
1802,113089
1299,113092
923529,113092
345,113097
700,113097
1505,113097
828906,113097
104,113101
619,113101
321,113107
369,113107
1594,113107
749,113116
1738,113116
177,113117
212,113117
459,113117
606,113117
505,113118
676,113118
1084,113118
1474,113118
1393,113128
227958,113128
1624,113133
262968,113133
367,113145
656768,113145
492,113158
1611,113158
1858,113158
237,113161
362,113161
432,113161
623,113161
1557,113168
596807,113168
143,113173
1069,113173
1530,113173
503627,113173
1015,113184
626362,113184
645683,113184
207,113188
1043,113188
450116,113188
112,113189
293,113189
463,113189
411,113211
527,113211
651,113211
1453,113211
622,113224
869,113224
1776,113224
372176,113224
47,113228
268,113228
493,113228
527,113228
448,113238
217645,113238
498,113243
1401,113243
1538,113243
103038,113243
1160,113249
41458,113249
387524,113249
525921,113249
587,113253
748620,113253
752751,113253
24,113269
295,113269
1644,113269
134,113277
174,113277
199,113277
685,113277
239,113280
1323,113280
1859,113280
898546,113280
156,113303
224,113303
1441,113303
5438,113303
124,113305
1650,113305
1785,113305
4898,113305
119,113313
661,113313
1299,113313
1475,113313
613,113314
1324,113314
233027,113314
1100,113319
1844,113319
498247,113319
375,113321
456,113321
843,113321
1164,113321
329,113326
948123,113326
328751,113337
687506,113337
213,113347
843,113347
995,113347
413,113369
7082,113369
119,113394
616,113394
1592,113394
299,113406
676973,113406
934902,113406
554,113409
1638,113409
1831,113409
420955,113419
514342,113419
603090,113435
626259,113435
263,113442
430,113442
1580,113442
1581,113442
616,113443
1117,113443
526,113448
1132,113448
40586,113448
1077,113451
1590,113451
560,113463
569,113463
627,113463
872,113466
1089,113466
185,113481
206,113481
557859,113489
693799,113489
574,113490
1832,113490
628601,113490
230,113492
800,113492
1638,113492
1705,113492
245,113497
379,113497
1372,113497
404993,113497
119,113500
1736,113500
1804,113500
125,113501
401,113501
1009,113501
5516,113501
1525,113533
1726,113533
2064,113535
207218,113535
655,113537
357979,113537
722,113538
5272,113538
249,113542
494,113542
1019,113543
768334,113543
115,113552
166,113552
168,113552
1586,113609
1598,113609
139,113613
1272,113613
253035,113613
672103,113613
297,113617
1347,113617
1748,113617
115,113627
223,113627
1696,113627
1714,113638
1772,113638
721,113649
6702,113649
317725,113649
1057,113658
185635,113658
292082,113667
317293,113667
111376,113670
192377,113670
326,113674
1127,113674
732309,113674
828906,113674
5315,113675
72768,113675
489436,113675
751638,113675
114,113677
551,113677
1416,113677
453,113682
613,113682
1101,113682
950867,113682
836,113690
901926,113690
421,113691
657,113691
932,113691
1448,113691
106,113729
498,113729
563,113729
149708,113729
214,113732
608,113732
1319,113737
5045,113737
468772,113737
6893,113748
569011,113748
1231,113749
5134,113749
852,113773
470981,113773
307,113774
625075,113774
751085,113774
104,113808
572,113808
1201,113808
4743,113808
95,113819
227,113819
715,113839
1804,113839
2059,113839
182,113845
437,113845
648,113845
86706,113845
235,113849
603,113849
2081,113849
155,113851
569,113851
678,113851
1610,113851
377,113862
444,113862
1156,113862
593,113865
1136,113865
1859,113865
2663,113865
65352,113867
460694,113867
908158,113867
931324,113867
102,113870
198,113870
225,113870
1110,113870
1751,113896
5246,113896
557859,113909
954704,113909
721,113918
527002,113918
97,113926
1777,113926
1831,113926
1045,113936
536723,113936
448,113939
616,113939
1397,113939
1160,113943
371342,113943
641244,113943
322,113947
767,113947
1687,113952
862932,113952
113,113957
562,113957
104,113965
360,113965
136,113972
686,113972
1165,113972
194,113986
349,113986
424,113986
792,113986
164,113987
260,113987
438,113987
959,113987
98372,113999
668271,113999
53542,114001
84781,114001
195603,114001
256304,114001
259517,114001
269587,114001
277419,114001
1089,114005
1293,114005
498247,114005
689269,114005
1324,114007
1487,114007
4778,114008
854580,114008
224,114009
1254,114009
193,114011
207,114011
301,114011
5280,114011
429207,114025
583951,114025
751,114041
1664,114041
639,114042
372958,114042
418,114048
501,114048
1459,114048
234791,114048
110,114057
401,114057
1393,114057
151,114069
163,114069
228,114069
623,114069
448,114070
822694,114070
53,114075
731772,114075
362429,114084
940158,114084
518,114086
1393,114086
793,114088
1424,114088
205,114095
246585,114095
171,114099
363,114099
409,114099
1557,114099
347,114108
902,114108
1737,114108
547,114113
673,114113
1378,114113
1590,114113
414,114114
1185,114114
1434,114122
165101,114122
177933,114122
431451,114122
374,114125
236711,114125
162,114131
422,114131
1038,114131
1441,114131
1313,114142
1765,114142
924204,114142
1965,114146
41458,114146
693799,114146
154,114148
288,114148
1282,114149
2142,114149
641509,114149
867588,114149
192,114151
628,114151
75359,114151
156,114168
448,114168
1218,114168
5460,114168
960,114193
387987,114193
480,114194
515,114194
655,114194
686,114194
143,114210
287,114210
491,114210
1244,114210
128,114214
138,114214
232,114214
432,114214
5476,114216
325707,114216
1218,114226
2663,114226
1364,114228
862932,114228
1201,114241
1282,114241
375,114272
554,114272
667,114272
908116,114272
906,114279
5212,114279
457,114287
553,114287
619,114287
1448,114287
194,114296
393,114296
665,114296
995,114296
128,114303
403,114303
980,114303
148,114319
566,114319
1427,114319
62196,114322
70925,114322
933959,114322
950320,114322
194,114323
75359,114323
193,114345
198,114345
380,114345
377,114347
459,114347
1592,114347
693,114367
748075,114367
72768,114368
302105,114368
93,114369
151,114369
228,114369
454,114371
1162,114371
274174,114371
460694,114371
1474,114375
1850,114375
668,114388
701,114388
281424,114388
929489,114388
1194,114394
53887,114394
214,114397
336,114397
708,114397
751638,114397
185,114432
221903,114432
153,114436
1492,114436
1117,114462
908914,114462
172,114478
458,114478
2064,114478
5283,114489
877928,114489
2018,114494
543547,114494
210,114496
380,114496
598,114496
1687,114496
449,114508
514,114508
547,114508
1426,114508
283,114533
874,114533
380,114534
1133,114534
1644,114534
4920,114534
273,114536
412,114536
1592,114536
1797,114536
1436,114556
1530,114556
146,114558
291,114558
496,114558
1744,114558
352,114571
624,114571
241,114576
959,114576
592,114577
656768,114577
227,114592
129538,114592
408284,114592
228,114594
405,114594
1125,114594
1844,114594
586,114608
708,114608
6669,114608
584020,114612
754807,114612
1614,114614
915208,114614
227,114616
498,114616
483,114622
1001,114622
1517,114622
1075,114648
1863,114648
90,114658
155,114658
1069,114658
412,114660
502,114660
686,114660
1235,114660
435,114666
1018,114666
1759,114666
446702,114666
1552,114676
1586,114676
173,114681
369,114681
729,114681
1618,114681
330,114682
491,114682
648,114682
664,114682
138,114702
667,114702
1960,114702
158,114709
741,114709
1815,114709
93,114746
246,114746
656,114746
219,114781
1337,114781
408284,114782
472762,114782
286,114784
503,114784
1606,114784
888727,114784
223,114788
1209,114788
1251,114788
254362,114788
322,114790
809,114790
510,114798
1806,114798
1999,114798
724245,114798
300621,114812
631877,114812
228,114814
286,114814
321,114814
1590,114814
822765,114819
929433,114819
291,114825
552,114825
5300,114825
362429,114825
353,114846
554,114846
1393,114846
1722,114846
263,114852
1659,114852
128,114857
243,114857
1488,114857
562,114866
74065,114866
291,114885
1365,114885
222643,114885
5300,114888
341176,114888
608012,114888
842314,114888
126,114898
454,114898
675,114898
1089,114916
124481,114916
293,114917
503,114917
592,114917
446287,114917
113,114924
597,114924
1251,114924
1967,114924
238,114925
103196,114925
237,114928
1488,114928
353546,114936
949744,114936
793,114937
1323,114937
178,114938
289,114938
313,114938
457,114938
142,114939
285,114939
162,114941
686,114941
874,114941
584,114948
5556,114948
452288,114948
575184,114948
174,114952
1527,114952
1729,114952
622,115030
541576,115030
1108,115062
1262,115062
335,115433
613,115433
1099,115433
687506,115433
159,115438
234,115438
732,115438
1099,115438
2181,115447
470981,115447
626259,115447
449,115471
483,115471
991,115472
1424,115472
1445,115472
767,115478
1376,115478
2100,115478
72768,115478
52,115479
809,115479
21835,115479
227958,115479
32,115493
301,115493
440229,115493
369,115495
641,115495
1159,115495
1209,115495
221,115509
1123,115509
728,115516
813961,115516
76082,115523
643740,115523
481,115526
1085,115526
1397,115531
1698,115531
1828,115531
4851,115536
6702,115536
1250,115549
487254,115549
899,115561
1960,115561
147605,115564
227958,115564
221,115571
771493,115571
155,115580
1848,115580
908919,115580
164,115591
123632,115591
220015,115598
488477,115598
446,115610
688285,115610
429207,115614
593841,115614
1125,115632
1231,115632
942482,115632
444,115633
492,115633
253035,115633
369,115639
459,115639
1187,115639
1272,115639
193,115641
246,115641
1458,115641
431918,115641
225,115644
524,115644
982,115644
781899,115644
411,115645
553,115645
658,115645
32,115653
336,115653
1765,115653
587518,115653
253216,115663
959377,115663
458,115675
1329,115675
1393,115675
1669,115675
792,115676
1406,115676
1724,115678
1804,115678
286,115683
1736,115683
40472,115683
245,115685
432,115685
1848,115685
1472,115693
948123,115693
1513,115697
2056,115697
555,115698
497826,115698
442,115701
228678,115701
981,115709
236711,115709
182,115710
197,115710
323,115710
1151,115710
155,115725
367,115725
5286,115725
551908,115725
749,115727
1794,115727
1844,115727
317293,115727
5561,115734
5562,115734
153,115736
236,115736
1592,115736
752636,115736
1416,115738
1806,115738
5377,115738
89408,115738
213,115742
604,115742
1305,115742
1457,115742
191,115744
592,115744
852,115751
1020,115751
1745,115751
1833,115751
225,115759
237,115759
526,115759
5148,115759
32810,115760
190744,115760
784884,115760
904287,115760
620,115781
4778,115781
1001,115783
1191,115783
1834,115783
4248,115797
56763,115797
111,115798
120,115798
5182,115798
85312,115798
1025,115808
557859,115808
1285,115811
5467,115811
761190,115811
5188,115813
5442,115813
1015,115832
1277,115832
792,115836
1601,115836
1768,115836
674231,115836
454,115837
504,115837
1388,115837
364915,115837
4851,115850
98709,115850
701715,115850
893941,115850
101,115851
1834,115851
641097,115851
827663,115851
151,115857
206,115857
1838,115857
911542,115857
432,115862
563,115862
1159,115862
698764,115862
414,115865
107281,115865
446702,115865
624510,115865
554,115886
719,115886
1114,115886
746896,115886
492,115901
604,115901
368,115906
1436,115906
1748,115906
5316,115906
131,115907
199,115907
403,115907
732,115907
1439,115927
1644,115927
90,115943
837,115943
530,115950
666,115950
5182,115950
1057,115951
341737,115951
578853,115951
1457,115953
1614,115953
212,115956
243,115956
1617,115956
5416,115961
63440,115961
919361,115961
103,115963
117,115963
677,115963
874086,115963
456,115964
480,115964
652,115964
679,115964
286,115976
592,115976
1036,115976
1244,115976
448,115977
2027,115977
477,115986
1641,115986
213,115988
260,115988
358,115988
389,116000
782978,116000
375,116016
708,116016
29,116017
524257,116017
285768,116030
468772,116030
1602,116036
206510,116036
230,116040
312,116040
445,116040
1557,116040
205,116041
630,116041
1804,116041
204706,116041
1025,116046
1594,116046
1625,116046
170901,116046
991,116048
1295,116048
64229,116048
358922,116048
1821,116055
236711,116055
1427,116059
1623,116059
461,116088
1416,116088
1457,116088
232,116095
254,116095
870,116095
1590,116095
1291,116102
546816,116102
112,116111
336,116111
1545,116111
452,116130
1288,116130
1705,116130
1765,116130
125,116136
592,116136
598,116136
98,116141
1746,116141
40015,116141
1092,116147
5261,116147
362429,116147
701561,116147
391,116151
1159,116151
5315,116160
5559,116160
898376,116160
907981,116160
155,116168
1199,116168
1449,116168
420955,116168
236,116169
330,116169
1277,116169
554830,116170
596807,116170
569,116191
627,116191
1159,116193
98709,116193
146,116209
218,116209
353,116209
640,116212
227039,116212
446702,116212
216,116213
336,116213
1001,116213
1853,116213
114,116225
621,116225
1228,116225
5078,116225
200,116240
496,116240
511,116240
1669,116240
95,116242
210,116242
443,116242
1570,116242
104,116250
187,116250
596,116250
219,116253
491,116253
621,116253
932,116253
620,116257
1309,116257
424,116259
432,116259
572,116259
1556,116259
398,116260
438,116260
662,116260
1763,116261
5316,116261
333,116269
1590,116269
5196,116269
641939,116269
380,116275
469,116275
4729,116275
134,116277
289,116277
491,116277
648,116277
124,116281
1315,116281
114,116282
513,116282
531,116282
1780,116282
242,116287
312,116287
702,116287
676973,116287
139,116289
206,116289
352,116289
5148,116289
1496,116293
4920,116293
842770,116293
1967,116306
933098,116306
443,116313
473,116313
541,116313
1749,116313
286,116320
401,116320
1599,116320
121559,116320
704,116322
1357,116322
99,116324
495,116324
1546,116324
1774,116324
1099,116329
1127,116329
1593,116329
455767,116329
925,116330
1602,116330
1698,116330
249,116332
357,116332
1505,116332
1975,116341
301178,116341
435218,116341
1221,116356
99435,116356
531061,116356
788351,116356
662,116361
702,116361
940158,116361
123,116367
172,116367
233,116367
496,116367
618,116378
686,116378
1606,116378
1711,116378
547,116379
1653,116379
322407,116379
1115,116404
1165,116404
1938,116404
101,116405
493,116405
1372,116405
5499,116405
140,116409
174,116409
929489,116409
155,116410
249,116410
285,116410
515,116410
666,116418
254712,116418
333317,116418
364781,116418
219,116421
4051,116421
255,116422
5377,116422
911725,116422
902,116431
1324,116431
311297,116431
364813,116431
352,116439
469,116439
2138,116439
301178,116439
1152,116442
1806,116442
101918,116442
681943,116442
270,116446
1038,116446
1729,116446
6610,116446
156,116448
168,116448
1834,116448
352,116465
204706,116465
110,116477
701,116477
1394,116477
1191,116483
1520,116483
100866,116483
701561,116488
719678,116488
5280,116493
5502,116493
156345,116493
808376,116493
139,116502
172,116502
708,116502
1729,116502
285,116508
524,116508
616,116508
1488,116508
119,116531
1221,116531
1616,116531
1233,116535
492342,116535
150,116552
398,116552
906627,116552
229733,116559
274704,116559
826432,116559
927641,116559
4787,116565
98123,116565
130,116571
1629,116571
193,116583
123553,116583
132,116592
179,116592
4735,116592
603402,116592
588,116594
666,116594
89937,116594
364813,116594
420,116597
4248,116597
527,116601
1115,116601
1388,116601
89882,116604
578853,116604
572,116606
1774,116606
113,116621
563,116621
40015,116621
825784,116621
156,116629
226,116629
597,116629
1891,116631
2076,116631
792029,116631
878302,116631
99,116635
111,116635
726200,116635
8,116654
103,116654
174,116654
667,116654
178,116669
182,116669
245,116669
450116,116669
961,116670
888727,116670
1303,116675
109175,116675
460694,116675
592,116683
1003,116683
525921,116683
458,116684
1250,116684
1593,116684
129,116695
250,116695
421,116695
593,116695
5278,116707
911725,116707
1528,116708
1631,116708
274,116714
1305,116714
1525,116714
258353,116714
701,116722
1172,116722
192377,116722
341737,116722
1418,116723
5272,116723
184392,116723
193,116731
285,116731
1254,116731
330687,116731
492,116745
1669,116745
652,116762
655,116762
679,116762
195,116778
437,116778
1642,116778
29502,116778
106319,116783
662504,116783
190,116823
195,116823
232,116827
1251,116827
1555,116827
1642,116827
435,116828
454,116828
514,116828
662,116828
246,116830
686,116830
1136,116830
761836,116830
207,116833
321,116833
1467,116833
1573,116833
4908,116841
5315,116841
400606,116841
489837,116841
302105,116845
628601,116845
933727,116845
81449,116860
463649,116860
538794,116860
2,116886
267,116886
192963,116890
486728,116890
5338,116897
748075,116897
283,116904
424635,116904
836071,116904
1615,116905
177933,116905
133,116908
168,116908
199,116913
228,116913
285,116913
99,116922
597,116922
258388,116922
741803,116922
206510,116931
245876,116931
307681,116931
640323,116931
1250,116932
40939,116932
75650,116932
284,116934
347,116934
426,116934
156,116953
321,116953
325611,116968
447515,116968
236,116977
514,116977
997,116977
5162,116977
296,116979
1283,116979
1698,116979
4816,116981
502813,116981
673497,116981
715295,116981
5316,116985
424060,116985
657760,116985
320808,116990
603090,116990
442,116991
1498,116991
64229,116991
112,116996
197,116996
572,116996
906,116996
134,116999
138,116999
473,116999
658,116999
210,117002
518,117002
1044,117003
1850,117003
362,117008
1110,117008
674231,117008
933798,117008
241,117011
449,117011
767,117011
4922,117015
565569,117015
373,117021
929,117021
767,117023
966,117023
5377,117025
435063,117025
486819,117025
748270,117025
1020,117026
145284,117026
278752,117026
237,117038
458,117038
510,117038
1364,117038
210,117039
553,117039
1324,117039
1644,117039
1765,117041
1777,117041
2,117057
313,117057
1719,117057
129,117060
322,117060
685,117060
1089,117060
852,117068
946179,117068
271,117070
299,117070
732,117070
1401,117070
151,117071
330,117071
705,117071
1487,117071
458,117075
767,117075
560,117093
498247,117093
569267,117093
732271,117093
295506,117101
571537,117101
349,117102
597,117102
1122,117102
1777,117102
409,117104
511,117104
412,117106
5246,117106
124,117107
429,117107
560,117107
1590,117107
474,117108
510,117108
347,117110
175262,117110
766837,117110
101,117119
493,117119
1258,117119
1334,117119
30153,117155
344894,117155
874,117157
1470,117157
65942,117157
94789,117165
289038,117165
793,117167
1528,117167
452288,117167
706608,117167
1233,117177
4365,117177
619185,117182
632664,117182
238,117188
448,117188
668271,117188
128,117193
644,117193
503627,117193
619,117194
679,117194
751638,117194
171,117202
580,117202
5571,117217
7082,117217
336,117218
552,117218
586,117218
588777,117218
297,117226
420,117226
1108,117226
1863,117226
442,117238
924204,117238
123,117247
201,117247
513281,117247
926165,117247
427,117260
4365,117260
934902,117260
569,117283
1057,117283
1650,117283
1710,117283
1235,117284
1252,117284
809,117303
1594,117303
488477,117303
863816,117303
1409,117305
364915,117305
616,117308
7210,117308
390229,117308
541576,117308
437,117318
1482,117318
1570,117318
364126,117318
1488,117324
1505,117324
915208,117324
1965,117329
954704,117329
708,117331
1785,117331
1852,117331
1876,117331
237,117333
380,117333
1718,117333
1845,117333
367,117351
488477,117351
664499,117357
876958,117357
194572,117358
545899,117358
173,117364
518,117364
1347,117364
233027,117364
307,117365
1960,117365
426,117366
461,117366
243,117372
1365,117372
2138,117372
442,117373
1397,117373
152,117381
1473,117381
1498,117381
1570,117381
1850,117385
727120,117385
707,117400
1832,117400
603402,117400
488477,117412
863816,117412
241,117420
1664,117420
729,117427
902,117427
932,117427
402730,117427
154,117438
623,117438
641,117438
1123,117461
898634,117461
902,117468
1844,117468
924204,117468
932,117473
1520,117473
338886,117473
654110,117473
2105,117477
75650,117477
734000,117477
961,117480
924204,117480
199939,117481
746734,117481
192963,117482
444621,117482
402730,117487
570695,117487
112,117496
1324,117496
908116,117496
115,117500
125,117500
438,117500
817983,117500
132,117509
138,117509
491,117509
674782,117509
229733,117517
342305,117517
414272,117517
880813,117517
1092,117533
1295,117533
5251,117533
865302,117533
40472,117539
748075,117539
357,117543
410622,117543
117,117571
240,117571
274,117571
99,117582
367,117582
980,117582
1364,117582
950,117589
1758,117589
407,117603
586,117603
1451,117603
253708,117603
374610,117607
618291,117607
900915,117607
101,117608
188,117608
444,117608
394012,117611
740264,117611
98,117628
1498,117628
122653,117628
569458,117628
90,117631
1691,117631
185,117653
382216,117653
782,117658
470981,117658
502813,117658
1746,117660
6610,117660
748620,117660
6230258,117660
93,117665
102,117665
134,117665
574,117665
615,117666
671,117666
948267,117666
4968,117688
5522,117688
6669,117688
179224,117688
545,117690
318821,117690
641244,117690
176,117691
321,117691
1902,117706
701561,117706
936198,117706
89944,117711
416528,117711
693317,117711
808376,117711
995,117718
1315,117718
1599,117718
254362,117718
1164,117723
1315,117723
1044,117734
936198,117734
239,117737
460,117737
147605,117737
193661,117737
997,117738
1850,117738
92639,117739
531808,117739
1659,117740
5569,117740
509937,117740
193,117765
608,117765
609,117765
800,117765
459,117773
1282,117773
567582,117773
881086,117773
297,117774
1235,117774
350079,117774
437,117781
843,117781
1406,117784
5024,117784
674231,117784
1709,117788
274704,117788
618291,117788
164,117791
194,117791
722,117791
1523,117791
1669,117798
648920,117798
681,117802
1287,117802
269463,117802
515296,117802
374,117803
516215,117803
215,117873
799,117873
635330,117883
868479,117883
158,117887
234,117887
239,117887
779866,117887
1454,117891
5093,117891
1505,117894
121559,117894
1194,117912
186505,117912
113,117913
168,117913
190,117913
228,117913
126,117918
467,117918
623,117918
1507,117918
132,117924
201,117924
1251,117924
287266,117924
1409,117925
341737,117925
191,117951
1538,117951
1971,117951
317725,117952
704721,117952
114,117958
1406,117958
95478,117958
1806,117959
227958,117959
315767,117959
784884,117959
223,117965
551,117965
1492,117965
429114,117965
52,117968
302105,117968
693799,117968
1321,117969
1653,117969
570083,117969
870204,117969
48414,117973
922035,117973
1584,117975
852965,117975
915989,117975
235,117979
413,117979
1035,117979
4937,117979
307,117991
835916,117991
144,117998
166,117998
200,117998
415,117998
104,118001
429,118001
435,118001
732,118001
113,118002
1459,118002
226820,118002
209,118004
217,118004
322977,118011
584020,118011
571537,118030
860233,118030
915208,118030
501,118040
1075,118040
1520,118040
90,118043
518,118043
845270,118043
367,118044
673,118044
1687,118044
201,118055
330,118055
602,118055
1505,118055
1698,118056
1800,118056
440514,118059
622544,118059
1480,118073
1513,118073
55549,118073
170550,118073
366,118100
809,118100
205,118111
1302,118111
1573,118111
929609,118111
162,118113
1416,118113
389,118117
640,118117
870,118117
689,118127
1152,118127
5320,118127
179173,118127
326,118149
532,118149
1698,118149
1208,118150
80049,118150
515260,118150
805476,118150
275,118156
689,118156
455767,118156
313,118158
1698,118158
328751,118158
937930,118158
2023,118159
199939,118159
250,118163
352,118163
1385,118172
1402,118172
176869,118172
792029,118172
352,118174
360,118174
2057,118174
666,118229
1650,118229
180984,118229
2181,118231
25745,118231
849,118239
350044,118239
527002,118239
613284,118239
4971,118301
779866,118301
274,118441
463,118441
782561,118441
675,118523
1518,118523
597223,118523
687668,118523
451600,118525
706787,118525
168,118531
1334,118531
4286,118531
215,118532
640,118532
799,118532
268286,118532
582,118541
1313,118541
1785,118541
142,118548
432,118548
438,118548
1473,118548
111,118556
212,118556
593,118556
1409,118556
336,118564
560,118564
651,118564
560,118566
1223,118566
1538,118566
5052,118570
167850,118570
954225,118570
148,118571
198,118571
335,118571
187724,118571
1385,118577
4839,118577
195982,118577
641939,118577
213,118583
244,118583
579,118583
40939,118584
946160,118584
284315,118586
369513,118586
4771,118589
66586,118589
929,118600
1816,118600
103,118603
667,118603
1233,118603
1625,118603
151,118607
164,118607
190,118607
218,118612
603402,118612
341737,118614
578853,118614
182,118615
655,118615
685,118615
1084,118615
131,118617
212,118617
502,118617
1288,118617
619,118621
1768,118621
293,118623
477,118623
521,118623
547,118623
618291,118633
900915,118633
5045,118636
5212,118636
183170,118636
5377,118640
810397,118640
661,118647
1426,118647
1644,118647
90,118648
4743,118648
687506,118648
1409,118651
302105,118651
1062,118652
1293,118652
167,118655
196,118655
211,118655
125,118661
146,118661
235,118661
932,118663
1445,118663
7183,118663
326,118665
502,118665
678,118665
98372,118668
769154,118668
221,118670
1858,118670
281575,118670
657,118671
7210,118671
225,118686
1231,118686
1394,118686
1467,118686
123,118688
216,118688
235,118688
563,118688
192,118696
1474,118696
89937,118698
654110,118698
1025,118700
75650,118700
185819,118700
1218,118702
4873,118702
925943,118702
579,118706
1424,118706
689424,118706
852466,118706
114,118715
194,118715
313,118715
422,118715
654,118727
1459,118727
654,118742
1729,118742
498247,118742
1097,118743
485288,118743
498247,118743
732309,118743
569,118744
628,118744
1448,118744
101,118747
422,118747
503,118748
1092,118748
671567,118748
194,118749
242,118749
608,118749
350079,118749
407,118750
4937,118750
397,118752
1664,118752
290310,118752
422,118755
980,118755
809,118756
1641,118756
2100,118756
524528,118756
358,118760
1833,118760
8,118768
136,118768
599,118771
621,118771
128,118772
161,118772
732,118782
1759,118782
1820,118782
2029,118782
3244,118788
617799,118788
720277,118788
893941,118788
207,118789
620,118789
1252,118789
1262,118789
852,118810
4248,118810
302105,118810
320760,118810
849,118819
596807,118819
626202,118819
704721,118819
246418,118822
720277,118822
893941,118822
1319,118827
4729,118827
328751,118827
340973,118827
79,118836
588777,118836
255,118842
725,118842
608714,118842
839486,118842
84,118851
460,118851
1960,118854
1965,118854
693799,118854
172,118859
459,118859
463,118859
1151,118859
413,118863
681,118863
1618,118863
457,118865
657,118865
565569,118865
808376,118865
205,118866
1057,118866
1435,118866
1107,118870
1488,118870
636562,118870
461,118872
1309,118872
513,118873
1525,118873
115,118880
131,118880
518,118880
538,118880
947,118882
842770,118882
154,118883
210,118883
1772,118883
185475,118883
149,118884
190,118884
457,118884
643,118884
134,118887
172,118887
230,118887
501,118887
21835,118888
545899,118888
1517,118892
1624,118892
1722,118892
911542,118892
223,118894
1036,118894
1364,118894
1448,118894
598,118900
902,118900
545,118901
652,118901
843,118901
1718,118901
261,118903
5261,118903
430005,118903
949385,118903
639,118904
1016,118904
885,118909
1611,118909
1736,118909
1953,118911
618291,118911
4906,118925
5227,118925
256121,118925
589976,118925
849,118926
98709,118926
603090,118926
617799,118926
167,118927
1084,118927
112,118928
157,118928
124,118929
458,118929
662,118929
1722,118929
93,118930
689424,118930
299,118941
1600,118941
948723,118941
95,118954
1114,118954
745029,118954
463,118956
1852,118956
412,118966
474,118966
1315,118966
4051,118966
199,118971
206,118971
234,118971
93,118972
148,118972
1952,118972
171513,118972
1057,118974
922035,118974
102,118980
524,118980
783033,118980
939697,118980
205,118986
4743,118986
627453,118986
1965,118992
687914,118992
782561,118992
275,118993
1169,118993
347957,118993
899,118996
1409,118996
552,118998
1115,118998
1624,118998
1967,118998
1584,119002
58181,119002
206510,119002
746896,119002
138,119004
1497,119004
136,119008
199,119008
514,119008
456124,119008
1653,119012
338886,119012
932112,119012
241,119013
620,119013
293550,119013
1524,119015
528462,119015
274,119019
1550,119019
2062,119019
402358,119019
357979,119021
446702,119021
732,119028
1235,119028
603,119033
226820,119033
624,119042
781899,119042
1218,119049
909620,119049
164,119051
285,119051
674782,119051
342,119052
1987,119052
337,119055
1520,119055
1804,119055
187724,119055
510,119062
597,119062
511270,119062
146,119079
239,119079
372176,119079
827170,119079
168,119080
328709,119080
810619,119080
401,119081
554,119081
599,119081
613,119081
751,119084
541576,119084
326,119085
707,119085
1137,119085
224,119086
686,119086
1125,119086
860233,119086
514,119088
1702,119088
202966,119088
115,119094
237,119094
260,119094
5273,119094
172,119095
1524,119095
247232,119095
387524,119095
427,119097
1368,119097
243,119099
422,119099
661,119099
1110,119099
176,119109
245,119109
345,119109
721,119112
487254,119112
92,119115
130,119115
177,119115
1589,119115
170,119116
198,119116
246,119116
453,119116
1891,119117
7183,119117
639928,119117
931165,119117
219,119123
1434,119123
2332,119123
521,119125
754,119125
226820,119125
245,119137
1315,119137
1520,119137
161,119138
1963,119138
5569,119138
161,119141
855103,119141
263,119142
741,119142
503627,119142
761587,119142
1015,119164
929489,119164
5078,119171
285768,119171
193,119173
843,119173
1557,119173
140,119174
576,119174
679,119174
714310,119174
160,119177
179,119177
235,119177
1556,119188
291463,119188
409,119190
2006,119190
5182,119190
110,119196
375,119196
435,119196
1110,119196
1530,119203
1844,119203
255,119209
504,119209
1111,119209
418,119210
598,119210
275,119214
418,119214
582,119214
1820,119215
860380,119215
245,119217
255,119217
354,119217
1745,119217
99,119219
551,119219
571,119219
1122,119219
160,119223
279,119223
569,119223
177933,119223
619,119225
281486,119225
628601,119225
244,119227
554,119227
4743,119227
1082,119228
898634,119228
101,119229
131,119229
349,119229
378,119229
366,119242
693799,119242
481,119243
1409,119243
615,119244
1152,119244
1653,119244
4929,119244
434,119249
565,119249
1780,119249
168,119256
569,119256
604,119256
1673,119269
5476,119269
589976,119269
1132,119280
175262,119280
792029,119280
249,119282
4883,119282
472762,119303
513281,119303
106,119304
998,119304
1573,119304
5561,119304
279,119305
671,119305
1475,119305
1488,119305
401,119311
412,119311
619,119311
1853,119311
113,119313
1065,119313
1687,119313
926165,119313
218,119314
554,119314
602,119314
1848,119314
745,119317
1662,119317
734558,119317
765546,119317
507,119318
1698,119318
205,119324
1760,119324
5327,119324
357979,119324
192,119327
532,119327
95478,119327
228,119336
576,119336
705,119336
1590,119336
162,119345
202,119345
1264,119345
1838,119347
5273,119347
177,119349
244,119349
260,119349
1089,119349
177,119360
349,119360
369,119360
633,119360
1173,119361
250368,119361
574,119365
1393,119365
7183,119365
517021,119365
1745,119375
30153,119375
707,119380
2027,119380
541576,119380
124,119381
239,119381
1082,119381
1618,119381
152,119395
246,119395
1627,119395
893204,119395
168,119396
403,119396
427,119396
1233,119396
1057,119401
2076,119401
531,119416
1251,119416
1475,119416
438127,119416
225,119429
677,119429
662981,119429
357,119432
741,119432
1737,119432
1851,119432
145,119434
1851,119434
5315,119434
666,119457
1650,119457
180984,119457
206510,119467
640323,119467
676701,119467
811893,119467
144,119468
151,119468
171,119468
1709,119472
1953,119472
119,119484
1299,119484
1757,119484
514342,119484
107,119488
128,119488
228,119488
1602,119488
1517,119494
1838,119494
1367,119499
1662,119499
748075,119499
936198,119499
206,119502
4778,119502
5048,119502
323,119505
652,119505
1749,119505
908116,119505
599,119506
1520,119506
5377,119506
59215,119506
866870,119510
900915,119510
618,119512
292182,119512
469103,119512
176,119517
312,119517
1173,119517
1774,119517
312,119518
130502,119518
997,119520
1194,119520
5251,119520
167649,119520
250,119527
619,119527
1606,119527
740264,119527
120,119528
236,119528
372,119528
5491,119528
559,119533
572,119533
274,119534
1009,119534
1804,119534
5203,119534
139,119535
191,119535
456,119535
5148,119535
1971,119536
2076,119536
192377,119536
1691,119546
640323,119546
920992,119546
176,119547
202,119547
1698,119547
507,119555
902,119555
1777,119555
5522,119556
41281,119556
171,119557
681,119557
1009,119557
1111,119557
429,119558
460,119558
663,119558
1449,119558
1696,119559
5320,119559
629855,119559
916916,119559
452,119560
122653,119560
373571,119560
156,119567
194,119567
592,119567
681,119567
325611,119568
782454,119568
833027,119568
954162,119568
350,119570
953262,119570
505,119572
913460,119572
457,119574
594,119574
620,119576
925,119576
1394,119577
185819,119577
483457,119577
842770,119577
458,119581
576,119581
705,119581
226587,119581
145,119582
1117,119582
1303,119582
4787,119582
163,119592
237,119592
257,119592
477,119592
56,119594
215,119594
432,119594
702,119594
103,119598
546,119598
571,119598
1667,119598
1461,119617
310865,119617
521,119623
320808,119623
863816,119623
933727,119623
320808,119625
513375,119625
98709,119626
527002,119626
1772,119630
440229,119630
925966,119630
413,119632
641244,119632
761587,119632
1272,119635
121559,119635
2064,119637
317293,119637
340973,119637
308,119640
792,119640
1777,119640
5226,119640
483,119642
888154,119642
93,119643
164,119643
1231,119643
916617,119643
608,119644
1098,119644
1773,119644
707,119653
1334,119653
909620,119653
169,119654
226,119654
352,119654
649,119656
6610,119656
719678,119656
552,119664
1650,119664
262543,119664
594540,119664
288,119665
1833,119665
959113,119665
131,119668
228,119668
860233,119668
232,119670
1085,119670
1765,119670
711805,119670
227,119675
562,119675
235,119683
553,119683
1691,119683
1324,119690
1971,119690
318821,119690
657,119692
35060,119692
182456,119692
855103,119692
221,119695
676,119695
677,119699
1718,119699
1804,119699
1560,119703
145880,119703
1999,119715
262968,119715
655,119717
1711,119717
603,119723
1523,119723
457655,119723
178,119731
648,119731
571,119732
1329,119732
1751,119732
179,119734
236,119734
588,119734
1543,119734
139,119738
210,119738
391,119738
551,119738
1745,119743
341737,119743
194,119746
1702,119746
1864,119746
20925,119746
312,119774
112871,119774
1156,119775
1458,119775
747962,119775
450,119778
204706,119778
677,119780
1794,119780
2332,119780
662981,119780
377,119783
412,119783
453,119783
565,119783
191,119791
560,119791
1324,119802
1459,119802
209,119807
1454,119807
1525,119807
2064,119807
1166,119809
557859,119809
874086,119809
675,119819
1406,119819
166,119822
197,119822
421,119822
1427,119822
176,119832
648,119832
1492,119832
1840,119832
178,119837
473,119837
1598,119837
1731,119837
146,119843
949,119843
1354,119843
929489,119843
910607,119846
934113,119846
493,119848
527,119848
1007,119848
342,119851
538,119851
2100,119853
524528,119853
1218,119854
1999,119854
7210,119854
727120,119854
1376,119855
75650,119855
514,119856
1606,119856
197714,119856
335,119859
531,119859
949,119859
172604,119859
1250,119866
487254,119866
185,119872
1702,119872
765546,119872
123,119874
173,119874
51282,119874
411903,119874
2064,119877
5283,119877
925966,119877
849,119879
1609,119879
189172,119879
333888,119879
491,119887
135585,119887
782,119889
1696,119889
564,119891
630,119891
501,119892
1439,119892
5315,119892
1426,119893
53384,119893
827170,119893
98,119896
102,119896
1156,119896
1542,119896
366,119901
782561,119901
1083,119902
201574,119902
141,119906
459,119906
1401,119906
132,119910
321,119910
565,119910
126,119925
1599,119925
931404,119925
153,119930
388092,119930
784884,119930
449,119931
494,119931
1018,119931
661,119934
1082,119934
5321,119934
5438,119934
68552,119935
877587,119935
1467,119937
5227,119937
799,119940
265668,119940
760254,119940
923529,119940
237,119942
668,119942
870,119942
1337,119947
2081,119947
470981,119947
610459,119947
220,119953
448,119953
622,119960
364348,119960
579,119961
745,119961
132,119978
354,119978
362,119978
685,119978
5273,119986
6669,119986
435,119987
546,119987
1028,119987
1416,119987
1062,119988
940158,119988
297,119989
429,119989
1729,119989
461,119990
2078,119990
333982,119990
933959,119990
152,119994
499,119994
542677,119994
925966,119994
426,119997
1223,119997
596,120001
1538,120001
928134,120001
542,120004
1744,120004
926235,120004
227,120008
334,120008
740264,120008
874684,120008
218,120013
307,120013
554,120013
1291,120013
4771,120014
195982,120014
454,120024
1075,120024
172,120026
403,120026
628,120026
1543,120026
6669,120029
218810,120029
227,120032
413,120032
1435,120032
606,120034
908116,120034
332,120036
609,120036
685,120036
569226,120036
728,120037
484727,120037
514,120039
997,120039
903677,120039
1358,120044
1516,120044
281486,120044
1185,120051
1772,120051
174,120053
223,120053
631792,120053
784884,120053
1669,120054
4486,120054
5216,120054
832792,120054
176,120070
598,120070
852,120072
1003,120072
610,120081
4965,120081
441588,120081
117,120082
274,120082
586,120082
1210,120088
5466,120088
579,120095
1592,120095
1785,120095
343325,120095
191,120100
592,120100
627,120100
93,120102
667,120102
157,120107
221,120107
661,120107
2332,120107
110,120108
458,120108
656,120108
5162,120108
237,120112
576,120112
705,120112
1254,120112
295,120122
870204,120122
566,120125
1321,120125
420,120127
818,120127
206257,120127
1737,120133
933798,120133
1601,120142
362429,120142
569,120148
675,120148
1487,120148
349,120151
452,120151
1427,120151
621,120157
1567,120157
47,120158
845270,120158
1530,120161
1623,120161
2018,120161
1560,120162
1780,120162
121559,120162
1295,120163
65942,120163
514342,120163
575184,120163
407,120169
505,120169
1853,120169
4729,120169
5221,120171
597223,120171
929,120174
5301,120174
188,120176
1262,120176
1714,120176
491,120177
640,120177
925220,120177
113,120179
353,120179
574,120179
607325,120179
163,120184
168,120184
232,120184
1075,120184
491,120186
609,120186
1062,120187
199939,120187
123,120188
242,120188
1084,120188
5467,120192
5522,120192
7082,120192
216,120195
2073,120195
612,120201
680,120201
998,120201
450,120202
513,120202
682071,120202
555,120207
1272,120207
1621,120213
177639,120213
350,120220
1381,120220
5467,120220
441588,120223
911725,120223
610,120238
1872,120238
686,120241
1218,120241
1459,120241
364813,120244
366027,120244
453,120255
1631,120255
52113,120255
564805,120255
413,120256
1281,120256
870,120257
1641,120257
1838,120257
5212,120257
531,120271
1641,120271
626259,120271
908116,120271
102,120303
1703,120303
946179,120308
959113,120308
949,120316
640323,120316
746896,120316
929433,120316
207,120317
1169,120317
234791,120317
427894,120317
541,120318
1199,120318
641097,120318
63440,120321
65942,120321
201,120323
492,120323
1448,120323
1673,120323
200,120324
403,120324
671,120324
12183,120334
54397,120334
108698,120334
225419,120334
138,120338
701,120338
708,120338
870,120338
112,120347
159,120347
596,120347
706,120347
119,120353
454,120353
693,120353
4979,120353
103196,120356
465953,120356
470981,120356
693531,120356
240,120357
403,120357
686,120357
1605,120358
1863,120358
4906,120358
890232,120358
99828,120360
935807,120360
158,120363
349,120363
741,120363
1288,120363
200,120366
242,120366
523,120366
304000,120366
234,120373
1099,120373
724245,120373
824763,120373
1282,120379
2064,120379
4908,120379
123958,120379
120,120382
438,120382
1187,120382
1473,120382
662,120383
1252,120383
225332,120383
932112,120383
452,120390
501,120390
1185,120390
322407,120390
1159,120392
5190,120392
77075,120392
795902,120392
481,120393
1167,120393
124481,120393
406975,120394
779084,120394
182,120399
560,120399
576,120399
671,120399
606,120404
4743,120404
603402,120404
1863,120413
4778,120413
1459,120414
1505,120414
1711,120414
670,120417
1759,120417
72344,120424
892455,120424
331,120434
350,120434
1642,120434
256121,120434
1965,120449
171499,120449
130,120458
287,120458
661,120458
1586,120458
162,120461
169,120461
332,120461
451,120461
60561,120477
164809,120477
492,120481
1035,120481
1215,120481
1749,120481
195,120483
695,120483
1251,120483
103,120484
870,120484
1191,120484
1857,120484
437,120490
673,120490
226820,120490
1194,120500
559144,120500
694052,120500
1127,120510
1459,120510
189200,120510
179,120514
603,120514
307,120520
1648,120520
387,120524
228678,120524
501422,120524
110,120533
138,120533
1114,120533
749,120534
1295,120534
182456,120534
664499,120534
236,120536
4929,120536
367,120537
959113,120537
430,120550
599,120550
573267,120550
903677,120550
852,120563
310865,120563
1434,120576
1853,120576
687506,120576
117,120577
161,120577
196,120577
202,120577
288,120584
457,120584
350,120586
411,120586
1570,120586
95,120587
230,120587
232,120587
432,120587
239,120591
246,120591
255,120591
671,120591
391,120594
782,120594
1667,120594
364813,120594
250,120596
563,120596
799,120596
5119,120596
131,120601
139,120601
518,120601
1416,120601
242,120609
775,120609
984,120609
1617,120609
664,120610
144133,120610
648,120611
1151,120611
1434,120611
178,120613
1557,120613
1593,120613
96772,120613
409,120616
1838,120616
903677,120616
246,120618
560,120618
1215,120618
1347,120618
403,120619
662,120619
952,120619
1836,120619
132,120620
295,120620
597,120620
453492,120620
228,120623
4929,120623
659363,120623
1056,120628
275417,120628
154,120630
200057,120630
106,120631
1378,120631
779084,120631
115,120632
212,120632
237,120633
380,120633
599,120633
1724,120633
775,120634
164273,120634
227958,120634
868133,120634
90,120640
457,120640
481,120640
681,120642
725,120642
5321,120642
594951,120642
658,120643
1517,120643
155,120646
201,120646
1852,120646
5044,120646
151,120647
380,120647
495,120647
704,120647
255,120655
354,120655
1069,120655
104,120657
474520,120657
893204,120657
408284,120658
893247,120658
226,120660
432,120660
685,120660
956,120660
171,120662
191,120662
991,120662
129,120663
173,120663
1628,120663
276062,120663
94789,120665
171499,120665
4695,120667
4821,120667
262635,120667
344435,120667
136,120669
1125,120669
1497,120669
751,120670
1235,120670
1277,120670
8,120678
221,120678
661,120678
2006,120678
161,120679
547,120679
1691,120679
535502,120679
136,120681
453,120681
1287,120681
232,120683
562,120683
1550,120683
357,120684
409,120684
5212,120684
111,120685
279,120685
606,120685
1623,120685
210,120686
215,120686
438,120686
540441,120686
378,120687
1667,120687
387524,120687
929489,120687
158,120689
1372,120689
1556,120689
3817,120689
337,120692
379,120692
451,120692
152638,120693
246585,120693
130,120694
1326,120694
35060,120694
931329,120694
151,120696
225,120696
378,120696
1642,120696
233027,120697
771493,120697
594,120698
364977,120698
565569,120698
941315,120698
99,120699
437,120699
1082,120699
369513,120699
156,120701
552,120701
593,120701
5162,120701
155,120703
291,120703
4875,120703
5093,120703
1160,120706
322407,120706
448204,120706
569336,120706
147825,120707
948272,120707
375,120710
906,120710
1644,120710
420279,120714
915989,120714
245,120716
853364,120716
362,120722
456,120722
1451,120722
233027,120722
1372,120723
1710,120723
5134,120723
241,120724
649,120724
1705,120724
377,120725
1184,120725
5169,120725
808376,120725
295,120728
1721,120728
40015,120728
619,120731
898546,120731
594,120733
1123,120733
2076,120735
2077,120735
5458,120735
602941,120735
293,120737
704,120737
5212,120737
89217,120737
198,120738
211,120738
458,120738
1455,120738
1785,120739
222643,120739
775,120741
978,120741
1542,120741
121605,120741
836,120742
929,120742
138,120744
367,120744
460,120744
518,120744
104,120746
164,120746
1876,120746
1212,120747
1722,120747
5321,120747
390903,120747
246,120749
285,120749
200,120751
234,120751
278752,120751
784884,120751
154,120753
170,120753
1111,120753
1751,120753
205,120754
562,120754
1527,120754
156314,120754
129,120755
609,120755
628601,120755
779084,120755
132,120757
610,120757
1199,120757
4898,120757
75710,120760
687914,120760
552,120762
1208,120762
1840,120762
167,120764
435,120764
502,120764
1099,120764
345,120765
599,120765
1586,120765
1650,120767
2253,120767
5052,120767
54397,120767
168,120768
228,120768
1556,120768
726492,120768
160,120769
190,120769
240,120769
352,120769
98,120772
136760,120772
733812,120772
748620,120772
493,120773
527,120773
1738,120773
726223,120773
297,120775
21835,120775
250,120776
458,120776
658,120776
779866,120776
207,120777
1435,120777
233027,120777
123,120780
182,120780
609,120780
1872,120780
153,120782
223,120782
437,120782
388744,120782
598,120783
1670,120783
5006,120783
154,120784
1601,120784
4742,120784
140,120787
569,120787
1557,120787
1774,120788
4742,120788
667350,120788
260,120789
702,120789
1099,120789
1497,120789
113,120791
173,120791
330,120791
1848,120791
250,120793
523,120793
1172,120793
5300,120793
113,120794
146,120794
174,120794
201,120794
131,120797
671,120797
949,120797
1401,120797
1409,120799
288271,120799
2076,120802
147605,120802
329,120812
676,120812
504962,120812
929489,120812
1872,120813
5377,120813
316079,120813
503627,120813
158,120815
354,120815
1744,120815
122653,120815
1424,120817
1638,120817
1624,120823
1804,120823
194,120824
228,120824
949,120824
1132,120824
148,120828
162,120828
1710,120828
5283,120828
414,120829
381606,120829
500359,120829
679410,120829
273,120831
673,120831
5169,120831
115,120832
641,120832
1303,120832
1334,120832
1062,120833
2057,120833
41280,120833
41281,120833
98733,120833
98734,120833
160004,120833
160,120834
1884,120834
1347,120835
1434,120835
5447,120835
449,120841
514,120841
932112,120841
185,120851
668271,120851
731167,120851
822694,120851
322407,120852
778831,120852
306,120855
335,120855
378,120855
1282,120855
333,120857
1132,120857
1749,120857
687506,120857
4906,120859
5231,120859
110,120861
307,120861
428121,120861
560,120863
576,120863
538,120865
1001,120865
1644,120865
862932,120865
164,120866
1448,120866
1101,120867
1505,120867
1999,120867
5377,120867
38572,120868
194572,120868
169,120873
375,120873
648,120873
1592,120873
613,120875
662504,120875
381,120876
1097,120876
780485,120876
249,120877
1299,120877
498247,120877
161,120878
352,120878
5048,120878
191,120879
288,120879
1057,120879
1667,120879
606,120882
2010,120882
134,120885
162,120885
163,120885
437,120885
106,120888
1191,120888
184445,120888
852132,120888
245,120889
421,120889
1711,120889
1884,120889
102,120890
117,120890
369,120890
612,120890
110,120891
161,120891
177,120891
226,120891
179,120894
1758,120894
202603,120894
147,120899
1393,120899
372,120900
1288,120900
96,120902
141,120902
205657,120902
627453,120902
463,120903
1772,120903
5212,120903
413168,120903
597,120906
1774,120906
225332,120906
641939,120906
179,120907
353,120907
453,120907
492,120907
169,120912
226,120912
1223,120912
1800,120912
106,120913
354,120913
597,120913
191,120915
204,120915
553,120915
422,120917
911320,120917
136,121164
307,121164
1808,121164
1833,121164
191,121765
204,121765
489,121765
159789,121765
168,121766
191,121766
204,121766
159789,121766
430,121974
167649,121974
154,122151
418,122151
582,122151
623,122151
454,122161
1735,122161
5420,122161
347957,122161
5438,122194
951471,122194
4730,122197
568169,122197
818,122233
223499,122233
164540,122418
534132,122418
727120,122418
1278,122452
5007,122452
141,122459
378,122459
5162,122459
205,122529
881672,122529
194,122541
378,122541
391,122541
153,122642
286,122642
1606,122642
569458,122642
134,122690
606,122690
1523,122690
1745,122690
1987,122713
90269,122713
379,122718
1542,122718
189144,122718
808376,122718
140167,122732
197983,122732
278947,122732
935498,122732
998,122743
5227,122743
120235,122804
158626,122804
161272,122804
864937,122804
592,122906
341737,122906
134,122933
345,122933
1435,122933
1590,122933
237244,122995
759685,122995
511,123003
641,123003
725,123003
513281,123003
498,123034
871,123034
5392,123034
890232,123034
950,123114
1584,123114
746896,123114
595,123172
1285,123172
40472,123172
102,123191
1150,123191
59946,123191
363159,123191
473,123209
496,123209
610,123209
643,123209
92,123215
1364,123215
412,123221
510,123221
103071,123221
407,123324
932,123324
98123,123371
317293,123371
609698,123371
631792,123371
543547,123385
956956,123385
322,123808
4851,123808
893,123953
546765,123953
552,123964
1024,123964
1454,123964
690,123977
5522,123977
222643,123977
6230258,123977
307681,123982
428143,123982
578853,123982
852965,123982
5007,123983
338886,123983
531,123987
1329,123987
199842,123987
428201,123987
1615,124102
300824,124102
364126,124102
811124,124102
1389,124119
4906,124119
272474,124119
375,124179
1287,124179
139,124198
225,124198
269463,124198
827663,124198
224,124298
409,124298
651,124298
686,124298
234,124315
323,124315
1497,124315
5148,124315
442,124349
1092,124349
162,124595
681,124595
1618,124595
784884,124701
904303,124701
170,124718
243,124718
206257,124718
961,124800
412901,124800
50156,124872
364583,124872
171,124879
1624,124879
1173,124901
1457,124901
5048,124901
5320,124901
244,125022
432,125022
501,125022
289098,125128
534132,125128
793,125209
365988,125209
579,125211
708,125211
5454,125319
750353,125319
993,125412
97842,125412
20122,125419
135585,125419
146798,125419
502813,125419
210,125439
424,125439
406975,125439
564500,125439
1117,125454
1507,125454
1687,125454
1724,125454
197714,125505
416893,125505
747962,125505
937304,125505
4851,125659
635330,125659
120,125664
362,125664
65418,125664
671761,125664
504,125678
1860,125678
5261,125678
5561,125678
496,125766
610,125766
1650,125766
545899,125799
700229,125799
81037,125819
229839,125819
731882,125819
861600,125819
172,125879
227,125879
2057,125879
89882,125943
402032,125943
121611,125949
606688,125949
861600,125949
1219788,125949
285,125971
4999,125971
5442,125971
119,126016
286,126016
606688,126019
860233,126019
139,126029
196,126029
552,126029
1475,126029
194,126250
239,126250
335,126250
563,126250
1598,126253
740264,126253
207,126261
729,126261
5028,126261
786639,126261
241,126388
925,126388
15382,126388
1588,126411
1657,126411
196,126423
547,126423
207,126604
411,126604
65007,126651
378855,126651
640,126680
1368,126680
418,126828
2008,126828
187042,126828
358710,126828
40939,126830
171811,126830
1696,126859
4787,126859
227958,126859
531808,126859
1131,126861
1738,126861
852132,126861
111,126886
702,126886
5098,126886
5467,126908
11038,126908
575198,126908
749263,126908
126,126916
593,126916
604,126916
540441,126916
504,126928
1103,126928
680,126973
2663,126973
1634,127020
198949,127020
731772,127020
735467,127020
145,127276
616,127276
1777,127276
1323,127288
4778,127288
5342,127288
628,127296
5370,127296
531808,127296
65352,127302
881672,127302
1218,127361
1666,127361
5052,127361
5261,127361
667,127516
292182,127516
341737,127516
1997,127629
170550,127629
498247,127629
676973,127629
638,127637
201574,127637
434,127640
192963,127640
249,127722
429,127722
440229,127722
24404,127723
256121,127723
199939,127751
571874,127751
882,127887
201669,127887
363,127901
933098,127901
1872,127914
357979,127914
285,128137
1388,128137
1426,128137
610,128214
36261,128214
121559,128214
297538,128241
923366,128241
1167,128245
1823,128245
124481,128245
1525,128252
5292,128252
855103,128252
164,128278
421,128278
661,128278
5491,128278
354,128442
518,128442
1543,128442
1570,128442
195,128445
1025,128445
5403,128445
931404,128445
1167,128473
388064,128473
565319,128473
808376,128473
394012,128648
648920,128648
175262,128768
823592,128768
158,128853
205,128853
212,128853
1427,128853
1673,128927
822972,128927
1528,128949
1742,128949
451376,128949
530901,128949
747962,128949
530901,128951
564805,128951
413,128977
704,128977
1137,128986
575198,128986
612321,128986
673563,128991
910256,128991
614,129023
5342,129023
908116,129023
1367,129040
301381,129040
435218,129095
908914,129095
562003,129111
908116,129111
922035,129111
275,129136
1235,129136
1401,129136
1616,129136
98,129167
1065,129167
338886,129211
606009,129211
1024,129228
202810,129228
92,129280
188,129280
443,129280
245,129290
450,129290
5321,129290
274,129332
1015,129332
1111,129332
1602,129332
139,129387
369,129387
1774,129387
262968,129387
2055,129407
482851,129407
1505,129634
4286,129634
5246,129634
457,129774
592,129774
1709,129774
908116,129774
6988,129806
154834,129806
209850,129806
213723,129806
290483,129806
7751194,129806
1393,129854
5134,129854
413,129884
449,129884
5370,129884
5561,129884
1616,130018
5327,130018
424,130121
675,130121
1001,130121
1879,130140
123261,130140
367,130179
72768,130179
221,130192
587431,130192
526,130297
330687,130297
102744,130496
209801,130496
260846,130496
665056,130496
523,130623
665,130623
5569,130623
1172,130761
406975,130761
5235,131046
344603,131046
188,131325
552,131325
1287,131325
4724,131325
393,131344
248983,131344
329060,131344
190,131369
1184,131369
365988,131421
446702,131421
847439,131479
945322,131479
221,131502
640,131502
1092,131502
322339,131502
181305,131510
277975,131510
492342,131510
498,131646
1409,131646
4787,131646
5327,131646
134,131704
623,131704
5305,131704
1156,131972
1702,131972
515,132164
524,132164
580,132164
1111,132164
1244,132165
1525,132165
1729,132165
5162,132165
435,132213
1714,132213
446702,132213
230,132245
608,132245
1709,132245
279,132347
413,132347
513,132347
1774,132347
368,132477
177933,132477
350453,132477
147,132502
505,132502
174,132512
227,132512
534,132512
1836,132512
846,132563
1321,132563
289098,132563
661,132614
3964,132614
249626,132614
2331895,132614
461355,132885
940158,132885
379,132910
40472,132910
5179,132914
710829,132914
545,133046
1787,133046
4846,133046
5017,133046
206,133093
401,133093
5251,133093
915989,133093
353,133122
686,133122
782,133122
1711,133122
242,133152
307,133152
619,133152
3817,133152
498,133189
1272,133189
323,133197
289038,133197
668,133240
1737,133240
1975,133240
330687,133240
60812,133327
91931,133327
123488,133327
411397,133327
537554,133327
878152,133327
933840,133327
367,133385
2010,133385
702,133412
982,133412
5273,133412
1326,133751
108287,133751
245112,133751
364977,133751
243,133952
246,133952
906,133952
1724,133952
707,133981
1816,133981
297,133985
421,133985
655,133985
731167,134013
923366,134013
1015,134033
1538,134033
832792,134033
899,134057
315767,134057
117,134084
274,134084
630,134084
1393,134086
139107,134086
179,134119
354,134119
569,134119
949,134119
237244,134148
865411,134148
240,134154
1497,134154
115,134273
1254,134273
1618,134273
1780,134273
961,134276
107763,134276
505,134380
1368,134380
5245,134380
469,134594
5569,134594
128,134618
279,134618
608,134618
5203,134618
1763,134619
5017,134619
5188,134619
576425,134619
569,134630
316079,134630
1815,134645
919559,134645
202966,134847
369513,134847
593664,134847
969,134912
541576,134912
1235,134974
836071,134974
291,134983
652,134983
677,134983
4906,134983
1851,135049
750916,135049
461,135164
333982,135164
1150,135165
1337,135165
1642,135165
258360,135165
1165,135166
362429,135166
504,135470
1530,135470
2078,135470
154335,135526
364963,135526
584100,135526
748339,135526
757955,135526
933959,135526
6408966,135526
575184,135707
836071,135707
1424,136561
618291,136561
1611,136756
1879,136756
4395,136756
655478,136756
366,137163
391,137163
5292,137195
748075,137195
422,137201
1666,137201
627878,137201
1737,137292
506405,137292
255,137338
729,137338
152638,137338
246585,137338
209,137363
313,137363
349,137363
204706,137363
642429,137442
898546,137442
125,137494
609,137494
1599,137494
1876,137494
93,137523
1570,137523
494,137799
662,137799
1785,137799
569226,137799
672103,137835
928720,137835
1735,137904
919361,137904
514,138089
1007,138089
1816,138089
569,138097
1212,138097
1691,138097
929489,138097
439344,138126
734000,138126
476,138192
732,138192
1609,138279
526985,138279
515,138289
1235,138289
136,138304
234,138304
245112,138304
608012,138304
145,138353
1606,138353
942482,138353
364126,138389
498247,138389
839486,138389
877587,138389
663,138467
1218,138467
5346,138467
236,138474
364583,138474
5316,138501
245112,138501
542759,138501
74065,138503
190744,138503
1293,138510
4695,138510
711805,138510
457,138511
546,138511
1418,138511
123,138524
671,138524
1691,138524
1876,138524
476,138526
502097,138526
614,138541
668,138541
1303,138541
48932,138541
473162,138551
814162,138551
1482,138563
112374,138563
4389718,138563
341176,138570
600763,138570
4851,138590
372176,138590
98123,138631
206510,138631
686,138681
123632,138681
804482,138683
895417,138683
546797,138704
791570,138704
447515,138723
529432,138723
110,138749
177,138749
800,138749
1609,138749
180984,138750
752407,138750
756083,138750
1413,138834
2332,138834
131235,138834
1592,138862
4821,138862
874,138910
626259,138910
608,138927
333318,138927
234,138946
242,138946
1001,138946
1618,138946
529432,138951
814162,138951
5346,139030
810488,139030
442,139076
930062,139076
546816,139094
864892,139094
2103,139105
226820,139105
207218,139112
916617,139112
995,139124
151419,139124
202,139134
702,139134
1264,139134
241,139151
1552,139151
59946,139183
523142,139183
524257,139183
5342,139216
854580,139216
1542,139239
1631,139239
4875,139239
937930,139239
639,139362
165101,139362
542759,139362
593664,139362
654,139371
603402,139371
449,139388
890232,139388
1434,139394
1445,139394
4999,139394
403,139414
597,139414
1624,139414
322407,139414
56,139462
126,139462
705,139462
1698,139462
238,139487
874,139487
620,139606
397110,139606
103,139645
495,139645
1131,139645
852965,139645
227,139649
408284,139649
942482,139649
160,139654
243,139654
297,139654
1277,139654
142,139668
249,139668
4986,139668
913460,139668
2105,139684
56763,139684
685,139699
4735,139699
908094,139699
613,139745
657760,139745
90,139809
352,139809
1543,139809
1057,139898
920992,139898
72768,140332
583856,140332
128,140352
199,140352
1626,140352
893204,140352
177,140379
201,140379
391,140379
1804,140379
363,140397
5134,140397
5569,140397
204706,140397
223652,140430
956956,140430
374581,140497
381822,140497
470981,140497
718102,140497
1902,140559
102288,140559
68552,140590
817563,140590
513190,140791
756083,140791
828906,140796
954225,140796
446,140806
1016,140806
1278,140866
4715,140866
446,140973
929,140973
113,141098
255,141098
1872,141098
5491,141098
474,141109
593,141109
189200,141109
32,141121
483,141121
429250,141121
5323,141270
254402,141270
111,141369
391,141369
5502,141369
330,141399
541,141399
1383,141399
961,141574
1902,141574
569,141699
1570,141699
176,141907
443,141907
473,141907
172,141926
190,141926
200,141926
640,142060
641939,142060
242,142192
334,142192
70115,142192
429,142201
1550,142201
1556,142201
85407,142201
5569,142231
222643,142231
1552,142256
429207,142256
709204,142261
764450,142261
725,142342
1191,142342
275,142393
530,142393
1449,142393
901926,142393
977,142650
978,142650
1038,142650
5547,142650
136,142688
565,142688
1449,142688
782561,142688
182666,142964
586568,142964
719,143096
1621,143096
1091,143113
2126,143113
571106,143113
112,143145
521,143145
612,143145
1015,143145
143,143166
461,143166
620981,143231
957909,143231
286,143261
2055,143261
1965,143337
693799,143337
223,143746
1173,143746
5007,143746
5048,143746
287,143874
1295,143874
1594,143874
266170,143874
1025,143885
5350,143885
288,144084
524197,144084
756083,144084
353,144117
1218,144117
5342,144117
236,144120
374,144120
1337,144120
511270,144125
629737,144125
869,144134
1020,144134
1648,144134
729,144142
1287,144142
5561,144142
899681,144142
502,144146
1600,144146
696395,144146
379,144168
445,144168
2071,144168
931329,144168
1291,144178
608090,144178
237,144214
342,144214
459,144214
656,144214
947,144279
1016,144279
176,144286
809,144286
1020,144286
552,144528
18099,144528
588777,144528
145,144546
1233,144546
1601,144546
1629,144546
1235,144548
1457,144548
571106,144548
373571,144557
501399,144557
1323,144574
528331,144574
1227,144578
897692,144578
1262,144605
1474,144605
852,144622
1669,144622
117,144640
1518,144640
1624,144640
211281,144674
320969,144674
435,144688
616,144688
245112,144688
172,144715
701,144715
357986,144715
498275,144715
266751,144754
430151,144754
862882,144754
863916,144754
116465,144814
810397,144814
106128,144882
209850,144882
385320,144882
516553,144882
1505,144900
1586,144900
1346,144937
97842,144937
364915,144937
793634,144937
483,144964
1600,144964
53887,144964
668271,144964
353,145487
379,145487
1497,145487
290556,145487
146,145503
1838,145503
176,145505
299,145505
708,145505
1705,145505
99,145531
321,145531
505,145531
596,145531
5132,145547
275913,145547
1015,145653
1833,145653
196,145660
1287,145660
243,145681
1401,145681
1451,145681
740264,145681
96,145734
125,145734
381,145734
995,145734
9595,145784
144812,145784
1218,145893
1264,145893
48414,145893
165101,145893
2032,146177
177228,146177
126,146309
339304,146309
685,146316
1401,146316
322513,146316
852965,146316
1467,146336
1860,146336
678,146457
902,146457
112374,146476
10344397,146476
95478,146516
318821,146516
782561,146516
635330,146547
764450,146547
959377,146547
1231,146671
1555,146671
916617,146671
216,146675
321,146675
677,146675
1629,146675
139,146838
199,146838
249,146838
598,146838
337,146879
1987,146879
131,146882
5013,146882
85312,146882
521974,146882
112374,146983
855805,146983
2192109,146983
6581049,146983
226,146984
234,146984
354,146984
569226,146984
191,147004
323,147004
950,147004
28690,147111
949433,147111
499,147287
1235,147287
5007,147287
450,147612
11038,147612
48414,147612
5132,147800
5466,147800
330687,147800
646351,147800
378,147856
1329,147856
1722,147856
374416,147856
1902,148045
102288,148045
124481,148103
543547,148103
888468,148103
1397,148268
70115,148268
160004,148392
768334,148392
800,148421
893204,148421
1347,148583
746896,148583
397,148813
1313,148813
1653,149151
1758,149151
175262,149151
1702,149253
956956,149253
168,149261
4787,149261
5048,149261
571537,149261
281956,149357
621348,149357
750353,149357
56,149367
551,149367
55794,149367
1586,149372
1702,149372
798779,149372
217716,149399
461355,149399
6762,149570
451600,149570
354,149624
1794,149624
4851,149624
204,149691
215,149691
952,149691
667,149723
628601,149723
818,149857
6762,149857
153,149898
2055,149898
168262,149898
798779,149898
4851,149969
959377,149969
5235,149994
707476,149994
792217,149994
835001,149994
1235,150021
29502,150021
352,150143
538,150143
1020,150143
131,150216
279,150216
349,150216
1952,150216
592,150337
431451,150337
480,150340
1520,150340
5176,150340
435218,150340
169,150377
171,150377
339304,150377
1461,150464
487254,150464
2253,150634
153774,150634
571537,150634
878152,150634
744,150790
350044,150790
508249,150790
700229,150790
1833,150915
341737,150915
233109,151019
277003,151019
954162,151019
10803212,151019
147973,151044
483767,151044
1722,151047
191504,151047
233027,151047
822222,151047
170,151137
518,151137
627,151281
966,151281
274704,151281
662504,151281
4264,151325
33505,151325
364931,151325
396643,151325
714590,151325
1182971,151325
871,151331
5342,151331
672103,151331
792177,151331
215,151372
1745,151372
2062,151396
48932,151396
571537,151396
898546,151396
980,151568
2077,151568
5562,151582
948267,151582
106,151738
274,151738
788340,151738
890232,151738
98,151804
379114,151804
515296,151804
619651,151804
131811,151859
371824,151859
5316,152043
929609,152043
1546,152173
5499,152173
4778,152176
48932,152176
608378,152176
221903,152185
956956,152185
233027,152548
396812,152548
440988,152548
514,153012
1397,153012
5292,153031
5438,153031
66664,153100
887708,153100
218,153464
576,153464
843,153464
289038,153464
358180,153587
618291,153587
322,153588
94789,153588
961,153663
184392,153663
79,153737
852,153737
243620,153737
935807,153737
666,154965
109175,154965
472762,154965
764377,154965
50250,155197
74794,155197
103038,155197
112890,155197
112,155267
623,155267
1262,155267
1459,155267
562,155388
1329,155388
682070,155388
682071,155388
1376,155479
761212,155479
134,155711
450,155711
657,155723
1794,155723
786806,155723
640,155732
1019,155732
476,155733
1233,155733
369567,155733
4754,155753
170550,155753
1118,155754
1552,155754
5286,155754
605080,155754
162,155975
194,155975
681,155975
1557,155975
302,156026
44535,156026
144812,156026
1902,156028
3003,156028
630,156096
885,156096
1324,156096
1714,156096
1293,156106
572721,156106
223652,156322
315767,156322
362,156323
152638,156323
452,156515
1151,156515
2105,156515
531808,156515
686,156711
1233,156711
1650,156711
852132,156711
1528,156729
303981,156729
561809,156729
644897,156729
504,156735
1283,156735
211,156744
607325,156744
1965,156749
954704,156749
4486,156794
72768,156794
961,156800
107763,156800
102,156812
178,156812
5260,156812
5561,156812
187,156841
391,156841
973,156841
1152,156841
1334,156859
5571,156859
148,156934
218,156934
1165,156934
1372,156934
1092,157000
769154,157000
1826,157069
923210,157069
95,157115
446,157115
56763,157115
1083,157182
1746,157182
18699,157185
570695,157185
607325,157185
861600,157185
803,157427
236711,157427
593841,157427
299,157472
103038,157472
289,157503
379,157503
612,157503
5049,157503
616,157515
862932,157515
562,157583
701,157583
4787,157583
779084,157583
1417,157655
258360,157655
616,157913
21835,157913
511,157938
1127,157938
1522,157938
254362,158011
364813,158011
4851,158030
720277,158030
764450,158030
191,158033
528462,158033
778831,158033
608378,158154
779866,158154
456,158369
662,158369
95,158371
576,158371
608090,158371
515,158483
1025,158483
1765,158483
2029,158483
744,158501
1626,158501
459,158583
1629,158583
275,158609
514,158609
322064,158609
24188,158833
221214,158833
619651,158833
926259,158833
534,158937
604,158937
1209,158937
4839,159060
839486,159060
249,159097
379,159097
678,159097
1326,159097
477,159101
1018,159101
1133,159101
2139,159101
1598,159103
911542,159103
270,159270
842794,159270
432,159273
5562,159273
532683,159273
925916,159273
729,159291
11148,159291
1768,159293
4821,159293
173,159365
179,159365
250,159365
40586,159365
18,159369
1832,159369
627,159373
928134,159373
792,159396
1235,159396
911933,159396
768,159401
175262,159401
832792,159401
253216,159415
526019,159415
959377,159415
1801300,159415
1597,159421
1853,159421
507,159446
1505,159446
694052,159446
236,159696
1025,159696
446,159730
629737,159730
1016,159752
1367,159752
5024,159765
662519,159765
786639,159765
240,159784
5568,159784
6610,159784
902,159995
151419,159995
400606,159995
498247,159995
271,160009
648,160009
1999,160009
4729,160016
5516,160016
271165,160126
671721,160126
106,160127
139,160127
195,160127
5154,160127
179173,160182
852132,160182
230,160184
1165,160184
1434,160184
908116,160184
301381,160229
430005,160229
409,160236
547,160236
572,160236
1385,160236
1560,160256
751638,160256
1334,160278
382216,160278
744,160285
1108,160285
1235,160285
1368,160285
132694,160298
265668,160298
725091,160298
868956,160298
1698,160307
788370,160307
153,160338
1631,160338
1653,160338
5443,160338
1244,160395
928134,160395
352,160399
641,160399
656,160399
111274,160399
505,160401
1804,160401
4898,160401
413,160403
1611,160403
5467,160403
4800,160425
163659,160425
1669,160429
7183,160429
308,160447
107281,160447
1282,160459
1601,160459
272173,160459
397124,160459
1368,160472
222643,160472
724757,160472
30516,160481
412901,160481
795221,160481
935541,160481
213,160484
1035,160484
944077,160484
379,160495
1001,160495
350079,160495
440229,160495
296,160498
836,160498
1507,160498
273490,160498
194,160513
244,160513
657,160513
155,160547
1075,160547
1505,160547
1172,160596
40939,160596
228,160611
226820,160611
611932,160611
330,160616
1714,160616
5203,160616
4778,160620
5491,160620
732309,160620
5179,160672
281575,160672
671721,160672
949744,160672
1016,160721
339159,160721
947,160749
657760,160749
347,160775
1662,160775
168,160797
169,160797
1426,160797
1602,160797
160004,160800
223518,160800
337,160862
498,160862
5327,160862
908094,160862
5467,160881
575198,160881
347149,160911
385470,160911
1014982,160911
4755851,160911
5015340,160911
201,160916
246,160916
1693,160987
171513,160987
185819,161010
245705,161010
5216,161023
640334,161023
761587,161023
616,161029
997,161029
559144,161029
148,161081
201,161081
1584,161081
870007,161081
362,161083
444,161083
491,161083
1454,161083
4365,161084
933310,161084
4898,161100
429114,161100
455767,161109
893204,161109
352,161216
413,161216
675,161216
1629,161216
532,161767
722631,161767
4286,161841
364963,161841
748339,161841
745,161942
1194,161942
541576,161942
220976,161967
734000,161967
1110,161977
569336,161977
852965,161977
870204,161977
372,161988
2064,161988
472762,161988
1605,162024
515296,162024
158,162222
166,162222
526985,162236
581365,162236
870,162301
1019,162301
227039,162301
472762,162318
546797,162318
114,162346
301,162346
424060,162346
513,162360
562,162360
1872,162360
1074,162563
934113,162563
168,162650
288,162650
1853,162650
942482,162650
136,162661
207,162661
1669,162661
666,162662
1602,162662
101005,162662
227,162677
491,162677
4778,162677
562,162709
613,162709
551,162711
560,162711
1833,162711
104,162766
289,162766
1364,162766
4747,162766
5125,162903
19569,162903
934902,162903
947,162951
593841,162951
179,162958
1244,162958
212,162983
473,162983
527,162983
1435,162983
1244,163006
1364,163006
428121,163006
557281,163006
997,163016
1669,163016
495,163025
513,163025
554,163025
5273,163025
92,163080
554,163080
1691,163080
915989,163080
1397,163125
864997,163125
1960,163180
1970,163180
734000,163180
824373,163180
1150,163183
108881,163183
380501,163183
1401714,163183
152,163187
210,163187
349,163187
1185,163187
206510,163306
914113,163306
360,163318
1679,163318
5571,163318
740264,163318
524,163559
5148,163559
311297,163559
540441,163559
240,163579
421,163579
1601,163579
278752,163579
236711,163608
807571,163608
4755,163651
5098,163651
5272,163651
177639,163651
1729,163764
276062,163764
619651,163832
623319,163832
138,163978
1461,163978
107,163983
1722,163983
1751,163983
171052,163983
138620,163984
271988,163984
530993,163984
697924,163984
99,163988
115,163988
422,163988
609,163988
367,164003
369,164003
1001,164003
1523,164003
899,164008
1409,164008
991,164012
394012,164012
532,164026
2078,164026
102,164052
223,164052
982,164052
225332,164052
232,164108
313,164108
510,164108
102,164181
1152,164181
2062,164181
178574,164181
151,164184
255,164184
1560,164188
253216,164188
151,164212
432,164212
899,164212
5048,164212
151,164334
5321,164334
48414,164334
1062,164528
1800,164528
4248,164768
508249,164768
143,164802
865302,164802
571,164810
233027,164810
966,164887
452288,164887
133,164912
150,164912
491402,164912
367,164961
766046,164961
157,165086
328709,165086
506405,165086
608,165107
1235,165107
2064,165107
343325,165107
1098,165303
1123,165303
1467,165361
350453,165361
66586,165384
292182,165384
1662,165396
424060,165396
578949,165396
1368,165409
1625,165409
95478,165409
1166,165445
408284,165445
422,165454
1505,165454
253035,165454
477,165461
749570,165461
5282,165607
799777,165607
461,165628
1614,165628
1997,165628
333982,165628
961,165642
1397,165642
411,165710
4867,165710
403134,165710
1364,165773
451376,165773
628,165800
775,165800
493699,165800
953262,165800
505,165831
4937,165831
179224,165831
198,165832
621,165832
5188,165832
5561,165846
539651,165846
654,165854
690,165854
1228,165854
350079,165854
1505,165859
4778,165859
4936,165859
1383,165874
40015,165874
1016,165895
100889,165895
123261,165895
1472,165929
4691,165929
5568,165929
913460,165929
93,165982
201,165982
1212,165982
1876,165982
1406,165986
549815,165986
260,166013
192377,166013
67497,166021
261435,166021
368,166158
593,166158
671,166158
2663,166158
226820,166160
289098,166160
633,166252
1009,166252
1100,166252
779866,166252
403,166276
409,166276
1806,166276
299028,166321
914113,166321
846,166396
528462,166396
679,166404
1638,166404
149,166485
334,166485
499,166485
596,166540
314358,166540
528462,166540
47223,166655
133597,166655
483058,166655
783033,166655
792643,166655
1560,166656
75650,166656
57331,166674
552474,166674
744107,166674
1222842,166674
679,166695
455767,166695
792177,166695
171811,166714
954704,166714
461,166811
532,166811
342,166813
354,166813
76718,166813
836070,166813
658,166943
1458,166943
29400,166943
338,166971
404,166971
1058,167082
1329,167082
1758,167082
390903,167082
338,167098
404,167098
323,167110
1424,167110
1517,167110
1642,167110
662,167116
77753,167116
730099,167116
940784,167116
1702,167145
2126,167145
559993,167145
936403,167145
616,167150
1777,167150
457,167190
579,167190
1194,167194
1368,167194
400194,167194
1411,167202
184392,167202
107,167203
1641,167203
374,167215
1368,167215
344603,167215
951420,167215
704,167260
1557,167260
5212,167260
89217,167260
704,167261
1557,167261
5212,167261
89217,167261
374,167350
903677,167350
842770,167351
862907,167351
249,167360
1272,167360
40472,167360
513281,167360
1550,167367
911542,167367
622,167379
892455,167379
246,167404
1057,167404
5286,167404
931404,167404
2,167423
18,167423
101,167423
2071,167427
5006,167427
788340,167427
200,167456
381,167456
1426,167456
1227232,167456
458,167752
496,167752
1167,167752
671721,167752
837,167880
524197,167880
148187,167909
871456,167909
1457,168020
569458,168020
871,168035
1277,168035
17343,168047
643740,168047
138700,168181
513190,168181
1245,168183
237244,168183
871,168197
947,168197
571106,168197
1648,168265
147983,168265
1648,168446
1745,168446
372176,168446
4978,168449
163988,168449
171513,168449
657760,168449
603090,168464
956956,168464
298691,168496
874684,168496
505,168501
4820,168501
4875,168501
674782,168501
1494,168563
1797,168563
2663,168563
121616,168563
553,168590
4647,168590
366,168629
1556,168629
1780,168629
767,168631
1567,168631
202966,168631
2852559,168631
143,168785
160004,168785
909620,168785
243,168786
1035682,168786
662504,168794
741388,168794
357,168805
1235,168805
954225,168805
527002,168813
893941,168813
1834,168848
131235,168848
144133,168848
948272,168848
1295,168858
1528,168858
272173,168858
375959,168858
852,168899
1965,168899
145880,168899
677620,168899
457,169083
950,169083
1164,169214
5251,169214
596807,169364
734000,169364
4906,169376
420747,169376
726472,169376
937930,169376
995,169396
1625,169396
228,169547
301,169547
906,169547
4747,169547
1826,169579
366866,169579
276,169639
1505,169639
358922,169639
603,169806
626259,169806
9368,169884
695860,169884
804482,169884
92,169973
309,169973
1037,169973
1045,169973
1967,169973
5049,169994
19569,169994
120,170016
1787,170016
597410,170016
3679189,170016
597,170107
1393,170107
456124,170107
592,170157
1065,170157
5416,170157
165101,170157
534,170260
708,170260
134416,170441
761212,170441
678,170452
732,170452
1550,170452
621992,170452
357,170568
1999,170568
750353,170568
379464,170580
804482,170580
4286,170691
205127,170691
268199,170691
297,171227
435,171227
693,171227
104753,171256
956956,171256
194115,171349
754807,171349
784884,171349
918663,171349
113,171356
553,171356
1624,171356
160,171359
1492,171359
1731,171359
893204,171359
553,171363
666,171363
1876,171363
5562,171363
843,171433
1184,171433
1570,171433
1774,171433
1019,171497
390258,171497
593844,171497
935498,171497
207,171576
357,171576
472762,171576
648249,171576
151,171580
250,171580
1427,171580
1674,171580
237244,171681
759685,171681
237244,171688
754807,171688
759685,171688
5170,171690
513964,171690
1664,171698
1777,171698
4736,171698
445295,171698
1721,171804
5476,171804
765597,171804
786639,171804
98,171825
14953,171825
63736,171825
70541,171825
1324,171865
571160,171865
662504,171865
226,172156
1454,172156
3244,172156
5517,172156
626202,172338
784884,172338
146,172396
194,172396
1653,172396
194572,172402
350044,172402
563687,172409
807622,172409
916406,172409
1695352,172409
1367,172425
747114,172425
371824,172455
913993,172455
397,172464
1367,172464
1796,172464
213,172493
1401,172493
5261,172493
245112,172493
128,172495
1567,172495
1618,172495
1657,172495
1960,172543
852965,172543
1262,172619
1826,172619
541576,172619
453,172632
1804,172632
204706,172632
5007,172669
121605,172669
322437,172669
954225,172669
1546,172699
1555,172699
1718,172699
1845,172726
206257,172726
713378,172726
722647,172726
237244,172762
904303,172762
387,173052
642198,173052
631877,173065
759685,173065
1703,173450
484727,173450
1285,173651
1735,173651
429,173716
1151,173716
1860,173716
4978,173716
102522,173750
631877,173750
320760,173821
734000,173821
114,173840
285,173840
609,173840
1840,173840
388092,173943
700856,173943
270,173957
19585,173957
237244,173971
417582,173971
176,173999
1233,173999
367,174027
90469,174027
233604,174027
232,174204
313,174204
560,174204
1416,174204
237244,174308
767628,174308
784884,174308
379464,174354
804482,174354
152,174480
213,174480
1439,174480
182666,174640
334324,174640
799,174721
268286,174721
1759,174726
1952,174726
86024,174726
439170,174726
1574,174732
150255,174732
334027,174732
357728,174732
616,174741
1367,174741
243,174856
630,174856
679,174856
788370,174856
4991,174885
608378,174885
662519,174885
631877,174975
759685,174975
442,174982
530,174982
620,175047
2078,175047
186915,175114
627637,175114
808917,175114
935895,175114
235652,175159
934113,175159
434,175317
995,175317
1662,175317
54397,175414
791570,175414
299,175526
1542,175526
5261,175526
103038,175526
1252,175536
4979,175536
5169,175536
147973,175536
1381,175777
2055,175777
525921,175876
557281,175876
902,175877
4729,175877
129,175880
194,175880
450,175880
1673,175880
5443,176234
687443,176234
615,176244
616,176244
2076,176250
2077,176250
531808,176250
887670,176250
241,176269
925220,176269
5292,176318
519486,176318
1401,176326
348152,176326
260,176426
1099,176426
1233,176426
199939,176650
593841,176650
5028,176783
5188,176783
5342,176783
372176,176783
502,176883
256263,176883
287702,176883
701030,176883
25745,176912
317725,176912
678,176948
5093,176948
401,177068
2138,177068
275913,177195
578853,177195
721,177747
849,177747
159,177769
1794,177769
4886,177769
641244,177769
244,177789
614,177789
741,177789
1724,177789
721,177824
144045,177824
1020,177845
1057,177845
185819,177845
491,177888
1609,177888
457,177943
5251,177943
602941,177943
123,177971
178,177971
242,177971
604,177971
40015,178043
276062,178043
1763,178050
48932,178050
168262,178050
139,178642
1100,178642
1172,178642
108287,178642
687692,178675
1219788,178675
1573,178704
1592,178704
1631,178704
1653,178704
1538,178737
5273,178737
640323,178737
853364,178737
220,178746
1367,178746
541576,178746
583951,178746
1329,178860
4303,178860
260549,178860
475100,178860
5231,178988
5305,178988
387773,178988
916406,178988
457,178997
406975,178997
163,179098
215,179098
350453,179098
5169,179116
245112,179116
931329,179116
537648,179145
904287,179145
4978,179177
461355,179177
501,179182
1212,179182
1543,179182
182839,179206
874556,179206
128360,179219
167850,179219
2332,179435
205657,179435
602941,179435
1212,179443
1244,179443
406975,179443
671,179473
681,179473
39435,179473
948267,179473
185,179477
583951,179477
134,179626
984,179626
1288,179626
122653,179626
4980,179769
121605,179769
334179,179769
462712,179769
252230,179835
627995,179835
194136,179839
904303,179839
420,179841
2100,179841
220976,179841
276,179861
5078,179861
132257,179861
1137,179894
575198,179894
612321,179894
792,179915
871,179915
1530,179915
767628,179918
904303,179918
552,180052
1542,180052
1642,180052
206257,180052
1245,180059
759685,180059
323,180073
701,180073
1618,180073
1691,180073
124,180093
995,180093
1467,180093
640,180242
1598,180242
11038,180242
222,180301
679,180301
1687,180301
364813,180301
270,180303
628,180303
1457,180303
2055,180303
307,180316
40586,180316
186469,180316
571160,180316
417582,180328
904303,180328
237244,180413
417582,180413
759685,180413
237244,180442
759685,180442
1368,180683
2101,180683
1634,180708
5569,180708
222643,180708
942875,180708
178,180734
206,180734
370035,180734
759685,180788
892157,180788
237244,180802
759685,180802
759685,180889
896554,180889
1235,180897
369814,180897
237244,180916
759685,180916
237244,181096
631877,181096
306,181144
335714,181144
402395,181144
422,181151
906,181151
1427,181151
1299,181299
1367,181299
846,181311
1324,181311
1487,181311
1454,181316
5561,181316
152638,181316
338886,181316
99828,181497
488477,181497
366,181530
94789,181530
199842,181534
289098,181534
125,181536
719,181536
1593,181536
4908,181618
57363,181618
228336,181618
323344,181618
129,181689
1884,181689
268199,181689
608090,181689
411857,181735
516049,181735
401,181739
1383,181739
1674,181739
136,181833
454,181833
1806,181833
507,181836
2006,181836
132,181852
216,181852
1763,181852
140,181865
1125,181865
1876,181865
889846,181865
531,181875
1082,181875
5028,181875
297578,181875
538794,181890
543547,181890
367,181978
2105,181978
505,181984
610,181984
441588,181984
168,182000
5174,182000
272173,182000
555,182027
1025,182027
5176,182256
561717,182256
110,182295
224,182295
1523,182295
5273,182295
270,182306
564,182306
627,182306
50458,182508
876958,182508
394012,182526
561809,182526
627453,182526
125,182574
908919,182574
1780,182708
146814,182708
302105,182708
245,182789
554,182789
1110,182789
1624,182789
1025,183171
1221,183171
1252,183171
489,183306
289038,183306
120,183505
250,183505
26364,183505
115236,183505
209,183523
332,183523
641,183523
1567,183523
554,183550
126284,183550
193661,183550
628563,183550
662,183649
1845,183649
268199,183649
593664,183649
438,183659
1315,183659
461446,183659
722,183767
1291,183767
1722,183790
5132,183790
815370,183790
352,183808
420,183808
498,183808
95478,183808
4747,183885
731286,183885
29,183973
661293,183973
95478,184007
403947,184007
298,184019
454,184019
947,184019
1028,184158
95478,184158
155,184510
245,184510
541,184510
640,184791
1326,184791
1616,184791
5466,184791
1530,184804
751638,184804
234,184858
255,184858
641,184858
329,184894
5154,184894
5562,184894
331,184907
4922,184907
254402,184907
916406,184907
271,185007
291,185007
525921,185007
140,185014
375,185014
531,185014
1497,185014
608,185101
59215,185101
268114,185101
887226,185101
334324,185181
564502,185181
237,185183
1608,185183
1845,185183
167649,185183
530365,185215
893941,185215
236,185284
458,185284
1459,185284
463,185371
1251,185371
1691,185371
4875,185371
99,185431
172,185431
1191,185431
406975,185431
627,185442
185819,185442
226820,185442
17343,185897
65007,185897
98709,185897
374,186014
1768,186014
1623,186029
781899,186029
117,186045
130,186045
362,186045
541,186045
270,186183
597,186183
435,186202
592,186202
662,186202
5577,186240
131811,186240
374,186547
1133,186547
1065,186549
792177,186549
142,186566
169,186566
661,186566
1258,186566
2546,186589
5420,186589
5448,186589
313534,186589
4753,186719
347957,186719
255,186894
449,186894
569,186894
461,186932
530,186932
491005,186932
4999,186975
5327,186975
5466,186975
115,187078
610,187078
1401,187078
1367,187236
751638,187236
74125,187316
603090,187316
4109,187351
451600,187351
1759,187357
511270,187357
655478,187357
689424,187357
154,187393
613,187393
5132,187393
1107,187399
948272,187399
5305,187512
285913,187512
571106,187512
1213,187559
1860,187559
486728,187559
809,187601
852965,187601
870204,187601
907981,187601
579,187738
648,187738
1434,187738
7237,187738
97842,187761
125013,187761
822111,187761
852668,187761
156314,187780
297602,187780
457,187839
187998,187839
502425,187847
870794,187847
176,187995
1250,187995
662504,187995
694052,187995
81449,188019
463649,188019
273,188045
1231,188045
1709,188045
72768,188045
1746,188052
4816,188052
289,188055
187724,188055
933959,188055
949744,188055
596,188128
341737,188128
344435,188128
722629,188128
1751,188160
4286,188160
27402,188205
751638,188205
173,188453
1035,188453
1538,188518
4051,188518
369954,188518
1036,188620
25745,188620
4740,188863
933098,188863
1285,188932
177228,188932
322,189142
366,189142
518,189142
1641,189142
229733,189153
463649,189153
584020,189153
759685,189153
606,189192
775,189192
2010,189192
743671,189192
523,189201
1720,189201
194115,189490
538794,189490
228,189584
362,189584
4906,189584
4787,189744
448204,189744
611932,189744
784884,189796
846308,189796
427,189810
997,189810
199939,189810
144,189998
353,189998
518,189998
1424,189998
246,190138
275,190138
3817,190138
261,190255
1075,190255
334,190332
706,190332
151654,190332
955471,190332
460,190374
572721,190374
668271,190374
923529,190374
381329,190438
537554,190438
123,190590
422,190590
1806,190590
625789,190590
1863,190736
5342,190736
890232,190736
235,190861
367,190861
619,190861
2103,190861
200,190865
563,190865
677,190865
1277,190865
145,190938
1744,190938
4929,190938
438127,190994
621348,190994
463,191037
1780,191037
477,191074
663,191074
4875,191074
5243,191074
421,191133
258402,191133
461498,191133
1638,191242
63440,191242
719678,191242
206,191397
432,191397
486728,191397
178,191428
661,191428
441377,191428
367,191610
75650,191610
809,191636
239816,191636
113,191754
1557,191754
1610,191754
922035,191754
885,191764
1417,191764
57363,191764
261724,191869
661293,191869
293,191996
5094,191996
5231,192023
5292,192023
5318,192023
5351,192023
379,192071
4936,192071
756089,192071
5321,192111
5327,192111
587431,192111
1721,192194
1971,192194
95,192455
232,192455
1710,192455
4753,192614
4991,192614
5045,192614
908094,192614
16141,192630
1152525,192630
297,192701
1729,192701
952,192731
205127,192731
222643,192731
607185,192731
105,192766
5389,192766
656063,192766
656071,192766
1611,192991
261724,192991
1673,193082
4051,193082
4365,193082
393,193135
1601,193135
1662,193135
222,193288
1588,193288
922671,193288
1600,193318
1729,193318
32,193364
241,193364
859921,193364
374,193555
575198,193555
337,193560
1518,193560
4735,193560
5110,193560
554830,193724
665056,193724
380,193854
474,193854
1016,193859
1019,193859
75650,193926
239816,193926
98734,194037
385757,194037
338,194042
414,194042
308,194146
353546,194146
117,194218
513,194218
615,194218
661,194218
156,194368
161,194368
704,194368
1872,194368
144812,195023
557859,195023
950,195234
1409,195234
210,195685
1215,195685
1326,195778
5098,195778
5447,195778
740264,195778
1584,195857
913460,195857
1662,195944
740264,195944
1084,195945
258402,195945
1711,196068
1770,196068
805476,196068
219,196158
454,196158
1744,196158
95,196216
424,196216
1808,196216
1283,196221
642522,196221
284,196223
360,196223
662,196223
1127,196223
1774,196229
2071,196229
5562,196229
852132,196229
1016,196373
1018,196373
1150,196516
237124,196516
561728,196516
627453,196516
1321,196596
864892,196596
5438,196703
347957,196703
144133,196708
429114,196708
429,196723
542,196723
664,196723
330687,196723
1136,196732
1926,196732
104,196857
357,196857
437,196857
507,197072
2246,197072
291,197311
418,197311
427289,197311
918590,197311
289,197384
461,197384
440229,197384
444621,197384
1473,197646
1714,197646
364813,197646
675,197750
1971,197750
4695,197750
322513,197750
442,197753
5320,197753
180984,197862
245112,197862
514,197996
779399,197996
171,198021
204,198021
330,198021
515,198284
628,198284
1623,198284
4844,198284
377,198386
445,198386
608,198386
1025,198386
1698,198473
314358,198473
1025,198553
1687,198553
1441,198586
5316,198586
128460,198668
192377,198668
171811,198673
946179,198673
263,198715
19585,198715
76396,198715
2182706,198715
114,198781
345,198781
422,198781
674202,198907
759898,198907
72768,198971
223652,198971
176061,199094
498266,199094
586345,199094
748683,199094
1002753,199094
5028,199314
640323,199314
862916,199314
870204,199314
603,199369
277975,199369
483,199481
1884,199481
1970,199481
766046,199481
212,199626
492,199626
749263,199626
4898,199725
5125,199725
179,199727
1244,199727
1538,199727
209850,199744
221554,199744
735467,199744
856977,199744
174,199753
973,199753
1744,199753
5251,199753
236711,199772
622544,199772
661293,199772
749263,199772
1424,199950
1445,199950
106,200027
1872,200027
5261,200027
305081,200027
1159,200171
761836,200171
864997,200171
4787,200465
5458,200465
1617,200469
502442,200469
232,200472
4743,200472
175262,200472
810619,200472
422,200550
4742,200550
5305,200550
305081,200550
235,200669
295,200669
562,200669
289038,200669
96,200720
101,200720
111376,200720
455767,200720
4920,201020
827973,201020
274,201394
1406,201394
176,201479
4989,201479
1664,201484
5522,201484
104,201485
1394,201485
931404,201485
276,201726
973,201726
40695,201726
66664,201726
615,201737
430074,201737
671032,201737
501,201899
603,201899
1517,201899
605080,201899
459,201901
1424,201901
2029,201901
997,202236
5177,202236
452288,202236
541576,202236
307,202287
491402,202287
395,202314
1729,202314
2246,202314
569226,202314
5448,202402
922342,202402
98,202470
242,202470
922035,202470
374,202599
941708,202599
255,202623
354,202623
612,202623
5561,202623
487405,202642
898634,202642
202,202677
496,202677
1125,202677
4875,202677
24404,202711
242177,202711
365988,202711
281575,202856
756083,202856
173,203009
191,203009
491,203009
980,203009
134,203019
234,203019
421,203019
254712,203019
90,203053
501,203053
111,203230
1473,203230
752407,203230
324,203284
864892,203284
461,203408
680,203408
1100,203421
868479,203421
221,203503
1520,203503
1025,203536
1650,203536
2101,203536
834282,203536
545,203540
654110,203540
140,203755
239,203755
369,203755
1049,203816
1165,203816
5569,203816
514,203835
616,203835
583951,203912
942482,203912
663,203975
59215,203975
353,204137
411,204137
95478,204137
1231,204175
5327,204175
1745,204313
195439,204313
707,204350
1137,204350
862932,204350
65942,204352
95478,204352
697,204624
569011,204624
206,204626
652,204626
673,204626
1368,204626
1252,204700
220976,204700
882,204709
530365,204709
719,204720
502813,204720
899197,204720
25745,204741
527002,204741
379,204946
5517,204946
103038,204946
244630,204946
1235,205000
1705,205000
54397,205000
341176,205000
292182,205177
406975,205177
152,205271
166,205271
368,205271
120,205314
950,205314
6015,205314
395776,205314
285,205461
1228,205461
575184,205461
339460,205774
405271,205774
564824,205774
874086,205774
579,206075
616,206075
1153,206075
1136,206113
5203,206113
5466,206275
913488,206275
1872,206314
5447,206314
908094,206314
702,206367
1293,206367
5460,206367
4993,206382
893257,206382
4851,206420
73162,206420
275417,206420
674782,206420
194,206634
323,206634
252230,206634
654110,206634
1397,206845
135585,206845
768334,206845
11882,206878
175621,206878
366729,206878
483990,206878
1083380,206878
3165081,206878
207,206917
949,206917
484606,206917
946160,206917
613,206926
491402,206926
532193,206926
454,207036
514,207036
616,207036
176,207161
954225,207161
154,207201
166,207201
257,207201
673,207201
5320,207296
853079,207296
1024,207357
1902,207357
299,207377
744,207377
1702,207377
110,207524
705,207524
1115,207638
926235,207638
302,207988
588,207988
1496,207988
1763,207988
505,208003
1454,208003
316079,208003
180984,208017
931324,208017
93,208092
1125,208092
1199,208092
5458,208092
352,208196
673,208196
852466,208196
1036204,208196
452288,208323
694052,208323
747962,208323
302,208349
310865,208349
172,208491
510,208491
227958,208491
626202,208491
2142,208866
35060,208866
198,208874
225,208874
260,208874
313,208874
1960,208911
129464,208911
230,208988
337,208988
1669,208988
603090,208990
872910,208990
1334,209020
761836,209020
147,209109
446,209109
1393,209109
1592,209144
1602,209144
5251,209144
95478,209144
409,209163
1838,209163
903677,209163
3244,209174
635330,209174
891895,209174
1376,209223
524528,209223
106,209322
492,209322
59215,209322
307681,209368
915208,209368
182,209475
190,209475
150362,209475
933098,209475
144,209486
502,209486
5006,209486
5460,209486
182,209958
352,209958
681,209958
532,210065
667,210065
4787,210065
79273,210065
211,210070
410622,210070
501210,210070
673932,210070
393,210149
1164,210149
1233,210149
1459,210149
75710,210163
954704,210163
596,210357
846,210357
139,210358
335,210358
834,210358
167,210382
576,210382
1517,210382
1631,210382
378,210567
678,210567
725,210567
4893,210567
33505,210687
41554,210687
867588,210687
878583,210687
1127,210696
1137,210696
1319,210696
527002,210809
530365,210809
1213,210827
841422,210827
510,210939
725,210939
1122,210939
147,210943
267,210943
287,210943
243,210945
1599,210945
365445,210945
4286,210953
889846,210953
335,211181
367,211181
262521,211181
344435,211181
867,211187
1288,211187
478844,211187
322,211286
1250,211286
44535,211286
618,211309
469103,211309
185168,211323
228678,211323
571874,211323
878152,211323
320808,211387
756203,211387
454,211465
1608,211465
1806,211492
1833,211492
1026,211526
1746,211526
131235,211570
636694,211570
674781,211570
2,211577
1244,211577
1657,211650
1831,211650
845270,211650
615,211661
217936,211661
2,211719
454,211719
2027,211719
565,211933
4695,211933
5024,211933
159789,211933
1556,211938
4937,211938
662,211941
1482,211941
209801,211941
792209,211941
220,212048
461,212048
747114,212048
369567,212059
500359,212059
302105,212075
635330,212075
89944,212166
121091,212166
526019,212219
537642,212219
554830,212219
785498,212219
3243287,212219
415,212271
15382,212271
131235,212271
854580,212271
32009,212294
123261,212294
445295,212294
460694,212294
746734,212294
791968,212294
849,212311
273464,212311
134,212338
1100,212338
1774,212338
113,212346
298,212346
323,212346
973,212346
283,212360
944077,212360
337,212380
614,212380
1670,212380
341737,212380
273178,212420
720277,212420
764450,212420
145102,212495
347219,212495
609845,212604
629855,212604
1726,212615
5516,212615
5569,212615
19569,212615
84,212712
955471,212712
179,212720
5286,212720
640323,212720
730168,212720
662,212742
1089,212742
908116,212742
469,212772
452288,212772
2032,212789
160550,212789
1221,212815
343325,212815
777760,212815
596,212827
1641,212827
944077,212827
1780,212830
2076,212830
394012,212830
434,212872
489,212872
403,212910
1215,212910
1714,212910
947338,212910
164,212985
194,212985
198,212985
501,212985
132757,213121
818166,213121
255,213149
295,213149
1326,213149
5406,213149
20122,213266
146798,213266
707,213446
1458,213446
4991,213528
5245,213528
997,213613
160550,213613
114,213653
95478,213653
7102,213677
451600,213677
117,213985
592993,213985
4365,214032
228678,214032
809,214265
603090,214265
546,214277
1262,214277
1445,214277
1337,214388
4825,214388
4867,214388
6958,214388
35060,214646
462712,214646
454,214757
112890,214757
5227,215129
5405,215129
5442,215129
182455,215129
1614,215135
1617,215135
915989,215139
920992,215139
7102,215245
700869,215245
273464,215383
891895,215383
198,215516
240,215516
5460,215516
593664,215516
586,215545
1650,215545
1834,215545
33837,215557
50250,215557
477,215679
593664,215679
903200,215679
764450,215687
959377,215687
179,215750
438,215750
1212,215750
1838,215750
799,215760
671721,215760
1703,215770
487884,215770
1653,215865
448204,215865
216,216216
1282,216216
1650,216216
740264,216216
372,216279
1160,216279
322407,216279
626362,216279
3244,216386
4851,216386
1156,216624
1883740,216624
81547,216625
627245,216625
1545,216682
177228,216682
322,216689
1376,216689
75650,216689
5458,216772
750019,216772
480,216799
510,216799
322407,216799
457,216818
2032,216818
61270,216818
175262,216818
371762,216818
502049,216818
784483,216818
881830,216818
930415,216818
1560,216841
317725,216841
933727,216841
1098,216930
788340,216930
200057,216938
866870,216938
767,216983
40939,216983
288271,216983
76082,216990
643740,216990
809,217019
171499,217019
143,217031
131974,217031
6987,217086
115297,217086
75650,217119
320808,217119
882,217168
201669,217168
1409,217238
603090,217238
138,217505
139,217505
358,217505
980,217505
749,217621
1262,217621
641939,217621
627,217629
1439,217629
2546,217630
4755,217630
755603,217630
2078,217654
5078,217654
1272,217664
123261,217664
1862,217686
454278,217686
274,217756
1624,217756
103,217758
176,217758
1075,217758
5315,217758
1111,217787
636562,217787
168,217869
246,217869
705,217869
4829,217869
733929,217894
911320,217894
969,217978
5576,217978
792,217979
5301,217979
344435,218000
602941,218000
616,218032
1965,218032
5342,218032
95478,218032
364977,218067
513201,218067
535837,218067
1025139,218067
1324,218112
193657,218112
564502,218112
569336,218112
1424,218126
1852,218126
521753,218126
379,218141
285913,218141
3003,218323
364963,218323
4747,218378
611932,218378
1732,218426
588364,218426
185819,218616
531808,218616
729,218619
4747,218619
244630,218619
756089,218619
1028,218641
4839,218641
400194,218641
1291,218705
9368,218705
202,218817
209,218817
337,218817
1231,218817
1573,218839
177639,218839
506405,218839
929609,218839
4740,218864
5278,218864
5351,218864
933098,218864
104,218922
1401,218922
5048,218922
860233,218922
83795,218950
778831,218950
115,218967
332,218967
495,218967
5315,218967
1231,219171
1324,219171
1608,219171
57150,219171
1598,219175
250368,219175
123201,219182
215581,219182
1324,219327
4051,219327
35605,219327
531808,219327
84385,219333
662504,219333
719678,219333
391,219374
596,219374
870,219374
234,219400
664,219400
671,219400
1670,219400
1528,219405
192963,219405
217984,219405
277116,219405
403,219408
1735,219408
1804,219408
799,219469
836,219469
1169,219469
1711,219469
156,219519
162,219519
1802,219519
648249,219519
1538,219653
1626,219653
124930,219653
206,219699
610,219699
949,219699
5017,219699
22887,219756
165101,219756
893204,219756
99,219822
209,219822
406975,219822
246,219854
5499,219854
607865,219854
214,219878
622544,219878
237,219952
619,219952
1435,219952
246,219965
671,219965
949,219965
4949,219965
748075,220005
936198,220005
161,220100
675,220100
1745,220100
75359,220100
663,220343
1794,220343
881672,220343
1457,220399
4993,220399
5520,220399
524197,220399
130,220506
435323,220506
162,220591
947,220591
98709,220703
273178,220703
1884,220827
227958,220827
353717,221016
619185,221016
136,221027
4851,221027
341737,221027
1099,221069
4743,221069
791570,221069
51509,221073
173194,221073
1235,221197
1281,221197
4883,221197
628017,221197
178,221218
1136,221218
1745,221218
5447,221218
1917,221344
17343,221344
347149,221563
722629,221563
176,221799
1282,221799
424060,221799
1028439,221799
828,221823
748075,221823
461,221837
929,221837
4999,221838
245705,221838
458,221885
693,221885
1523,221885
1838,221889
322513,221889
528462,221889
373,222020
98372,222020
731772,222020
924204,222020
926,222142
999,222142
334179,222167
402358,222167
106128,222218
554830,222218
564805,222293
842770,222293
1436,222375
1836,222375
542759,222375
641097,222375
5162,222705
25309,222705
103785,222850
648249,222850
1429,222851
4898,222851
441377,222851
184392,223284
768334,223284
4395,223828
40015,223828
280051,223828
603413,223828
377,223832
1758,223832
915989,223832
143,223856
254712,223856
166,223897
228,223897
1542,223897
5286,223897
438,223954
566,223954
681,223954
168262,223954
559,223992
800,223992
555,224626
1638,224626
5320,224626
182,225071
5024,225071
5438,225071
1016,225828
344603,225828
372,225865
874,225865
997,225865
693,226430
338886,226430
275,226540
852,226540
1965,226540
799,226624
758445,226624
1641,226708
320481,226708
488477,226708
543547,226708
1562,226877
4884,226877
352,226935
180984,226935
209289,226935
657760,226981
701561,226981
463,227005
681,227005
269463,227005
990494,227005
1974,227140
1987,227140
8,227445
134,227445
291,227445
1570,227445
104,227538
1303,227538
754512,227538
891786,227538
168,227984
1015,227984
607865,227984
1262,228049
502813,228049
873384,228049
899197,228049
1726,228054
648920,228054
4486,228140
144045,228140
991,228301
1221,228301
427,228333
449,228333
1084,228333
5458,228333
92,228338
657353,228338
1606,228488
1745,228488
79273,228488
32741,228504
1050671,228504
1662,228720
2073,228720
397212,228720
429250,228720
128,228750
212,228750
1556,228750
606,228786
761212,228786
454,228891
2078,228891
394012,228891
564805,228891
664,229002
1845,229002
1001,229021
827663,229021
102744,229450
167952,229450
150,230011
1815,230011
123553,230011
160004,230011
417,230025
444,230025
1601,230025
1999,230025
167,230030
409,230030
640323,230030
794896,230030
412,230234
1166,230234
173,230600
1172,230600
679,230783
1648,230783
1745,230783
206,230838
234,230838
554,231001
571160,231001
530365,231192
720277,231192
103,231448
1151,231448
5342,231448
1590,231775
1674,231775
5093,231775
506405,231775
290556,231781
534944,231781
442,232015
515,232015
108287,232500
908094,232500
849,232611
3244,232611
317725,232611
323,232632
1445,232632
53384,232632
126,233142
225,233142
621,233142
387524,233277
526724,233277
687506,233277
730810,233277
7102,233422
700869,233422
216,233469
480,233469
491,233469
626202,233469
402358,233481
569011,233481
1194,233656
199939,233656
460,233691
701,233691
123079,233691
779084,233691
66586,233954
92639,233954
252230,233954
463,234137
1187,234137
5174,234137
269463,234137
206,234215
401,234215
5251,234215
915989,234215
1999,234221
232892,234221
415435,234221
548534,234221
188,234354
307,234354
368,234354
156,234393
627,234393
596807,234393
616,234652
680,234652
748075,234652
1773,234793
412382,234793
498,234829
4754,234829
5327,234829
911542,234829
4887,234838
624510,234838
663,235333
1794,235333
496,235412
666,235412
1114,235412
1315,235412
782,235606
487254,235606
174,235737
352,235737
4965,235737
350079,235737
704721,235807
856500,235807
744,236026
1194,236026
997,236126
5019,236126
397555,236126
364583,236189
949241,236189
1698,236304
933310,236304
337,236348
5346,236348
206257,236348
542759,236348
5170,236388
147825,236388
367724,236388
401018,236388
93,236493
210,236493
1254,236493
799777,236493
469,236551
50458,236551
162,236640
207,236640
1448,236640
1667,236640
112,236784
130,236784
1691,236784
7237,236784
1281,237523
152638,237523
197,237572
1125,237572
165101,237572
872,237706
1194,237706
891275,237706
4763,238015
25709,238015
115,238112
288,238112
457,238112
4851,238112
337,238137
1667,238137
4999,238137
5535,238137
1228,238275
4647,238275
693,238321
396812,238321
288,238380
293,238380
1833,238380
4875,238380
1641,238546
4691,238546
603413,238546
870204,238546
241,238552
740264,238552
526,238627
1543,238627
779866,238627
786136,238627
122688,238743
275244,238743
619651,238743
1009439,238743
693799,238893
856500,238893
352,238924
1085,238924
386472,238924
540441,238924
341176,238948
344196,238948
736263,238948
355024,238992
569458,238992
881672,238992
404993,238994
571537,238994
1323,239004
5174,239004
1507,239014
1558,239014
156,239395
285,239395
1497,239395
1610,239395
874,239444
34976,239444
4867,239461
131811,239461
297,239467
608,239467
1768,239467
453492,239467
666,239509
1187,239509
1482,239509
59215,239509
767,239670
288271,239670
543547,239670
717709,239792
722629,239792
1605,239948
1872,239948
4755,239948
85312,239948
398,239949
1287,239949
5098,239949
1287,239986
122653,239986
662504,240402
765597,240402
552,240462
147825,240462
712368,240462
933723,240462
4747,240510
5028,240510
5132,240510
1320601,240510
1800,240515
4846,240515
858776,240515
192377,240621
761212,240621
411,240659
470981,240659
502813,240659
93,240772
123,240772
210,240772
354,240772
531,240885
1804,240885
125,240887
285,240887
438,240887
1009,240887
175262,240887
131,240890
295,240890
5315,240890
307,240980
1602,240980
702,241025
1667,241025
304801,241025
700856,241025
1598,241183
1702,241183
1439,241223
920992,241223
547,241303
1132,241303
5251,241303
1321,241527
1749,241527
342488,241527
705356,241527
221046,241760
244630,241760
286,242150
1492,242150
124481,242150
167649,242150
1540,242193
1763,242193
596,242252
4778,242252
5476,242252
48932,242252
437,242264
180984,242264
4950,242423
5110,242423
5405,242423
5448,242423
219,242445
26364,242445
229422,242445
913460,242445
655,242508
725,242508
1264,242508
4978,242508
594,242522
786639,242522
301,242527
4993,242527
7102,242572
706787,242572
1970,242578
65049,242578
330885,242578
388761,242578
418383,242578
448780,242578
742745,242578
919269,242578
4051,242587
22883,242587
200452,242587
206,242653
401,242653
5251,242653
915989,242653
950,242888
1364,242888
4695,242888
199215,242888
1075,242953
646351,242953
59974,242994
144812,242994
288271,242994
612,242998
4770,242998
4800,242998
5420,242998
1018,243059
1418,243059
5176,243059
531,243133
671,243133
1254,243133
147,243155
250,243155
424,243155
428121,243155
65007,243168
305558,243168
101,243210
950,243210
754,243222
31001,243222
33505,243222
37192,243222
1212,243232
110507,243232
920992,243232
451376,243255
581953,243255
514,243327
199939,243327
616,243415
924684,243415
367,243493
809,243493
488477,243493
1272,243508
1844,243508
754,243554
524197,243554
593664,243554
652,243575
1542,243575
1828,243575
33505,243575
133,243585
150,243585
491402,243585
662,243609
1015,243609
835016,243609
413,243655
1383,243655
603413,243655
795290,243655
1326,243736
182455,243736
815370,243736
172306,243828
364977,243828
692281,243828
750353,243828
1638,243885
2101,243885
564,243904
318821,243904
221,243931
612,243931
117,243991
551,243991
677,243991
5123,244000
268199,244000
532683,244000
715,244094
1049,244094
1787,244094
4886,244094
237,244244
332,244244
932,244244
413168,244244
159,244273
5577,244273
206359,244452
367176,244452
378161,244452
797464,244452
1083,244465
4965,244465
5278,244465
331,244521
542,244521
800,244521
1520,244521
353,244709
158626,244709
526839,244709
961684,244709
5019,244727
184392,244727
171,244970
673,244970
1427,244970
413168,244970
949,245046
281424,245046
353,245090
5286,245090
51826,245090
381499,245090
580,245095
1976,245095
5305,245238
59215,245238
123201,245238
664175,245238
1886,245262
687847,245262
306,245299
722,245299
910256,245299
732,245328
1313,245328
1505,245328
302105,245328
89533,245393
565476,245393
799790,245393
2280561,245393
2284135,245393
2709990,245393
4655512,245393
510,245407
151250,245407
673,245479
1718,245479
5420,245479
253035,245479
22393,245501
26047,245501
225332,245501
542759,245501
115,245562
1187,245562
1780,245562
63440,245562
5370,245573
642221,245573
749263,245573
822222,245573
305558,245574
319843,245574
893941,245574
498,245674
1110,245674
1724,245674
2436,245674
63440,245686
199590,245686
1075,245792
225191,245792
253020,245792
334,245803
5405,245803
734558,245803
145880,245834
954704,245834
1321,245844
1602,245844
929,246000
908914,246000
407,246002
586,246002
222643,246002
1473,246072
1555,246072
1729,246072
172,246108
5316,246108
626362,246134
931404,246134
1393,246157
233027,246157
420,246268
4248,246268
427,246332
442,246332
5188,246404
5454,246404
5527,246404
112,246460
932,246460
683253,246460
827170,246460
623,246464
741,246464
1744,246464
1804,246464
225,246500
377,246500
741,246500
5577,246500
366,246544
1653,246544
2546,246544
150362,246544
350453,246578
540441,246578
170,246592
1152,246592
4778,246592
267812,246592
368,246628
513,246628
1601,246628
610,246677
949,246677
320969,246677
1209,246719
1584,246719
89937,246719
452190,246776
463649,246776
75710,246870
863816,246870
606,246894
5098,246894
5381,246894
998,246989
2436,246989
5278,246989
136,247196
849,247196
226813,247199
331516,247199
744,247254
1831,247254
461,247303
915208,247303
565,247419
597,247419
272173,247419
448827,247419
651,247425
673,247425
1763,247425
929489,247425
546,247427
725,247427
969,247427
1001,247427
407,247444
1629,247444
639200,247444
1738,247512
1863,247512
342399,247512
429149,247530
552474,247530
696430,247530
933769,247530
267,247638
1185,247638
4266,247638
283,247645
492,247645
373571,247745
449466,247745
331577,247786
347149,247786
791871,247786
888079,247786
350,247823
5577,247823
25745,248109
617799,248109
635330,248109
412,248124
1315,248124
1590,248124
5179,248124
5403,248124
1025,248169
1221,248169
1458,248169
429250,248169
1631,248190
15041,248190
26981,248190
121559,248190
174,248640
225,248640
418,248661
427,248661
226,248667
685,248667
4937,248667
5522,248667
210915,248961
294366,248961
4395,248974
333888,248974
671032,248974
1106908,248974
473,249082
649,249082
1262,249086
90469,249086
596,249172
79273,249172
1588,249220
1975,249220
2058,249220
1160,249238
700856,249238
1424,249511
751638,249511
221,249516
519456,249516
1199,249892
5342,249892
5561,249892
893,250214
1026,250214
367,250223
899,250223
2010,250223
379,250224
1117,250224
4740,250274
4820,250274
5245,250274
401018,250274
393,250310
5416,250310
6958,250323
232194,250323
842770,250323
899681,250323
167,250347
1459,250347
350079,250347
1212,250468
1287,250468
1523,250468
454,250485
514,250485
702,250494
5561,250494
205127,250494
690,250513
1074,250513
1001,250617
5169,250617
202603,250622
546816,250622
155,250687
5227,250687
5442,250687
426,250698
1729,250698
933723,250698
274,250720
3817,250720
4753,250720
899995,250720
32,250766
110,250766
152,250797
178,250797
838059,250797
1684,250804
934113,250804
429250,250944
498278,250944
284,251057
287,251057
141,251075
194,251075
5405,251075
155211,251094
298691,251094
382911,251094
748620,251094
246,251114
5024,251114
268199,251114
369513,251114
190,251127
4965,251127
5028,251127
1063517,251127
243,251160
380,251160
253708,251160
240,251174
449,251174
530,251308
644,251308
382216,251308
433268,251308
4906,251370
256121,251370
803,251412
1902,251412
462407,251447
487884,251447
172,251677
5013,251677
102744,251677
305558,251677
417,251696
998,251696
4965,251696
5169,251696
1777,251700
887695,251700
947,251736
608405,251736
5438,251744
339460,251744
397212,251795
397555,251795
1586,251901
1662,251901
42316,251901
919361,251901
255,252028
775,252028
1254,252028
1573,252028
146,252076
182,252076
1670,252076
1804,252076
1424,252223
1455,252223
515,252225
1498,252225
256599,252225
172,252266
725,252266
4109,252266
703831,252266
438,252299
1277,252299
1593,252299
1618,252299
693799,252335
933727,252335
959113,252335
274,252480
836121,252480
164,252501
204706,252501
947338,252501
362,252503
432,252503
5148,252503
682071,252503
147962,252541
569000,252541
332,252684
45209,252684
221046,252684
330687,252684
665235,252703
673824,252703
243175,252708
320808,252708
947,252724
1902,252724
2436,252866
4755,252866
4989,252866
5405,252866
2076,252963
265457,252963
862907,252963
45675,253016
241085,253016
331577,253016
380947,253016
1729,253028
909620,253028
997,253056
4365,253056
516215,253056
807571,253056
378,253126
5203,253126
323,253200
1364,253200
376101,253200
4778,253474
277975,253474
470981,253474
190,253556
288,253556
124930,253556
322,253612
124481,253612
638,253688
2122,253688
219292,253798
223518,253798
227,253840
1426,253840
830556,253840
139,253867
775,253867
5048,253867
11148,253867
121,254099
177,254099
492,254099
469,254102
7504599,254102
367,254199
1111,254199
1965,254199
367,254235
144812,254235
286,254252
461,254252
1376,254325
75650,254325
460,254334
594,254334
1845,254334
342062,254450
859824,254450
25745,254455
891895,254455
324233,254590
786639,254590
859824,254590
287,254626
5231,254626
1376,254686
320760,254686
483,254703
289098,254703
716490,254703
782,254775
852,254775
53384,254775
862907,254775
1616,254806
387773,254806
4742,255055
75359,255055
451600,255112
700869,255112
706787,255112
7102,255289
700869,255289
538,255412
553,255412
477,255432
622,255432
63440,255432
867588,255432
1185,255653
4264,255653
5283,255653
6969,255655
461355,255655
589976,255655
714310,255655
5016,255702
671721,255702
922995,255702
799,255798
1525,255798
1705,255798
378245,255819
879085,255819
236,255820
744,255820
527002,256009
635330,256009
217,256012
227,256012
1251,256012
1775,256012
89815,256012
32,256024
454,256024
1725,256024
1811,256024
538,256084
1160,256084
614165,256084
834,256150
4893,256150
596807,256241
959377,256241
562,256276
569,256276
1173,256276
335,256359
551,256359
5316,256359
165101,256359
385,256374
146798,256374
569,256380
85312,256380
899995,256380
298,256415
702,256415
1131,256415
524197,256415
168,257076
268199,257076
462735,257355
911542,257355
197,257360
551,257360
870,257360
204706,257360
929,257408
1558,257408
824763,257408
852,257434
1965,257434
17343,257471
709204,257471
207,257516
5577,257516
251986,257516
686,257568
5278,257568
5535,257568
26364,257568
200057,257573
384060,257573
151,257756
171,257756
4395,257756
293550,257935
528462,257935
4726,257953
4909,257953
149,258000
1845,258000
829576,258000
948267,258000
1674,258038
177639,258038
610,258062
65942,258062
323,258068
409,258068
784884,258068
189144,258100
482799,258100
644022,258100
852072,258100
199,258153
1416,258153
950,258273
1416,258273
607865,258273
354,258463
177933,258463
654110,258463
1436,258470
5420,258470
350453,258470
532,258534
494784,258534
100460,258562
229733,258562
585098,258562
910607,258562
353,258816
79273,258816
151,258949
1115,258949
412,258967
1210,258967
440229,258967
194516,259017
363699,259017
6969,259054
661797,259054
229422,259207
541218,259207
302446,259218
424635,259218
126,259288
608012,259288
726492,259288
860749,259288
115,259324
385,259324
578949,259324
1439,259393
1691,259393
534,259442
180411,259442
1616,259484
365445,259484
129,259711
139,259711
621,259711
4851,259711
1584,259729
880167,259729
2181,259730
21835,259730
273464,259730
170,259822
1151,259822
115,259929
701,259929
1003,259929
818,260212
451600,260212
579,260216
707,260216
768334,260216
596807,260252
954704,260252
514,260261
1194,260261
1235,260261
5118,260320
506405,260320
172,260414
1745,260414
1953,260414
275,260746
700,260746
397124,260746
140,260866
293,260866
5261,260866
566084,260866
641,260924
48414,260924
579828,261005
946160,261005
973,261066
2064,261066
720277,261190
893941,261190
167,261289
132257,261289
3244,261311
273464,261311
914455,261311
508249,261521
764450,261521
435,261755
872,261755
340973,261755
182839,261800
603402,261800
589976,261992
858776,261992
893257,261992
491,262396
612,262396
765597,262396
451600,262527
700869,262527
1631,262560
2663,262560
281956,262560
194,262911
1082,262911
153,263215
496,263215
620,263215
719678,263215
5350,263386
116465,263386
364977,263386
416450,263386
5312,263488
519043,263488
343472,263734
662504,263734
642522,263746
891275,263746
5261,263757
266824,263757
817980,263757
564805,264108
610459,264108
569,264150
593,264150
775,264150
749263,264150
387,264323
5417,264323
262521,264333
722629,264333
168,264395
237,264395
1567,264395
1729,264410
1863,264410
138,264464
158,264464
640,264464
686,264464
168,264472
255,264472
1057,264472
479471,264483
908914,264483
366027,264499
687692,264499
273178,264571
317725,264571
461,264606
514,264606
344603,264606
190,264616
200,264616
959,264616
271165,264761
432013,264761
922724,264761
177,264796
218,264796
159789,264796
540441,264796
113,264935
1035,264935
331516,264935
685856,264935
58814,265010
232414,265010
598569,265010
607185,265010
131,265029
210,265029
345,265029
1876,265029
465,265033
1746,265033
191,265086
1326,265086
1744,265086
51509,265086
1454,265087
716490,265087
859720,265087
929489,265087
499,265104
1600,265104
940158,265104
386472,265208
648249,265208
34733,265226
202966,265226
350079,265226
1418,265281
1530,265281
5260,265298
316079,265298
412,265307
523,265307
931404,265307
871,265344
40015,265344
163748,265344
152,265349
1473,265349
251678,265349
245,265459
1567,265459
808057,265459
890232,265459
286,265581
1251,265581
341267,265581
846488,265581
207,265591
663,265591
950,265591
1233,265625
2122,265625
518,265651
372176,265651
779084,265651
598,265662
341737,265662
432,265666
569,265666
1378,265666
1774,265666
313,265709
749,265709
686,265713
1457,265713
5491,265713
180984,265713
5134,265808
5182,265808
608,265859
4787,265859
123201,265914
464255,265914
75650,265932
756203,265932
5417,266057
339460,266057
539651,266057
144,266391
379,266391
1346,266391
245,266452
362,266452
1416,266452
1570,266452
106,266489
1213,266489
1774,266489
353,266543
1122,266543
235,266697
435,266697
514,266697
1016,266697
1435,266747
1834,266747
329,266915
676,266915
955471,266915
1556,266971
245112,266971
331516,266971
93,266987
602,266987
1517,266987
226820,266987
756083,267000
877587,267000
373,267024
434,267024
549815,267024
882,267044
2100,267044
524528,267044
817563,267044
973,267248
5017,267248
221046,267248
402271,267248
42494,267497
74847,267497
663506,267497
698413,267497
1719981,267497
3032697,267497
148,267626
131235,267626
800,267659
424819,267659
445,267747
690,267747
1303,267804
1472,267804
5148,267804
5458,267804
38572,267816
246418,267816
1337,267891
4051,267891
424216,267891
715915,267891
498,267913
1264,267913
4802,267913
5327,267913
297,267989
317293,267989
628017,267989
417370,268032
464945,268032
1018,268040
1228,268040
1434,268040
115,268126
658,268126
177933,268126
842770,268126
593511,268130
912938,268130
3244,268261
319843,268261
491,268380
1459,268380
5380,268380
899681,268380
1114,268437
175262,268437
295506,268437
400998,268437
514,268548
531061,268548
546,268636
5162,268636
190,268690
273,268690
1806,268690
1602,268695
34733,268695
385757,268727
628482,268727
297,268755
750353,268755
124,268978
128,268978
438,268978
1626,268978
120,268995
837,268995
1445,268995
218810,268995
220015,269058
491259,269058
134,269095
531,269095
244630,269095
290556,269095
799,269163
899995,269163
865950,269200
914455,269200
224,269281
564,269281
687506,269281
407,269341
4820,269341
5517,269341
26364,269341
169,269347
1125,269347
1567,269347
631792,269356
793634,269356
799,269376
614916,269376
5231,269408
402358,269408
5045,269483
205127,269483
654,269499
1250,269499
40939,269499
527852,269499
81449,269763
865411,269763
782454,270179
866623,270179
336,270197
515,270197
828,270197
5016,270197
330,270259
5466,270259
84385,270270
95751,270270
272173,270270
106,270288
123,270288
210,270288
5377,270288
984,270518
1975,270518
662953,270518
784171,270518
1580,270560
1581,270560
1111,270688
842770,270688
881672,270688
209,270707
242,270707
628601,270707
845351,270707
685,270846
29502,270846
167,270911
1459,270911
5110,270980
5346,270980
725200,270980
788340,270980
5048,271017
440988,271017
608090,271017
160,271020
1303,271020
1844,271020
403,271027
1409,271027
1472,271027
323,271136
474,271136
2105,271136
784884,271136
5129,271137
176981,271137
5576,271193
552423,271193
240,271200
1785,271200
513190,271200
244,271219
544718,271219
822155,271219
123,271259
513,271259
5377,271259
913460,271259
1191,271263
1705,271263
274,271367
1863,271367
424060,271367
639,271537
311297,271537
185,271543
747114,271543
719,271582
1282,271582
250368,271582
298281,271582
1454,271668
1872,271668
4886,271668
272173,271668
170,271882
287,271882
612,271882
472710,271882
491,271885
648,271885
1624,271885
5169,271885
75650,271935
201669,271935
882,271945
2100,271945
602,272020
1254,272020
749263,272020
281107,272068
338886,272068
834282,272068
75710,272116
933727,272116
228,272152
313,272152
5203,272152
5569,272152
7047,272196
222336,272196
719637,272196
829166,272196
501,272207
574,272207
450,272338
1191,272338
1833,272338
28690,272338
477,272440
4965,272440
103038,272440
472710,272440
208426,272454
863816,272454
310,272557
5417,272557
302446,272557
942875,272557
439,272730
4800,272730
141682,272730
381606,272730
803,273041
1153,273041
342062,273041
731772,273041
4109,273045
7102,273045
5294,273048
605079,273048
809,273069
222922,273069
656768,273069
44535,273148
687914,273148
11758,273300
320762,273300
1052544,273300
1053118,273300
352,273453
1435,273453
604705,273453
855564,273453
1194,273498
5019,273498
565,273517
1593,273517
322513,273517
627,273607
1703,273607
4991,273650
33837,273650
132,273689
576,273689
1618,273689
75710,273772
220015,273772
513281,273799
588777,273799
707,273822
503627,273822
365650,273850
924210,273850
1321,273851
68552,273851
4922,273923
4988,273923
85312,273923
579,274024
929,274024
160004,274024
887695,274024
176869,274309
861027,274309
460,274407
687506,274407
1285,274491
156314,274491
173,274558
194,274558
658,274558
226820,274558
724,274643
25483,274643
107,274711
199,274711
495,274711
641939,274711
369567,274796
641509,274796
652,274812
690,274812
1111,274812
350454,274812
391,274874
2105,274874
1092227,274874
194136,274952
575811,274952
543383,275022
609845,275022
757855,275022
165101,275067
818285,275067
838059,275067
916617,275067
1098,275170
281486,275170
4747,275245
511349,275245
66586,275468
68552,275468
194572,275491
305558,275491
319843,275491
476,275527
1768,275527
908914,275527
199939,275611
948123,275611
757855,275688
935921,275688
160,275719
235,275719
494,275719
143,275772
258360,275772
119,275847
1773,275847
153738,275847
230,275947
656,275947
5286,276033
304000,276033
580,276140
199842,276140
469103,276140
6987,276263
176981,276263
390903,276276
631490,276276
852,276354
1885,276354
899121,276354
1390089,276354
1285,276428
1487,276428
1828,276437
2663,276437
661797,276437
792177,276437
114,276744
227759,276744
424,276751
1057,276751
396558,276751
205127,276816
339304,276816
496,276830
514,276830
607325,276830
1821,276860
282020,276860
1056508,276860
176,276868
1194,276868
707,276877
1137,276877
2,276919
173,276919
79273,276919
201,277027
576,277027
1848,277027
266824,277027
262635,277371
647638,277371
366,277428
1424,277428
1556,277428
154,277434
385,277434
656,277434
1427,277434
973,277561
2994064,277561
1459,277705
204706,277705
1001,277727
1228,277727
662,277744
1439,277744
89937,277744
593664,277744
708,277790
317293,277790
936403,277790
1691,277941
5132,277941
89217,277941
915208,277941
1160,278035
124930,278035
397110,278035
168262,278044
385320,278044
176,278259
2032,278259
1084,278295
258402,278295
281107,278295
1418,278395
179224,278395
947,278422
370035,278422
182,278435
496,278435
335300,278476
436508,278476
546190,278476
634725,278476
649947,278476
935498,278476
1017465,278476
161,278487
4787,278487
66586,278487
406975,278487
258402,278488
541218,278488
2057,278493
366729,278493
147,278500
391,278500
702,278500
640323,278500
199,278504
245,278504
5476,278504
233027,278504
369,278610
436,278610
146,278731
321,278731
1669,278731
532,278736
5196,278736
95,278823
495,278823
552423,278823
871,279088
1746,279088
380,279111
1099,279111
2332,279111
98,279113
350453,279113
1970,279154
344898,279154
460297,279154
856500,279154
4726,279286
4825,279286
4909,279286
1240342,279286
609,279331
621,279331
5454,279331
541576,279469
689424,279469
612,279493
254712,279493
341176,279493
310865,279494
946179,279494
284,279623
182456,279623
374,279721
1159,279721
1036,279725
102744,279725
868479,279725
113,279778
995,279778
1258,279778
1863,279809
641509,279809
748075,279809
741,279889
1488,279889
100866,279889
1599,280079
133882,280079
773973,280079
1167710,280079
102,280380
234,280380
1482,280380
870204,280380
715,280424
925943,280424
236,280456
657,280456
6958,280456
602821,280456
215,280460
443,280460
1691,280460
159776,280460
437646,280477
864937,280477
164,280486
1674,280486
1780,280486
532683,280486
1602,280490
249291,280490
341737,280490
557859,280523
596807,280523
213,280590
1191,280590
1806,280590
184445,280590
422,280605
554,280605
1057,280605
192377,280609
675730,280609
104,280665
1075,280665
5381,280665
998,280674
170186,280674
206257,280674
305081,280674
202,280707
218,280707
1749,280707
673,280720
1287,280720
571106,280720
592993,280720
132,280760
156,280760
215,280760
1085,280760
701,280778
980,280778
1132,280778
207,280949
457,280949
1492,280949
799591,280949
129464,280962
397110,280962
642374,280962
862907,280962
457,281253
245705,281253
722629,281253
393,281322
609,281322
648,281322
740264,281322
435,281358
1075,281358
601553,281358
922342,281358
1367,281370
863968,281370
336,281373
421,281373
18099,281398
40015,281398
607185,281398
933987,281398
132757,281615
410622,281615
2799,281649
364977,281649
629737,281649
1115,281686
132257,281686
146,281820
560,281820
1642,281865
724460,281865
367,281924
1172,281924
320808,281994
543547,281994
673824,281994
327,282120
347,282120
391,282120
171811,282141
693799,282141
146536,282209
1015096,282209
159,282413
4632,282413
628482,282413
872354,282413
184392,282481
751638,282481
182456,282484
563687,282484
270,282496
442,282496
1729,282496
655,282543
1439,282543
1816,282543
449,282552
925,282552
1151,282552
668271,282552
5321,282593
629855,282593
1401,282687
1724,282687
122653,282687
437283,282687
1218,282695
1233,282695
1617,282695
450,282698
870,282698
909665,282698
1112902,282698
453,282768
5013,282768
570570,282768
289038,282771
541902,282771
418923,282880
547277,282880
676500,282880
748620,282880
860810,282880
1538930,282880
1542278,282880
1577719,282880
330,282891
662,282891
1718,282891
327,282945
347,282945
1696,282945
491,283003
5261,283003
5403,283003
297578,283003
1252,283015
21835,283015
103038,283026
123632,283026
159776,283026
1003,283054
316079,283054
458,283084
651,283084
5044,283084
88127,283084
337,283090
563,283090
1111,283090
1650,283090
1513,283111
5346,283111
5351,283111
671980,283111
201,283139
250,283139
705,283139
517844,283139
1291,283160
1722,283160
933098,283160
539082,283288
748620,283288
856500,283288
366,283422
518,283422
422,283426
5286,283426
419645,283426
926165,283426
308,283452
616,283452
117,283453
998,283453
121605,283453
694052,283453
688132,283469
731168,283469
909768,283469
177,283530
1110,283530
340408,283530
386472,283530
176869,283534
372176,283534
476,283574
1851,283574
1863,283574
89456,283632
256121,283632
131647,283644
319739,283644
424635,283644
827048,283644
524,283680
246585,283680
357979,283680
322,283832
366,283832
380,283897
834,283897
1952,283897
1119283,283897
2105,283900
717709,283900
851582,283900
1299,283942
867588,283942
5300,283952
848075,283952
792,283991
1520,283991
498247,283991
681665,283991
153,284034
1567,284034
1721,284034
75650,284034
929,284045
1066,284045
284,284233
942875,284233
1127,284320
1629,284320
337,284451
922995,284451
453492,284478
1067699,284478
134,284490
552,284490
623,284490
6713,284490
721,284491
4851,284491
1295,284494
777760,284494
1075,284525
187724,284525
891275,284525
227,284655
1828,284655
1020,284693
557281,284693
1367,284769
298168,284769
559144,284769
731167,284769
5312,284850
116465,284850
347957,284850
982,284971
648249,284971
934113,284971
944077,284971
562,284978
5154,284978
299,285175
4266,285175
135,285238
493,285238
1207,285238
407,285462
421,285462
761052,285462
1074,285487
4729,285487
151,285531
5048,285531
5134,285531
507073,285531
728,285547
4486,285547
98734,285681
445295,285681
1136,285727
1642,285727
4949,285727
284315,285727
1117,285728
719637,285728
671,285742
932,285742
104,285823
136,285823
161,285823
353,285823
378,285861
450,285861
457,285861
1999,285861
5129,285869
925220,285869
622,285879
2536,285879
489837,285963
546797,285963
1806,286058
853364,286058
154,286106
1618,286106
191412,286106
310,286108
1759,286108
1785,286108
474520,286108
1372,286162
1629,286162
1644,286162
291,286179
4908,286179
1758,286261
544334,286261
99,286493
671,286493
688,286493
1137,286493
1667,286499
451600,286499
461136,286499
619406,286499
1557,286512
73787,286512
430074,286512
621943,286512
999204,286512
999235,286512
3692564,286512
420,286516
24188,286516
292182,286557
311297,286557
1584,286594
175916,286594
899681,286594
622,286702
707,286702
751638,286702
124,286716
385,286716
51509,286716
524197,286716
405,286741
1457,286741
1836,286741
298281,286741
147,286788
593,286788
40586,286788
92,286947
224,286947
337,286947
437,286947
109175,287048
122058,287048
901926,287048
321,287425
619,287425
937930,287425
939731,287425
530365,287439
856500,287439
194572,287467
914455,287467
176,287624
662,287624
35605,287624
374610,287624
115143,287645
190744,287645
670582,287645
1000876,287645
104,287717
1303,287717
754512,287717
891786,287717
1457,287733
290310,287733
531924,287733
861771,287733
113,287789
168,287789
190,287789
4937,287908
147825,287908
341176,287908
661,287934
5196,287934
675,287944
650702,287944
255,287978
3817,287978
4950,287978
268199,287978
329,288045
1231,288045
1696,288045
262968,288045
5377,288180
63923,288180
566489,288180
1222801,288180
1763,288243
858776,288243
5243,288324
272474,288324
4936,288439
365826,288439
597223,288439
321,288477
523,288477
4993,288477
253035,288477
594,288488
100068,288488
1965,288554
171499,288554
5316,288584
877587,288584
176,288808
287,288808
952,288808
3930,288833
607185,288833
641097,288833
736263,288833
1172,289043
365140,289043
614165,289043
285,289172
799,289172
885,289172
893,289172
1664,289213
5522,289213
872,289420
307255,289420
1617,289589
1863,289589
191,289635
607865,289635
611932,289635
842770,289635
2064,289666
311092,289666
47,289668
227,289668
592,289668
679,289668
146,289765
164,289765
172,289765
1570,289765
134,289848
345,289848
1435,289848
899995,289848
1828,289879
5110,289879
5442,289879
711805,289879
511,289889
1642,289889
5273,289889
5466,289889
679,289944
1806,289944
570819,289944
228,289992
701,289992
1473,289992
134,290002
1100,290002
1774,290002
2008,290034
2015,290034
1578,290086
5253,290086
657,290145
4920,290145
115671,290145
171513,290145
131,290210
5447,290210
662504,290210
852965,290210
141,290212
210,290212
1383,290212
441588,290212
18,290218
186505,290218
707,290219
4109,290219
947,290233
4752,290233
932,290334
1772,290334
5212,290334
413168,290334
601553,290385
674101,290385
366,290435
458,290435
147605,290733
785842,290733
60561,290747
860233,290747
1393,290809
201669,290809
935395,290864
1036340,290864
316271,290872
583856,290872
5447,291259
504267,291259
1092,291265
362429,291265
41744,291295
330371,291295
1247855,291295
1328560,291295
5068,291341
376101,291341
635330,291392
891895,291392
187,291502
6969,291502
316271,291502
339304,291502
1965,291875
954704,291875
5516,291928
429114,291928
467451,292432
865411,292432
1074,292459
1334,292459
1552,292459
1038,292485
170550,292485
439482,292487
782978,292487
5007,292501
267812,292501
199,292506
268199,292506
532683,292506
261724,292601
593844,292601
168,292610
170,292610
1745,292610
353448,292638
848554,292638
4735,292644
4754,292644
815370,292644
1831,292707
53384,292707
347149,292707
835016,292707
991,292720
124481,292720
310865,292720
160,292963
450,292963
673,292963
1215,292963
594,293005
1971,293005
596,293069
947,293069
1114,293069
606,293116
530365,293116
75650,293155
283997,293155
1252,293176
1787,293176
1319,293357
250368,293357
647638,293357
32,293495
719,293495
374610,293495
470981,293495
1669,293508
2536,293508
124930,293508
933940,293508
454,293509
483,293509
1208167,293509
1528,293563
95751,293563
165413,293563
818166,293563
329,293564
676,293564
1884,293564
1099,293624
504762,293624
706,293660
1035,293660
746896,293660
5458,293662
75710,293662
1084,293815
258402,293815
187724,293899
683467,293899
930062,293899
1046097,293899
1062,293905
1831,293905
367,294279
856500,294279
1401,294357
654110,294357
4264,294579
511349,294579
207,294594
226820,294594
289098,294594
344435,294594
528462,294703
639928,294703
38572,294707
720277,294707
1953,294806
784884,294806
4875,294870
206257,294870
710829,294870
38572,294879
720277,294879
117709,295001
350350,295001
196,295178
1293,295178
461498,295178
103,295238
205,295238
1718,295238
893247,295238
608405,295244
941708,295244
499,295249
695435,295249
1151,295254
1424,295254
1523,295254
1653,295254
981,295289
5134,295289
5466,295289
1321,295297
342488,295297
705356,295297
914612,295297
5370,295389
247720,295389
534132,295389
981,295427
1022,295427
1617,295469
4873,295469
1394,295480
371824,295480
2055,295529
909620,295529
458,295552
662504,295552
1555,295605
926165,295605
144045,295675
239816,295675
4825,295700
4993,295700
5438,295700
244630,295700
168,295701
782,295701
190744,295701
126284,295718
173194,295718
520064,296166
1065229,296166
1132,296572
272173,296572
628601,296572
1218,296711
486728,296711
407,296845
29400,296845
939697,296845
4875,297037
5125,297037
80049,297037
662519,297037
219,297162
4820,297162
750019,297162
463,297181
532,297181
552,297181
5562,297181
639,297221
913,297221
174,297284
225,297284
261,297389
503627,297389
803,297411
1552,297411
556041,297411
1144474,297445
1146662,297445
253216,297456
635330,297456
1199,297726
1768,297726
379,297753
1321,297753
1378,297753
208426,297753
194,297884
598,297884
165101,297884
1424,297961
57150,297961
4051,298130
915208,298130
139,298148
196,298148
267,298148
552,298148
107,298203
1616,298203
5261,298203
193295,298228
1095720,298228
437,298337
200057,298337
670408,298337
288,298408
295,298408
531,298408
5273,298408
547,298504
686,298504
950,298504
915208,298504
324,298527
1657,298527
1821,298527
597673,298527
353,298744
1427,298744
4742,298744
677,298798
402358,298798
625789,298798
1173,298814
5148,298814
5476,298814
339304,298814
92961,298845
175916,298845
608090,298845
112,298856
523,298856
1644,298856
123201,298903
272173,298903
1780,299045
5438,299045
924552,299045
618,299117
1714,299117
251986,299117
1003,299135
671721,299135
911320,299135
236,299172
421,299172
1132,299172
1642,299172
37970,299215
43041,299215
59946,299215
64769,299215
4742,299422
571106,299422
916617,299422
165101,299458
221046,299458
773973,299458
924154,299458
1015,299547
1097,299547
289098,299547
279,299622
1475,299622
1808,299622
726200,299622
621,299641
1513,299641
152,299658
250,299658
1876,299658
4875,299658
1538,299854
562003,299854
785227,299854
4816,299859
4883,299859
659353,299863
935395,299863
182,299930
255,299930
58581,299930
131811,299930
25745,299956
76082,299956
209801,299956
555227,299956
1472,299977
955471,299977
126284,300015
304801,300015
631490,300015
239,300051
255,300051
8640,300051
1211485,300051
1159,300196
1278,300196
487884,300237
900915,300237
329,300471
5562,300471
767,300523
21835,300523
98378,300532
205127,300532
124930,300556
175262,300556
640323,300556
908094,300556
483,300902
579,300902
1617,300902
217936,300968
701512,300968
252230,301199
530365,301199
645683,301199
851582,301199
865302,301265
1087183,301265
307,301390
79273,301390
111376,301390
931404,301390
865950,301524
891895,301524
610,301563
305081,301563
1015,301684
406975,301684
347149,301744
627995,301744
912938,301744
1111956,301744
222,301771
331,301771
2029,301771
269419,301771
5438,301776
180094,301776
1860,301924
4986,301924
593664,301924
228,301976
332,301976
5098,301976
331516,301976
33505,301988
1085805,301988
734000,302346
954704,302346
337,302361
1305,302361
1763,302361
619,302436
92639,302436
779084,302436
931404,302436
273,302498
444,302498
452,302498
616,302531
516215,302531
903677,302531
1705,302640
267506,302640
1046097,302640
354,302674
729,302674
315767,302677
1092227,302677
1821,302706
261724,302706
880994,302706
1390518,302706
176460,302884
541120,302884
681,302886
2071,302886
5315,302886
5561,302886
357979,302889
674782,302889
1092,303017
1679,303017
5078,303103
507212,303103
530365,303120
617799,303120
891895,303120
15913,303144
35872,303144
714561,303144
1157204,303144
1999,303155
7210,303155
1166,303361
5438,303361
267506,303361
147312,303648
400606,303648
66586,303661
80276,303661
1084,303714
26364,303714
147825,303714
1073992,303714
143,303758
284,303758
4867,303816
898597,303816
435,303830
666,303830
5460,303830
350454,303830
452,303860
643,303860
1159,303860
134244,303933
757855,303933
281241,304081
513057,304081
1095036,304081
8858436,304081
341743,304141
342488,304141
705356,304141
914612,304141
1057,304229
245876,304229
151,304328
379,304328
456,304328
671,304328
210,304415
379,304415
5466,304415
350454,304415
607185,304458
836176,304458
541120,304514
639774,304514
861600,304514
1162943,304514
218,304547
809,304547
124481,304547
756203,304547
358922,304574
664175,304574
403134,304638
667350,304638
1594,304678
171499,304678
581953,304678
310865,304685
451376,304685
5132,304711
815370,304711
1394,304857
2242,304857
186469,304857
1095324,304857
504267,304907
856500,304907
197,305224
673,305224
1191,305224
350079,305224
106,305357
139,305357
5154,305357
5170,305357
479527,305556
922995,305556
1641,305568
4851,305568
99828,305568
288271,305568
1641,305569
626202,305569
274,305583
607865,305583
625789,305583
302,305632
305081,305632
188,305669
1451,305669
506405,305669
687506,305669
5110,305711
5261,305711
437283,305711
608378,305711
780678,305747
1429380,305747
1662,305831
115092,305831
951420,305831
1108774,305831
1309,305858
552423,305858
950,305973
1765,305973
2546,305973
290556,305973
1669,305999
126284,305999
200,306011
566,306011
94789,306011
97,306047
221,306047
267506,306047
356021,306047
1115,306203
80049,306203
195982,306203
293550,306427
347149,306427
700229,306432
914455,306432
261724,306582
593844,306582
733051,306597
1107001,306597
1092,306685
1472,306685
26364,306685
229422,306685
330,306734
5028,306734
508301,306734
915208,306734
664,306892
3817,306892
5305,306892
700856,306892
144045,307156
1208167,307156
176,307343
483,307343
153,307351
1614,307351
5576,307351
89456,307351
134,307453
226,307453
250,307453
1401,307453
198,307466
609,307466
913488,307466
123,307479
1523,307479
205626,307479
652,307507
1418,307507
515260,307507
337,307553
429,307553
532,307553
199215,307553
594,307568
608,307568
1411,307590
348152,307590
321,307639
695,307639
450,307901
1570,307901
1608,307901
206257,307901
323,307919
372176,307919
254,307923
946179,307923
615,307987
671,307987
5170,307987
334179,307987
671980,307989
710566,307989
1127833,307989
1272616,307989
164,308055
193,308055
232,308055
5016,308152
5417,308152
936403,308152
104,308208
5154,308208
694052,308252
954225,308252
244,308353
1264,308353
911320,308353
164,308383
173,308383
438,308383
641,308383
615,308439
19578,308439
560,308488
576,308488
1507,308488
1731,308488
223,308496
1212,308496
1731,308496
150362,308496
136,308514
313,308514
416,308514
136,308644
701,308644
593664,308644
662504,308772
920992,308772
1002662,308772
109244,308791
626259,308791
1543,308878
1838,308878
748620,308878
764450,308983
893941,308983
142,309377
1099,309377
1378,309377
68552,309510
89485,309510
292182,309510
191,309530
250,309530
1383,309530
991,309531
1698,309531
5123,309593
865302,309593
722631,309600
828980,309600
131,309698
501,309698
1605,309698
370035,309698
547,309820
1212,309820
1811,309820
4486,309820
75710,309872
1208167,309872
980,309912
1626,309912
68260,309912
402271,309912
151250,309987
685856,309987
1200692,309987
75710,310017
221903,310017
77720,310049
624510,310049
650702,310049
649,310181
782561,310181
367,310203
606,310203
1302,310281
506405,310281
571106,310281
733427,310281
417,310357
123201,310357
707,310596
205657,310596
382216,310596
5420,310741
671032,310741
254,310778
367,310778
1461,310778
32,310793
601619,310793
640,310906
799,310906
1445,310906
1832,310906
163,310910
412,310910
1838,310910
122653,310910
172,310924
367,310924
1917,310935
102744,310935
1036,311072
273178,311072
18,311110
140,311110
1613,311110
191412,311110
128,311113
79273,311113
101710,311113
195439,311113
244,311289
685,311289
479471,311289
625789,311289
197,311376
424,311376
1381,311376
1737,311376
125,311429
2076,311429
870204,311429
933959,311429
1152,311530
111013,311530
185210,311530
859450,311530
1624,311648
5017,311648
165101,311648
1035682,311648
583856,311653
784884,311653
2096,311850
3930,311850
274,311863
513,311863
751638,311863
499,311866
1600,311866
704,311941
601553,311941
146,312004
307,312004
5318,312243
750353,312243
168,312305
1605,312305
159789,312305
1517976,312305
212,312329
1165,312329
1724,312329
4898,312329
196,312528
285,312528
266824,312528
949,312549
1354,312549
268199,312549
1151,312609
1324,312609
1364,312609
292182,312609
871,312617
789976,312617
940158,312617
2076,312697
32536,312697
37973,312697
593511,312697
219,312700
2246,312700
719,312758
1379,312758
410903,312843
619185,312843
97,312943
1092,312943
301381,312943
263,313245
1098,313245
1642,313245
482851,313245
627,313250
661,313250
1638,313250
211281,313265
516972,313265
458,313300
124481,313300
243,313443
5125,313443
578949,313443
465,313459
499,313459
20354,313459
751638,313459
727120,313503
1060641,313503
131,313542
163,313542
432,313542
1838,313542
125005,313717
155693,313717
460694,313717
1172171,313717
113,313737
424,313737
1860,313737
95,313792
207,313792
362,313792
4755,313792
205,314039
1156,314039
1528,314039
12183,314039
1648,314063
171811,314063
470981,314063
1080320,314063
214,314180
579,314180
1816,314180
104,314197
668,314197
1952,314197
424,314331
553,314331
1473,314331
246,314353
899,314353
369513,314353
1631,314412
5454,314412
749263,314412
914455,314412
192377,314416
448204,314416
147,314431
378,314431
1287,314431
5460,314431
159776,314498
262635,314498
424060,314498
677,314630
1459,314630
1714,314630
204706,314630
154,314676
375,314676
562,314676
705,314676
140,314786
5351,314786
387773,314871
673563,314871
1633,314877
5501,314877
66072,315206
539503,315206
671980,315206
712908,315206
168,315297
171,315297
412,315297
657,315297
98,315327
120,315327
151,315327
1491,315411
5338,315411
707476,315411
1181407,315411
1850,315431
5517,315431
757855,315431
156,315459
1488,315459
4999,315459
6762,315466
380947,315466
576,315733
1125,315733
396812,315733
915208,315733
151,315824
641,315824
5562,315824
124,315983
1426,315983
4920,315983
253035,315983
413,316219
615,316219
126,316356
380,316356
72344,316356
526019,316356
421,316465
438,316465
700,316465
580924,316465
286,316653
1863,316653
379,316654
547,316654
1497,316654
290556,316654
484541,316740
686098,316740
190,316768
198,316768
295,316768
227759,316768
947,316809
385320,316809
1634,316818
220976,316818
530763,316818
1166231,316818
513,316824
1709,316824
163988,316824
470981,316824
1075,316904
281234,316904
679,317042
1424,317042
5438,317042
415066,317124
769157,317124
1162399,317124
1099,317132
1693,317132
1807,317132
1455681,317132
147,317198
250,317198
424,317198
428121,317198
56,317219
1372,317219
5562,317219
552,317303
1378,317303
1872,317303
307531,317303
673824,317309
720277,317309
4873,317640
4965,317640
5522,317640
339460,317640
1557,317648
1725,317648
168,317705
456,317705
5134,317705
234,317740
242,317740
661,317740
1570,317740
129,317919
450,317919
609,317919
1157358,317919
874,317950
2536,317950
197647,317950
4109,317985
7102,317985
451600,317985
341,318045
1101,318045
66243,318045
115668,318045
163892,318045
191712,318045
1349924,318045
2392164,318045
99,318049
275,318049
322,318049
1020,318049
5221,318077
28846,318077
391922,318077
441377,318077
486728,318077
515296,318077
1164340,318077
1426,318081
1517,318081
122653,318081
188,318155
409,318155
1184,318155
514,318176
1744,318176
6893,318176
277213,318181
891275,318181
110,318183
413559,318183
521,318283
1601,318283
5028,318283
5561,318283
285,318374
513,318374
4742,318374
4999,318374
305558,318462
535502,318462
511892,318507
653669,318507
751301,318507
170,318627
4912,318627
347149,318627
190,318649
1872,318649
4851,318649
206,318761
352,318761
842770,318761
1086384,318761
574,318974
598,318974
671,318974
191,319061
1082,319061
1215,319061
1448,319061
598,319262
2536,319262
5231,319262
350453,319262
1001,319343
2071,319343
221046,319343
627878,319343
461,319397
95751,319397
677139,319397
244,319470
1439,319470
801050,319470
5049,319524
48414,319524
285913,319524
601553,319524
532,319531
1648,319531
1667,319531
654110,319531
1631,319767
420937,319767
456186,319767
715915,319767
313,319829
422,319829
1448,319829
429,320159
454,320159
5577,320159
249291,320159
346,320244
1293,320244
460694,320553
949292,320553
1036691,320553
1057116,320553
553,320661
89217,320661
1200692,320661
4395,320668
681005,320668
748620,320668
927293,320668
295,320691
5454,320691
111274,320691
790688,320691
435,321442
725,321442
1288,321442
269463,321442
995,321858
4771,321858
4875,321858
1359348,321858
594,322023
5169,322023
123958,322023
809,322082
222922,322082
530365,322082
461,322241
1194,322241
927641,322241
369513,322259
578949,322259
879085,322259
908094,322259
130,322330
1319,322330
1616,322589
4695,322589
1470,322621
131811,322621
145,322651
448,322651
249,322659
381,322659
560,322659
926,322676
122675,322676
4846,322700
339460,322700
364813,322700
75710,322830
693799,322830
56763,322831
603402,322831
112,323033
194,323033
205,323033
790688,323033
656,323465
5342,323465
59215,323465
1600,323571
5318,323571
5527,323572
761052,323572
324,323576
961,323576
908914,323576
899,323807
72768,323807
603090,323807
1721,323944
1872,323944
159789,323944
765597,323944
1173,324127
1426,324127
5251,324127
502015,324127
1097,324133
1648,324133
756203,324133
1376,324197
1326732,324197
4754,324216
6958,324216
117420,324216
498713,324216
1740,324550
75588,324550
498,324554
1326,324554
126284,324554
1208167,324554
156,324619
630,324619
1439,324619
411,324952
252230,324952
342029,325007
911933,325007
515,325015
1685,325015
589976,325015
901926,325015
663,325018
177639,325018
767,325030
557859,325030
687914,325030
569,325055
185819,325055
101,325123
607865,325123
947,325214
492342,325214
192,325258
5203,325258
1674,325537
5170,325537
48414,325537
202,325596
494,325596
1631,325596
5305,325596
1156,325651
5420,325651
656071,325651
1354,325703
1401,325703
124930,325703
129,325710
40472,325710
175262,325710
913822,325710
317293,325761
381201,325761
694615,325761
943519,325761
115,325805
5377,325805
22883,325805
517844,325805
367,325948
1965,325948
136,325980
1691,325980
89217,325980
461136,325980
685856,326065
876958,326065
657,326194
1520,326194
250368,326194
441588,326194
679,326208
2077,326208
5048,326208
641244,326208
5448,326292
271165,326292
1696,326367
46134,326367
66586,326367
629855,326367
404,326425
1987,326425
206257,326425
258127,326425
237244,326449
631877,326449
1114,326664
1691,326664
817980,326664
131974,326716
197855,326716
671721,326716
401,326769
1035682,326769
80049,326806
513964,326806
232,326828
391,326828
195439,326835
305558,326835
362766,326835
1774,326856
1838,326856
85312,326856
688132,326856
111,326900
788340,326900
973,326905
1212,326905
290556,326905
541120,326905
327,326965
817844,326965
934618,326965
616,326976
1698,326976
364963,326976
102,327056
209,327056
576,327056
2536,327056
246,327084
136797,327084
323,327137
380,327137
1718,327137
5286,327137
111,327162
173,327162
335,327162
541,327162
271,327210
1505,327210
605080,327210
246,327247
449,327247
1605,327247
652,327409
1487,327409
82869,327409
260549,327409
329,327437
870,327437
980,327437
176869,327437
232,327554
932,327554
973,327554
933727,327554
159,327597
266824,327597
766837,327597
1894655,327597
1746,327665
4846,327665
50458,327665
144,327679
4266,327679
199215,327679
525921,327679
686,327850
5405,327850
206257,327850
1216887,327940
1218269,327940
1218757,327940
1218924,327940
1424,328077
1800,328077
4993,328077
756089,328077
4875,328099
5516,328099
641939,328099
243,328107
686,328107
266824,328107
593664,328107
966,328121
1601,328121
472710,328121
1592,328390
1621,328390
456,328538
939697,328538
1223023,328538
1227814,328538
1100,328547
2078,328547
178,328589
644897,328589
4755,328828
4989,328828
5405,328828
506405,328828
286,328868
541576,328868
893,328875
5176,328875
519043,328875
740535,328875
506405,329028
647638,329028
90,329030
659363,329030
387,329101
444621,329101
880,329162
5346,329162
632664,329177
913822,329177
652,329216
1099,329216
4286,329216
5577,329216
947,329226
353448,329226
1505,329276
147147,329276
782561,329276
405,329297
540441,329297
665235,329493
865950,329493
1638,329502
779084,329502
1552,329539
184392,329539
880167,329572
900915,329572
313,329575
1497,329575
6969,329575
177933,329575
882,329584
693799,329584
148,329717
565,329717
1326,329717
913460,329717
168,329774
353,329774
1084,329774
5454,329774
165101,330039
223518,330039
272173,330039
378404,330039
1025,330065
1480744,330065
4978,330094
209289,330094
1232226,330094
1252,330099
1721,330099
503627,330111
671567,330111
365988,330175
540441,330175
1367,330203
50458,330203
749,330333
903677,330333
342488,330373
705356,330373
914612,330373
649,330602
456186,330602
4851,330702
144812,330702
314358,330702
3662893,330702
237,330793
526,330793
5048,330793
103071,331026
167649,331026
15196,331042
629538,331042
452190,331282
467451,331282
831206,331282
422,331314
1288,331314
292182,331338
528462,331338
232,331468
496,331468
598,331468
1151,331468
1445,331476
546816,331476
546,331509
4884,331509
1156,331525
5216,331525
498,331632
1264,331632
4802,331632
5327,331632
664,331811
1794,331811
4936,331811
4988,331811
169,331933
147825,331933
307726,331933
353,331952
545,331952
602,331952
5273,331952
200,331953
373571,331953
624,332129
439170,332129
5292,332167
619651,332167
748189,332167
925220,332167
736263,332220
761836,332220
1258,332280
1687,332280
331516,332280
1046097,332280
236,332281
732309,332281
851582,332281
260,332285
312,332285
385,332285
155,332318
532,332318
346,332375
297578,332375
540441,332375
601553,332375
349,332379
85312,332379
93,332452
2103,332452
51509,332452
89217,332452
268199,332658
531808,332658
614165,332658
5294,332712
26364,332712
341176,332712
408284,332712
1507,332720
520064,332720
480,332741
576,332741
1035,332741
204,333766
453,333766
103785,333766
765597,333766
398,333780
702,333780
5093,333780
627878,333780
117,335013
532,335013
290556,335013
147,335119
424060,335119
929489,335119
134,335121
1427,335121
5381,335121
1080974,335121
725,335126
731075,335126
875613,335126
1389345,335126
1770360,335126
2503821,335126
2506493,335126
158,335245
799777,335245
195,335266
610,335266
267506,335266
424060,335266
899,335345
998941,335345
320808,335351
756203,335351
237244,335426
1384769,335426
681,335438
1774,335438
5562,335438
98378,335559
241049,335559
174,335563
775,335563
1435,335563
98378,335563
75710,336432
856500,336432
489,337103
606,337103
925,337540
331577,337540
335714,337540
923366,337540
4950,337563
339460,337563
749263,337563
785227,337563
1084,337579
1451,337579
147825,337579
1073992,337579
342062,337585
916406,337585
105,337626
997,337626
1194,337626
941708,337626
538,337631
384060,337631
1140345,337631
546,337640
869,337640
7210,337640
1574,337646
72673,337646
110803,337646
930062,337646
4743,337656
437283,337656
922724,337656
114256,337659
362766,337659
870007,337659
10736,337692
829576,337692
1330560,337692
1669,337697
5466,337697
114,337706
950,337706
327,337711
347,337711
286,337717
639,337717
1606,337717
342,337721
1608,337721
197,337741
206,337741
473,337741
1605,337741
374,337744
708,337744
4109,337837
451600,337837
2,337876
173,337876
396812,337876
1080974,337876
342,337879
262521,337879
117,337881
174,337881
1731,337881
730168,337917
829576,337917
107,337921
513,337921
5458,337921
262635,337921
369954,337923
573862,337923
602941,337923
1584,337960
406975,337960
4968,337976
5190,337976
184392,337976
1270018,337976
246,337978
519043,337978
648249,337978
679,338001
5212,338001
750353,338001
120,338013
701,338013
929489,338013
775,338075
5420,338075
424216,338075
574535,338075
111013,338077
449466,338077
1036181,338077
236,338094
552,338094
654,338094
859720,338094
688,338096
304801,338096
526019,338096
805476,338096
234,338097
4851,338097
470981,338097
870204,338097
1858,338133
397124,338133
440229,338133
543383,338133
236,338159
991,338159
1001,338159
893941,338159
1089,338177
6987,338177
169,338188
949,338188
101799,338188
939697,338188
106,338216
380,338216
51509,338216
68552,338300
1052141,338300
677,338325
1199,338325
369513,338325
235,338337
255,338337
1173,338337
355910,338337
158,338348
5052,338348
261,338395
657,338395
2138,338395
908919,338395
1057932,338419
1232226,338419
132,338427
188,338427
5403,338427
933098,338427
1971,338440
5013,338440
104,338459
1303,338459
754512,338459
891786,338459
333,338466
354,338466
1427,338466
578949,338466
5190,338495
75671,338495
107763,338495
568180,338495
1602,338512
383603,338512
295,338526
413168,338526
746896,338526
138,338751
295,338751
604,338751
949,338751
5094,338806
1289434,338806
744,338817
1125,338817
744,338873
929,338873
512934,339002
922995,339002
331,339086
700856,339086
120,339291
179,339291
658,339291
2010,339323
310865,339323
5212,339334
631490,339334
322,339357
110507,339357
291,339412
5170,339412
924552,339412
386472,339419
420955,339419
1032567,339419
367176,339507
378161,339507
732,339607
5119,339607
135066,339607
587431,339607
6969,339642
147312,339642
335275,339642
424216,339642
1644,339707
322513,339707
912938,339707
174,339727
337,339727
6958,339727
115671,339727
1218,339736
77720,339736
462735,339736
148964,339771
757855,339771
1763,339827
565569,339827
750353,339827
15913,339882
221046,339882
364977,339882
502813,339882
460,340012
906,340012
1999,340012
707,340084
1698,340084
239816,340086
856500,340086
933727,340086
1667,340096
66586,340096
207218,340161
209289,340161
246,340163
1629,340163
7102,340178
451600,340178
483,340181
530365,340181
623,340239
454236,340239
323,340376
562,340376
869,340376
842770,340376
71345,340377
134072,340377
165101,340377
227759,340377
207,340855
234,340855
1136,340855
855564,340855
172,340919
1277,340919
1424,341372
543547,341372
631792,341372
1758,341376
821278,341376
920992,341376
941777,341376
100889,341569
893204,341569
800,342207
1702,342207
151,342258
1364,342258
1472,342258
597,342272
68260,342272
683467,342272
265,342275
338,342275
1243,342275
1418,342508
1015262,342508
353,342735
418,342735
207218,342735
397171,342735
155,343129
291,343129
1975,343129
98,343135
450,343135
1774,343135
5226,343135
666,343168
486148,343168
924782,343168
1303288,343168
335,343173
19569,343173
258127,343173
329091,343173
320808,343524
959113,343524
6762,343554
229084,343554
645683,343554
1275105,343554
106,343660
276,343660
1191,343660
1705,343660
84,343663
273,343663
375,343663
151654,343663
134,343737
285,343737
354,343737
1401,343737
226,343818
339304,343818
997,343962
489436,343962
81449,343967
237244,343967
195,343996
412,343996
766046,343996
149,344510
851582,344510
85390,344723
449652,344723
1460338,344723
1759308,344723
286,344777
604742,344777
924684,344777
187,344854
1201,344854
383603,344854
1648,345032
744107,345032
209,345061
608090,345061
141,345074
1057,345074
818,345177
451234,345177
273464,345185
700229,345185
677,345228
1732,345228
249291,345228
514,345601
568180,345601
751638,345601
1787,345950
444786,345950
179,346156
569,346156
610,346156
1401,346156
164,346491
1401,346491
206257,346491
268199,346491
331,346562
295103,346562
1696,346631
925220,346631
393,346794
576,346794
685,346794
1025,346794
1262,346794
1406,346794
1279766,346794
172,347037
4787,347037
273464,347037
865950,347037
721,347056
288271,347056
700869,347167
1231899,347167
413,347369
1737,347369
4802,347369
1393,347458
756203,347458
583856,347484
596807,347484
571537,347755
915989,347755
182455,347817
358922,347817
609114,347884
881672,347884
545,348060
491402,348060
547,348121
1593,348121
1772,348121
601553,348129
674101,348129
228,348150
5188,348150
98378,348150
746125,348150
5351,348333
197855,348333
267506,348333
519043,348333
1670,348505
5212,348505
190744,348505
524528,348572
656768,348572
107,348593
313,348593
287898,348593
1102577,348593
375,348836
932,348836
1165,348836
4851,348836
521,348841
1641,348841
75650,348841
731477,348841
322,348853
367,348853
353,348866
369,348866
328828,349076
865950,349076
4820,349169
4937,349169
5517,349169
188,349205
1372,349205
5305,349205
168,349260
322407,349260
279,349416
1800,349416
5380,349416
103038,349416
168,349467
194,349467
4908,349467
253035,349467
226820,349683
344435,349683
461136,349683
654110,349683
237,349710
1598,349710
1618,349710
57150,349710
621,349825
1187,349825
165101,349825
922263,349825
648,349889
5283,349889
167649,349889
93,349903
123,349903
210,349903
1876,349903
803,350022
997,350022
674020,350022
349,350028
5028,350028
179173,350028
659363,350028
1288,350194
1773,350194
4937,350258
5093,350258
913488,350258
151,350261
182,350261
602,350261
524197,350261
36261,350357
65942,350357
1115,350596
167850,350596
382,350651
451376,350651
5292,350774
5438,350774
674020,350774
552423,351265
1316767,351265
586,351283
1674,351283
1710,351283
1774,351283
98709,351867
617799,351867
100889,351977
424216,351977
1522,352019
926235,352019
1917,352155
102744,352155
209801,352155
347219,352155
128,352248
250,352248
316079,352248
171,352277
177,352277
596,352277
1712,352394
497616,352394
668271,352394
1025325,352394
234,352520
1475,352520
1691,352520
1833,352520
215,352621
566,352621
1315,353122
5460,353122
5346,353324
645785,353324
306,353357
483,353357
551289,353357
650433,353357
1664,353373
394012,353373
269419,353436
314358,353436
281956,353489
410622,353489
673932,353489
1137209,353489
193,353546
382,353546
436,353546
437,353546
2137,353546
601619,353546
835831,353546
859016,353546
306,354502
908729,354502
1326629,354502
1470190,354502
1367,354578
4365,354578
4747,354595
124930,354595
274,354766
229422,354766
796676,354766
1013003,354766
1250,354899
305558,354899
75710,354953
504267,354953
354,355295
899,355295
5132,355295
5132,355702
386472,355702
424216,355702
274,355954
1347,355954
5044,355954
731772,355954
899,356336
75650,356336
134,356443
172,356443
321,356443
870,356443
929,356515
1164,356515
194,356618
922035,356618
195,356634
5227,356634
864997,356634
132,356680
473,356680
551,356680
572,356680
179,356721
242,356721
5403,356721
915208,356721
435,356764
663,356764
93,356910
681,356910
1401,356910
111013,356910
44535,356922
687914,356922
44535,356999
851582,356999
111,357054
285,357054
1057,357054
1724,357054
532,357091
66586,357091
432013,357091
358,357110
1416,357110
4741,357110
367,357111
283997,357111
4988,357182
50156,357182
992694,357182
4950,357277
899681,357277
775,357413
2071,357413
136797,357413
748620,357413
5442,357470
479471,357470
609845,357470
711805,357470
347,357545
448,357545
2,357608
1111,357608
1974,357608
79273,357608
165101,357608
286,357668
1744,357668
947,357848
228678,357848
706,357894
331577,357894
11882,358012
193639,358012
236879,358012
1339714,358012
191,358082
245,358082
932,358082
152,358135
182,358135
215,358135
1804,358135
702,358273
1598,358273
1618,358273
329481,358273
219,358294
205127,358294
5260,358349
26364,358349
817339,358349
828906,358349
121865,358648
571537,358648
302,358722
643,358722
205,359013
648,359013
1434,359013
5351,359013
374,359024
622,359024
751638,359024
225,359078
1669,359078
792029,359078
217,359203
454,359203
302105,359358
626259,359358
1110629,359358
651,359423
705,359423
268199,359423
1316767,359423
1853,359517
2436,359517
147825,359517
233,359715
307255,359715
1108,359774
1590,359774
5312,359930
942711,359930
1774,359950
1063517,359950
1325419,359950
1789985,359950
224,359984
347149,359984
493271,359984
1725848,359984
174,360009
513,360009
1035682,360009
10736,360016
822155,360016
551,360130
15913,360130
68260,360130
524197,360130
1319,360139
328828,360139
601553,360139
379,360201
554,360201
79273,360201
269463,360201
610,360323
5188,360323
5305,360323
206,360486
1838,360486
479471,360486
4778,360717
85312,360717
470981,360717
915208,360717
138389,360798
295506,360798
270,360957
622,360957
191,361089
347,361089
980,361089
102,361127
1718,361127
4979,361127
80049,361127
368,361309
749263,361309
915208,361309
609,361354
1265067,361354
5068,361399
5227,361399
341176,361399
451600,361411
706787,361411
444,361467
305081,361467
1083271,361467
174,361500
843,361500
5327,361500
474,361620
5017,361620
89456,361620
1399051,361620
1435,361693
103038,361693
176869,361693
350454,361693
360,361696
179173,361696
1714,361715
204706,361715
4109,361746
700869,361746
93,361748
491259,361748
1208167,361748
467451,361786
846308,361786
1272,361805
5320,361805
456,361841
870,361841
5261,361841
515296,361841
1159,361852
4873,361852
288,361862
492,361862
432,361925
1315,361925
5380,361925
5491,361925
289,362004
492,362004
63440,362118
510022,362118
597,362120
267506,362120
356021,362120
1038,362129
1542,362129
629855,362129
725200,362129
1127,362174
1804,362174
1952,362174
581365,362174
158,362227
1804,362227
1876,362227
882,362265
656768,362265
553,362269
563,362269
1473,362269
765597,362269
195,362270
949,362270
1378,362270
5562,362270
413,362421
2064,362421
139,362478
1449,362478
5188,362478
714310,362478
671,362506
89408,362506
604,362526
350454,362526
526019,362526
611932,362526
1696,362586
1698,362586
369,362590
775,362590
1872,362590
70541,362590
818,362674
700869,362674
143,362820
1235,362820
228678,362820
552423,362993
661797,362993
597,363029
115671,363029
644897,363029
822155,363029
262968,363095
569336,363095
573862,363095
758760,363095
147,363143
365140,363143
4486,363163
487884,363163
149,363168
164,363168
201,363168
1243,363168
1702,363168
448,363276
5169,363276
1580,363282
1581,363282
506405,363282
725200,363282
1044,363403
464255,363403
228,363473
422,363473
1364,363473
98378,363473
5210,363475
575184,363475
1247407,363475
276,363504
5442,363504
179173,363504
94789,363532
110507,363532
239816,363532
524528,363532
609,363547
1616,363547
1631,363547
916617,363547
842770,363771
1670137,363771
285,363780
5007,363780
191412,363780
731075,363780
201669,363826
731477,363826
388933,363913
726200,363913
4109,363921
451600,363921
4109,363972
700869,363972
136,363988
459,363988
1806,363988
4742,363988
160,364045
662,364045
1401,364045
1687,364045
366,364093
518,364093
227,364343
245,364343
685856,364435
732309,364435
953882,364435
454,364457
782,364457
1726,364457
5517,364556
719637,364556
681,364725
1774,364725
1800,364725
852132,364725
498,364751
1293,364751
530,364914
1806,364914
112374,364930
943368,364930
518,364955
980,364955
1540404,364955
332,364961
576,364961
860233,364961
915208,364961
367,364970
706,364970
1156,365052
2663,365052
81449,365089
865411,365089
1389,365125
1808,365125
424216,365125
1669,365183
719678,365183
33505,365265
100068,365265
410622,365265
673932,365265
350,365296
551,365296
798971,365296
122688,365407
129538,365407
1831,365410
611932,365410
111,365480
194,365480
837,365480
112,365485
1427,365485
204706,365485
1212,365675
1709,365675
372176,365675
501,365686
5458,365686
71275,365686
123,365737
354,365737
1605,365737
1315378,365737
296545,365748
670408,365748
126,365885
260,365885
159776,365885
939697,365885
161946,365903
325611,365903
465717,365903
954162,365903
553,365907
1092086,365907
1405398,365907
2933542,365907
295,365929
643,365929
532683,365929
1439,365938
5049,365938
822155,365938
916406,365938
369754,366518
608012,366518
653952,366518
1390614,366518
245,366548
704,366548
5261,366548
413168,366548
158626,366551
256121,366551
671980,366551
863999,366551
5535,366598
438127,366598
115,366625
4851,366625
1434,366627
4778,366627
185819,366627
461136,366627
5013,366750
182666,366750
153,366860
454,366860
663,366860
211281,366917
315767,366917
792,367085
366389,367085
960,367088
106319,367088
454236,367088
1099,367089
1473,367089
251986,367089
1021,367097
504762,367097
627,367098
809,367098
397555,367153
730099,367153
412,367188
229084,367188
320762,367188
959113,367188
101,367232
1999,367232
112,367479
161,367479
332,367479
437,367479
145,367587
1644,367587
1718,367587
136,367594
307,367594
383603,367594
1705,367652
1709,367652
341176,367652
469103,367652
143,367677
680,367677
4839,367677
11758,367714
1457917,367714
1498767,367714
1499940,367714
505,367790
1115,367790
5522,367790
21835,367878
782561,367878
148,367882
261,367882
949,367882
479471,367882
84,367959
406975,367959
243,368008
630,368008
658,368008
253708,368008
1457,368089
1013003,368089
114,368222
215,368222
701,368222
1254,368222
4993,368343
5123,368343
244,368447
458,368447
1618,368447
397171,368447
1264,368563
1195855,368563
5045,368571
7237,368571
505,368578
1084,368578
92774,368578
132,368658
391,368658
1082,368658
799,368662
1662,368662
185,368688
120905,368688
336923,368688
788351,368688
1245,368689
1384769,368689
215,368709
285,368709
379,368709
89217,368709
288,368794
949,368794
5132,368794
924210,368794
291,368836
412,368836
640323,368836
1002662,368836
106319,368876
627453,368876
115,368891
293,368891
58581,368891
1208167,368891
267,368933
1185,368933
4266,368933
89485,368933
528331,368975
891786,368975
1833,369053
929489,369053
1150,369213
27323,369213
459658,369213
911264,369213
1032276,369213
225,369226
1151,369226
3964,369226
5346,369226
5406,369294
85407,369294
383422,369294
929609,369294
129,369339
586,369339
4937,369339
749263,369339
380,369436
681,369436
702,369436
5460,369436
120,369441
285,369441
495,369441
420955,369441
339460,369610
397171,369610
695435,369610
237,369672
679,369672
424060,369672
532683,369672
182,369735
404,369735
890232,369735
627,369880
170168,369880
170,370032
1080974,370032
448,370263
1971,370263
5125,370263
223,370986
255175,370986
330687,370986
1227232,370986
353717,371050
559636,371050
611932,371050
643885,371050
924154,371050
1565205,371050
4736,371212
944077,371212
495,371246
1191,371246
1458,371246
891895,371246
191,371257
123632,371257
331516,371257
915208,371257
456186,371405
640660,371405
349,371606
5190,371606
103785,371606
461455,371606
5377,371724
80049,371724
221046,371724
293509,371724
677,371739
150362,371739
191412,371739
544611,371739
313,371746
375,371746
569,371746
5024,371746
950,371878
5377,371878
640323,371878
929489,371878
997,371937
4873,371937
1952,371939
535502,371939
205,372122
156314,372122
260,372183
354,372183
4051,372183
1221,372215
121616,372215
5110,372237
5170,372237
757855,372237
779399,372237
192,372238
4980,372238
225,372303
1653,372303
662504,372303
684521,372303
141,372334
245,372334
495,372334
947338,372334
275,372346
1698,372346
551,372532
5226,372532
10736,372532
202603,372532
288,372784
323,372784
553,372784
913822,372784
1233,372873
4736,372873
732497,372873
1107178,372873
244,373024
1099,373024
386472,373024
931329,373024
157,373028
2077,373028
619406,373028
409,373051
1024878,373051
1242688,373051
1715194,373051
187998,373066
608012,373066
209,373389
438,373389
39162,373416
134244,373416
1025,373445
5561,373445
578949,373445
889846,373445
102,373450
147,373450
371342,373450
517844,373450
174,373469
375,373469
929,373469
1157358,373469
218,373690
1200692,373690
374,373883
532,373883
322407,373889
342488,373889
705356,373889
914612,373889
5517,373908
147825,373908
258402,373908
356021,373908
173,373926
576,373926
1416,373926
159802,373926
4109,373970
7102,373970
569336,374018
614755,374018
1035837,374018
1395602,374018
1696,374180
665235,374180
217,374197
2137,374197
1394,374248
1517,374248
2103,374248
564215,374248
1492,374277
390285,374277
558598,374277
592993,374277
1965,374496
4991,374496
5169,374496
477127,374496
173,374536
323,374536
511,374536
2071,374536
1125,374569
65007,374569
763928,374569
1503432,374569
353,374584
501,374584
1653,374584
608012,374621
725200,374621
1285086,374621
1443822,374621
1917,374707
319843,374707
665056,374707
245705,374853
1192254,374853
340973,374900
1417647,374900
367,375040
487254,375040
515,375063
2006,375063
316079,375063
644897,375063
532,375104
562,375104
1231,375104
1722,375154
290556,375154
641244,375154
5342,375172
5370,375172
179,375173
215,375173
1092227,375173
474,375210
679,375210
573862,375210
85400,375520
202970,375520
115,375568
234,375568
68338,375568
383603,375568
226,375663
335,375663
113,375679
332,375679
628601,375679
185819,375735
406975,375735
608090,375735
1287,375785
788340,375785
371824,375824
571537,375824
185819,375912
362766,375912
1092227,375912
136,375920
518,375920
608090,375920
48932,376006
397171,376006
640323,376006
808376,376006
5260,376105
339304,376105
1454,376108
5227,376108
136,376136
610,376136
1173,376136
172,376181
1231,376181
5045,376181
501,376196
1616,376196
1917,376296
378855,376296
124,376479
191,376479
266824,376479
726200,376479
179,376541
204,376541
210,376541
654110,376541
209,376559
213,376559
625,376720
10736,376720
256121,376827
353546,376827
217,376858
618,376858
301,376890
708,376890
4742,376890
177933,376890
463,376994
932,376994
1772,376994
413168,376994
1152,377043
1458,377043
1864,377043
544718,377043
107,377057
276,377057
1633,377057
179173,377057
598,377062
610,377062
1584,377062
879085,377062
110507,377080
320808,377080
1132,377084
1749,377084
117709,377084
428086,377084
191412,377091
605080,377091
275486,377092
1046097,377092
1057932,377092
164,377107
569,377107
204706,377107
350453,377107
651,377109
48932,377109
915208,377109
728,377119
274704,377119
476,377320
1879,377320
235,377471
237,377471
681,377471
143,377607
5078,377607
167649,377607
1794,377749
297578,377749
788335,377749
124930,377752
607865,377752
619,377800
1448,377800
1731,377800
5405,377818
424216,377818
391922,377864
674020,377864
1749,377981
564215,377981
1289434,377981
4695,378109
908094,378109
235,378194
435,378194
514,378194
1016,378194
652,378306
1075,378306
1644,378306
205127,378306
673391,378453
897845,378453
1744,378565
542759,378565
656768,378661
951520,378661
289098,378781
428143,378781
1610,378793
829576,378793
501210,378804
891786,378804
37970,378816
86205,378816
2071,378947
5416,378947
252230,378947
270718,379184
1117791,379184
1179677,379184
1443527,379184
195,379217
1823,379217
198,379240
1015,379240
603413,379270
639928,379270
166,379306
424060,379306
904371,379306
929489,379306
707,379341
1282,379341
7102,379370
451234,379370
167,379380
5438,379380
864892,379380
579489,379463
1183149,379463
704,379473
1557,379473
3244,379561
868479,379561
236,379708
347,379708
390229,379708
450,379725
1416,379725
4286,379725
4875,379765
542759,379765
252230,379786
277213,379786
868659,379786
284,379790
555,379790
663,379790
202810,379790
289038,379790
123,379865
250,379865
1024677,379865
199,379889
460,379889
1212,379889
1211488,379889
275913,379918
1533927,379918
194,379976
226820,379976
609,380201
608012,380201
750019,380201
1362540,380201
5416,380215
625789,380215
6702,380281
273464,380281
700229,380281
25745,380323
720277,380323
606,380349
2010,380349
280955,380349
1166528,380349
5273,380389
65493,380389
5448,380420
403134,380420
215,380510
242,380510
1838,380510
1519680,380510
1426,380599
573862,380599
321,380609
1315,380609
1473,380609
1625,380687
935395,380687
438,380817
2071,380817
221046,380817
1132,381061
185819,381061
942482,381061
1200692,381061
110507,381104
208426,381104
136,381270
1250,381270
40939,381270
510,381361
619,381361
452288,381361
180411,381429
941777,381429
997,381469
4365,381469
249,381505
515296,381505
905858,381505
939697,381505
276,381601
5068,381601
587431,381601
97842,381633
731634,381633
787170,381633
802048,381633
1648,381690
949744,381690
260,381717
554,381717
2139,381720
4743,381720
128,381849
288,381849
4936,381849
503567,381849
106,381971
2071,381971
506405,381971
306201,382053
724460,382053
781981,382053
828654,382053
335,382073
5188,382073
6969,382073
134,382077
223,382077
463,382077
266824,382077
721,382097
527002,382097
378932,382180
900915,382180
175916,382189
1289434,382189
592993,382382
779084,382382
4109,382534
602941,382534
594898,382561
708981,382561
808917,382561
868659,382561
397555,382579
1460787,382579
491,382621
547,382621
17343,382621
914455,382621
158,382625
606,382625
5212,382625
851582,382625
124,382628
604,382628
619,382628
4286,382717
18099,382717
1159,382761
5312,382761
321,382765
1473,382765
554,382810
949,382810
915989,382810
453,382932
652663,382932
158626,382966
640486,382966
682063,382966
1024878,382966
1731,382992
4754,382992
4937,382992
524197,382992
224565,383010
528331,383010
450,383028
1416,383028
608090,383028
931329,383028
1953,383041
487884,383041
331,383060
741,383060
177,383216
188,383216
606,383216
607865,383216
514,383222
1426,383222
690,383304
1075,383304
85407,383304
535502,383304
2056,383478
6958,383478
329481,383478
719637,383478
5370,383491
147689,383491
607185,383491
780678,383491
215,383534
273,383534
4851,383534
908094,383534
136,383574
89217,383574
202603,383574
461136,383574
491,383648
1615,383648
680983,383717
719678,383717
721,383966
201669,383966
856500,383966
236,384037
5448,384037
502,384212
1496,384212
24404,384212
469823,384212
58181,384279
371824,384279
95751,384286
606690,384286
236,384488
1714,384488
289,384533
899,384533
913488,384533
1107001,384533
293,384537
679,384537
390229,384537
593664,384537
380,384642
2071,384642
1242688,384642
115,384680
323,384680
204706,384680
396558,384680
781913,384683
922342,384683
146,384686
603,384686
1670,384686
157,384699
418,384699
579,384699
515116,384793
519043,384793
1706767,384793
2012635,384793
5351,384806
313534,384806
323,384810
686,384810
524197,384810
1501050,384810
161,384814
661,384814
40586,384814
268199,384814
1714,384929
165101,384929
765597,384929
704,385002
1231,385002
402271,385002
912938,385002
1615,385006
1065229,385006
1584,385017
532193,385017
239,385056
729,385056
5316,385056
180984,385056
5098,385057
265492,385057
598,385267
424060,385267
83795,385290
311297,385290
113,385307
638,385307
5093,385307
685,385726
524197,385726
629538,385726
1035682,385726
452,385727
1282,385727
1046710,385727
1107058,385727
173,385752
185819,385752
707,385813
1367,385813
112871,385813
679410,385813
246,385887
1570,385887
1770,385887
1316767,385887
44535,385933
687914,385933
225,385969
3817,385969
4743,385969
5535,385969
185,385990
199939,385990
1573,386117
1845,386117
104,386140
1722,386140
1876,386140
1642653,386140
200,386504
89217,386504
115671,386504
757855,386504
1836,386534
5568,386534
256890,386582
344894,386582
226,386588
5520,386588
416673,386588
578949,386588
1159,386693
784884,386693
596,386741
1517,386741
185819,386741
304801,386741
122653,386751
438127,386751
1641,386858
222922,386858
530754,386858
687914,386858
496,387037
661,387037
5045,387037
152,387059
1540404,387059
1528,387117
4743,387117
656739,387117
1083268,387117
146,387131
1838,387131
396812,387131
271,387358
477,387358
115671,387358
235,387514
658,387514
1034965,387514
144,387564
418,387564
504962,387564
236,387575
374,387575
101710,387575
5561,387808
187719,387808
748973,387808
98709,387810
194572,387810
617799,387810
1173,387877
1326,387877
5476,387877
424060,387877
809,387898
320760,387898
192505,387973
364583,387973
362,388056
4908,388056
139,388125
511,388125
1057,388125
609845,388125
140,388182
122058,388182
939697,388182
1118528,388182
1542,388183
26364,388183
265668,388183
808917,388183
389,388193
1165,388193
555,388209
2055,388209
148187,388209
102,388213
1714,388213
1718,388213
415066,388285
731575,388285
1162399,388285
1534287,388285
337,388288
536723,388288
5476,388364
252230,388364
731167,388364
662,388377
193295,388377
607325,388377
608090,388377
101,388419
130,388419
741,388419
1826,388419
5458,388482
5520,388482
1690331,388482
224,388500
510,388500
1451,388500
90469,388526
227958,388526
1800,388776
163748,388776
1642,388795
5132,388795
350453,388795
931329,388795
286,388932
997,388932
480,388980
226820,388980
479471,388980
1233,389328
1303,389328
4821,389328
5154,389328
396924,389557
462407,389557
1326,389722
4936,389722
313534,389722
396812,389722
111,389790
250,389790
911320,389790
75359,389792
101005,389792
194136,389823
846308,389823
295,389860
686,389860
1191,389860
151,389957
228,389957
5493,389957
5316,389988
281575,389988
786806,389988
671,390022
85407,390022
1035682,390022
1503429,390221
1503432,390221
1503466,390221
1671035,390221
155211,390305
1413739,390305
1287,390450
700856,390450
367,390808
420,390808
809,390808
1264,391198
4736,391198
245112,391198
544611,391198
1372,391229
144657,391229
307531,391229
798971,391229
1605,391304
5110,391304
305083,391304
543383,391304
4978,391397
33837,391397
123553,391407
246004,391407
698413,391407
783033,391407
913243,391407
110507,391488
320760,391488
580005,391493
640323,391493
920992,391493
944077,391493
4825,391728
234979,391728
388933,391728
511349,391728
5123,391877
502425,391877
1326,392465
170550,392465
593664,392465
333982,392690
786136,392690
773973,392759
1518485,392759
1880268,392759
690,392908
503627,392908
1026,393049
608405,393049
1305,393109
211087,393109
328709,393109
330687,393109
168,393162
722647,393162
79,393297
608,393297
1164,393297
5162,393297
353,393329
546,393329
782,393329
1364,393329
1744,393529
5438,393529
394045,393529
397,393537
1194,393537
469,393597
1772,393597
528331,393836
652783,393836
659353,393836
730168,393836
800,393875
4760,393875
1557,395119
25745,395119
273464,395119
332,395169
1618,395169
645683,395169
1796730,395169
111,395251
235,395251
2071,395251
1721,395424
5154,395424
39162,395424
1394,395488
562003,395488
4950,395495
648249,395495
1800,395543
123261,395543
1235,395584
608405,395584
454,395585
320762,395585
811242,395699
1302735,395699
602,395796
1434,395796
1731,395796
1772,395947
1833,395947
234,395972
531,395972
193524,395972
719637,395972
4735,396155
608714,396155
163,396171
614,396171
924210,396171
593,396190
1567,396190
1644,396190
681,396269
686,396269
5562,396269
1046097,396269
143,396514
310,396514
326,396652
349,396652
5502,396652
458,396688
305558,396688
347,396707
344435,396707
828980,396707
147,396752
668,396752
1450,396752
531808,396752
837,396849
1816,396849
421,396857
545,396857
115671,397044
199215,397044
5292,397077
944077,397077
1687,397101
5028,397101
765597,397101
569458,397105
671721,397105
4755,397313
339304,397313
908094,397313
1594,397388
229084,397388
610459,397388
417,397401
5134,397401
75359,397401
218,397530
1212,397530
322513,397530
706,397535
913822,397535
955471,397535
5231,397537
647638,397537
98709,397582
273464,397582
529813,397582
237,397892
261435,397892
1415323,397892
98,398017
654110,398017
111274,398021
583951,398021
1556,398027
1570,398027
191412,398027
939697,398027
504,398033
1600,398033
608,398165
1191,398165
1674,398165
164799,398281
270718,398281
570912,398281
1075492,398281
1443527,398281
1477070,398281
1907184,398281
5750932,398281
579,398286
601553,398286
1157048,398286
98,398375
126,398375
511,398375
749263,398375
872,398378
152057,398378
950619,398378
1148573,398378
160,398712
321,398712
401,398712
4742,398712
1598,398808
221046,398808
1242688,398808
1455681,398808
1272,398842
470981,398842
786136,398842
915637,398842
898634,398873
942646,398873
316271,398883
785842,398883
452,398971
1552,398971
616,399085
41281,399085
438,399146
458,399146
1557,399146
4742,399146
114,399201
191,399201
424060,399201
367,399222
320760,399222
115,399295
160,399295
1467,399295
168,399327
1208,399327
331577,399327
506405,399327
92,399704
161,399704
4839,399704
366,399738
367,399738
5006,399877
559144,399877
222643,399901
253708,399901
1424,400426
1709,400426
891275,400426
474,400497
5227,400497
385644,400497
131,400525
671,400525
1567,400525
680568,400525
2101,400611
5024,400611
5294,400611
641,400717
1454,400717
5110,400717
5226,400717
6969,401244
227759,401244
795290,401244
931329,401244
1491,401385
1562,401385
163659,401385
656739,401385
178,401420
661,401420
262635,401420
947338,401420
128,401445
1215,401445
180411,401445
182839,401445
211,401516
1221,401516
42805,401516
671980,401516
732,401591
4852,401591
756203,401711
914455,401711
353,401729
608090,401729
1211488,401729
2018237,401729
246,401792
620,401792
4695,401792
654110,401792
295,401855
5454,401855
631490,401855
202,401997
1473,401997
177933,401997
234,402022
531,402022
190744,402022
645683,402022
552474,402085
735467,402085
874067,402085
938084,402085
185,402127
517021,402127
606,402158
603090,402158
288,402399
1626,402399
268199,402399
81449,402493
865411,402493
17343,402505
526019,402505
245,402850
456,402850
610,402850
625789,402850
460,402894
1624,402894
5132,402894
1092227,402894
4820,402901
5305,402901
369513,402901
202,402910
648,402910
1089,402910
5458,402910
724460,403016
1036181,403016
610,403057
1305,403057
159776,403057
446314,403057
782,403217
1305,403217
338323,403217
685856,403217
4787,403407
339877,403407
779084,403407
932706,403407
134244,403455
328709,403455
88127,403508
515116,403508
848554,403508
1065229,403508
501,403702
5443,403702
148418,403702
234668,403702
514,403933
815370,403933
608,403946
401018,403946
735467,403946
913587,403946
284,404031
1424,404031
791968,404031
1473,404032
1714,404032
13037,404032
929489,404032
107,404163
1288,404163
1845,404163
134244,404163
124,404203
701,404203
355097,404203
933940,404203
345,404251
469,404251
1321,404251
1768,404251
1590,404390
267812,404390
908094,404390
1080974,404390
451600,404537
700869,404537
435,404552
612,404552
21835,404552
666,404802
1543,404802
364813,404802
3930,404826
911320,404826
167952,404857
526019,404857
643740,404857
1586084,404857
1686429,404857
1907840,404857
335300,404908
741378,404908
139,404978
147,404978
614,404978
1804,404978
142,405159
151,405159
5476,405159
313,405163
1101,405163
1592,405163
625789,405163
353717,405164
643885,405164
206,405296
213,405296
375,405296
168262,405296
593,405325
621,405325
29400,405325
1263939,405325
1264,405336
5405,405336
289856,405393
305558,405393
378855,405393
526019,405393
1416,405422
136797,405422
539082,405422
748620,405422
413,405469
662,405469
902,405469
164,405676
179,405676
576,405676
701,405676
225,405861
5162,405861
272173,405861
108287,406097
608378,406097
808376,406097
194,406158
368,406158
437,406158
605080,406158
155211,406221
155607,406221
1424,406350
1516,406350
103,406359
118569,406359
209,406375
1242688,406375
1501050,406375
335,406650
5049,406650
68260,406650
191412,406650
532,406754
53384,406754
190744,406754
681975,406754
205,406759
4695,406759
5273,406759
784884,406759
126,406816
688,406816
5110,406816
756089,406816
1018,407095
5049,407095
335275,407095
385644,407095
4742,407205
6969,407205
159776,407205
191688,407205
5031,407265
954225,407265
579,407297
1729,407297
276062,407297
129,407304
209,407304
1584,407304
266824,407304
1164,407718
908914,407718
327,407732
1164,407732
893257,407732
1323,407814
295103,407814
138,407887
197,407887
242,407887
354,407887
1235,407937
951471,407937
1518,407998
15382,407998
304092,407998
706787,407998
275244,408162
311297,408162
136,408236
307,408236
614,408236
1758,408236
1354,408306
51509,408306
185819,408306
688132,408336
731168,408336
909768,408336
148,408345
515,408345
79273,408345
775455,408345
671,408524
1315,408524
1427,408524
149,408790
293,408790
765597,408790
562,408828
1523,408828
4755,408828
1774,408839
5467,408839
15196,408839
1157358,408839
100866,408961
808376,408961
948272,408961
1443822,408961
459,408985
1451,408985
2064,408985
797464,409011
1057932,409011
422,409034
673,409034
1015,409034
5460,409034
496,409043
5380,409043
5527,409043
416673,409043
377,409182
621,409182
2536,409182
524197,409182
208426,409184
717709,409184
851582,409184
4724,409301
85400,409301
566,409345
597,409345
715,409345
1169819,409345
1448,409379
647634,409379
1209966,409379
1303,409459
15196,409459
355097,409459
933940,409459
679,409681
5278,409681
176869,409681
689237,409681
117709,409793
611932,409793
148,409847
185819,409847
817844,409847
1312575,409847
721,409936
38572,409936
220,409962
929,409962
5024,410097
26364,410097
524839,410097
543383,410097
113,410297
206,410297
1626,410297
609114,410297
96,410320
832792,410320
149,410377
124930,410377
950,410400
101710,410400
569336,410400
611932,410400
90469,410605
626202,410605
274,410626
301,410626
523,410626
1376,410639
75710,410639
276,410751
1540,410751
5312,410751
735226,410751
236,410764
313,410764
5216,410764
199,411061
1860,411061
5447,411061
521,411118
40939,411118
500976,411118
553,411195
83795,411195
614165,411195
1409,411234
536723,411234
827663,411234
828980,411234
293,411267
4742,411267
312,411323
574,411323
1722,411323
4742,411323
454,411475
514,411475
1247407,411475
1194,411644
184392,411644
309575,411644
861037,411644
4852,411753
565319,411753
195,412019
232,412019
1448,412019
164,412080
2663,412080
1594,412298
2105,412298
114,412637
153,412637
517844,412637
685856,412637
316079,412808
685856,412808
931329,412808
80049,412886
1562725,412886
2380541,412886
2381049,412886
633223,412922
925966,412922
1242688,412922
1132,413015
1302,413015
1364,413015
151,413099
136797,413099
334179,413099
2215447,413099
104,413267
139,413267
196,413267
552,413267
379,413300
1497,413300
2006,413300
168,413615
35060,413615
202966,413615
1287,413879
4875,413879
644897,413879
114,413895
210,413895
266824,413895
949,414055
1691,414055
3244,414055
654110,414055
411,414161
898597,414161
661,414387
950,414387
461136,414387
532193,414387
1763,414426
267812,414426
102751,414513
1172285,414513
195982,414587
996669,414587
385,414853
418,414853
416673,414853
182839,414879
239816,414879
4741,414951
4908,414951
233027,414951
424481,414982
501210,414982
581365,414982
935541,414982
995,414993
1838,414993
413168,414993
356625,415023
427379,415023
271165,415119
756089,415119
473,415141
1099,415141
267506,415141
1417647,415141
4736,415143
65320,415143
362766,415160
865302,415160
2245,415234
453492,415234
604,415306
2071,415306
170550,415306
442,415311
931656,415311
236711,415345
898597,415345
936198,415345
799,415482
14135,415482
249,415778
421,415778
264579,415778
1117,415833
232414,415833
1453,415856
1556,415856
266824,415856
1250,415932
1648,415932
748683,415935
1661949,415935
1661995,415935
3216178,415935
415,415949
5190,415949
5315,415949
754512,415949
17343,415964
65007,415964
378855,415964
131,415965
1605,415965
645683,415965
1544100,415965
179224,416041
328751,416041
403134,416041
4770,416051
1004211,416051
1058940,416051
1173437,416051
168,416185
1326,416185
1451,416212
266824,416212
571,416236
657,416236
92961,416236
383603,416236
1667,416320
328828,416320
424060,416320
607865,416320
124930,416449
372176,416449
920992,416449
922035,416449
661,416471
1315,416471
1845,416471
4802,416471
161,416496
1872,416496
4851,416496
948267,416496
1021,416502
1305,416502
870007,416502
1119663,416502
342,416508
4266,416508
564215,416508
658,416675
1644,416675
57175,416680
97842,416680
191688,416680
221554,416680
1367,416775
400194,416775
322407,416868
448204,416868
157,416891
792,416891
1505,416891
555,416918
1107,416918
100889,416918
1358539,416918
745,416966
4730,416966
131,417001
178,417001
1610,417001
1626,417001
5350,417056
141931,417056
530365,417071
856500,417071
168,417148
523,417148
603402,417189
693799,417189
190,417217
199,417217
623,417217
800,417217
1518,417220
1857,417220
215015,417220
584352,417220
5024,417225
71275,417225
1745736,417225
108287,417433
290556,417433
879085,417433
393,417532
624,417532
1601,417532
1662,417532
1117,417550
1517976,417550
4787,417586
398185,417586
675730,417586
830556,417586
115671,417614
179173,417614
307726,417614
519043,417614
369,417658
666,417658
673,417658
280955,417658
799,417694
1285,417694
342488,417741
705356,417741
914612,417741
707,417745
275244,417745
5535,417751
237222,417751
437283,417751
304801,417791
564215,417791
518,417871
4787,417871
226820,417871
274704,417871
560,418004
1173,418004
5212,418004
5261,418004
269419,418110
744107,418110
163,418152
177,418152
241049,418279
479471,418279
879085,418279
1083271,418279
700869,418362
1231899,418362
207218,418451
209289,418451
700869,418460
1231899,418460
1025,418511
5253,418511
1136,418586
794896,418586
47,418590
719,418590
621,418647
1434,418647
4912,418647
266824,418647
145,418676
366866,418676
202,418689
1608,418689
103038,418689
189200,418689
189200,418735
281234,418735
357979,418735
4937,418763
85407,418763
350453,418763
531924,418763
1110,418773
5273,418773
885900,418773
2762380,418773
454,418819
491,418819
782,418819
48932,418819
50156,418832
788351,418832
809049,418832
1534287,418832
1211485,418835
1807350,418835
268,418879
454,418879
708,418879
1065454,418879
463649,418887
865411,418887
85438,419026
100866,419026
364280,419026
486728,419026
5516,419168
751638,419168
606,419198
1823,419198
156,419236
893,419236
1152,419236
321,419256
1669,419256
1833,419256
396558,419256
169,419294
1608,419294
948267,419294
543547,419389
892157,419389
526,419491
1136,419491
1429,419515
643885,419515
146,419641
453,419641
1035,419641
4851,419641
175916,419677
834282,419677
683253,419706
881631,419706
117709,419741
618291,419741
227759,419749
798779,419749
616,419781
736263,419781
1424,419815
1461,419815
1606,419815
515296,419815
212,419843
25745,419843
111013,419843
829576,419843
536883,419922
864997,419922
1598,419946
1078479,419946
215,419984
671,419984
5405,419984
688132,419984
312,420015
335,420015
834,420015
4986,420015
437,420087
604,420087
658,420087
5499,420087
163,420223
668,420223
1451,420223
2071,420223
111,420238
163,420238
1808,420238
914612,420238
1562,420261
187998,420261
507073,420291
752407,420291
1082,420293
1880888,420293
3009232,420293
93589,420294
108287,420294
367,420555
899,420555
201669,420555
113,420609
244,420609
185819,420609
429363,420609
216,420678
1051,420678
1075,420740
1845,420740
2238259,420740
2246581,420740
92,420757
255,420757
5381,420757
50458,420757
173194,420835
571537,420835
1693309,420835
457,420901
199215,420901
459,420978
538,420978
5273,420978
1505,420999
182456,420999
297578,421045
725091,421045
1312575,421045
620,421054
5148,421054
461136,421054
1183149,421054
206,421073
1845,421073
262635,421073
491402,421073
487884,421082
608090,421082
327,421143
1024677,421143
687506,421229
1670029,421229
1602,421238
1833,421238
4051,421239
614165,421239
1046097,421239
93,421715
566,421715
949,421715
842770,421715
505,421729
1454,421729
1157048,421729
5305,421994
328828,421994
372176,421994
1807,422093
253708,422093
1347153,422093
4365,422182
641509,422182
25745,422272
428121,422272
746896,422272
173,422295
375,422295
950867,422295
1748,422399
2057,422399
335275,422399
387987,422401
601376,422401
725091,422401
2023,422458
389581,422458
501210,422458
217936,422479
726223,422479
644022,422528
692634,422528
798971,422528
379,422720
1114,422720
1800,422720
5403,422720
792209,422734
903200,422734
1411067,422734
1518819,422734
2253,422768
167850,422768
505,422774
1084,422774
1525,422774
865302,422779
898597,422779
313534,422783
432521,422783
515296,422783
790688,422783
205,422861
362,422861
748620,422861
880181,422861
1295,423007
105696,423007
462883,423007
1002715,423007
2142,423116
1212071,423116
98734,423169
350454,423169
106549,423238
150362,423238
267506,423238
947,423279
89815,423279
313,423294
221046,423294
479471,423294
1417647,423294
1617,423372
919361,423372
562,423409
176869,423409
369954,423409
809,423442
882,423442
1250,423442
72344,423474
265668,423474
858776,423474
1297774,423474
358922,423869
862932,423869
375,423977
204706,423977
947338,423977
993507,423977
606,424095
701,424095
5212,424095
413168,424095
75359,424107
713389,424107
644897,424136
680983,424136
933940,424136
366,424338
933727,424338
1594,424365
683253,424365
274,424774
520064,424774
686,424823
283945,424823
520064,424823
514,424859
767,424859
627,424863
295506,424863
537648,424863
1691,424880
5132,424880
180411,424880
438,424908
328828,424908
1208167,424908
4873,424993
176981,424993
502,424999
4906,424999
375,425055
474,425055
1162,425055
310966,425055
1816,425056
4839,425056
665956,425056
757854,425056
763858,425056
944598,425056
1281076,425056
273,425061
4266,425061
136797,425061
584777,425069
809793,425069
1136,425087
1794,425087
4770,425087
267812,425087
459,425094
657,425094
5447,425094
1107001,425094
293509,425112
296545,425112
631490,425112
670408,425112
702,425123
5457,425123
6610,425123
749263,425123
631877,425126
632473,425126
1156,425137
281191,425137
323344,425137
1265684,425137
411,425151
6669,425151
302,425186
853364,425186
1057,425196
746896,425196
1374868,425198
1680484,425198
1725848,425198
3833386,425198
444621,425206
552423,425206
151,425210
1326,425210
1426,425210
5154,425210
546,425236
1287,425236
1845,425236
156,425253
285,425253
5251,425253
1223023,425253
209,425308
458,425308
1760272,425308
223499,425326
357979,425326
353546,425359
864997,425359
117,425395
362,425395
870,425395
515296,425395
1625,425404
569547,425404
656183,425404
662599,425404
279,425413
628601,425413
670408,425413
677,425414
502425,425414
822155,425414
542,425430
1518,425430
179173,425430
829576,425430
451600,425478
654648,425478
908914,425478
526,425548
871,425548
1117,425548
1184,425548
4721,425598
80049,425598
152638,425598
705,425600
1965,425600
541902,425600
145,425648
947,425648
956,425648
4991,425648
524528,426266
959113,426266
434,426315
29460,426315
68338,426462
1036340,426462
1520,426592
668139,426592
731168,426597
1167794,426597
1590,426615
4825,426615
182456,426615
713378,426615
871,426616
1166,426616
95478,426616
175916,426627
339877,426627
924210,426627
246,426883
5493,426883
386472,426883
947338,426883
1667,426931
5024,426931
5392,426931
383603,426931
209850,427048
284655,427048
701924,427048
1747140,427048
76082,427108
990712,427108
338,427133
367,427133
136797,427152
302108,427152
748620,427152
190,427229
572,427229
870,427229
243,427309
1845,427309
253708,427309
1676649,427309
201,427327
237,427327
1451,427327
502425,427370
809793,427370
173,427392
562,427392
185819,427392
1099,427470
279545,427470
328828,427470
330687,427470
610,427543
671,427543
273464,427582
635330,427582
5305,427650
122688,427650
254712,427650
388323,427848
865302,427848
1173,427944
4742,427944
1080974,427944
141,427968
194,427968
1082,427968
350454,427968
178,427969
255,427969
1364,427969
4778,427969
437,427998
1199,427998
189144,427998
385644,427998
422831,428003
735467,428003
1408186,428003
1739981,428003
5044,428251
115671,428251
328709,428251
100068,428390
511264,428390
149,428441
870,428441
213,428446
274,428446
1212,428446
618,428532
98709,428532
293550,428532
285,428579
1264,428579
1192254,428579
724,428765
95478,428765
151,428803
1960,428803
75650,428803
222922,428856
320762,428856
690,428865
1334,428865
852,429153
92961,429153
1025,429173
1518,429173
126284,429173
393,429177
1156,429177
1610,429177
1663,429177
322,429200
75650,429200
40939,429203
283997,429203
144045,429230
504267,429230
1337,429277
1744,429277
553,429493
4754,429493
177896,429493
1663205,429493
651,429573
661,429573
195439,429573
115,429589
210,429589
658,429589
316079,429589
668139,429591
731075,429591
245705,429715
1052141,429715
242,430105
71275,430105
879085,430105
1330560,430105
322,430224
2100,430224
777760,430239
898597,430239
15382,430308
1265067,430308
84,430357
4937,430357
268199,430357
365140,430357
546,430420
655,430420
1725,430431
331577,430431
209,430576
1631,430576
30153,430576
194572,430576
1115,430700
202966,430700
212,430770
906,430770
5226,430770
578949,430770
155,430779
1133,430779
1545471,430779
232,430912
667,430912
1857,430918
141931,430918
870204,430919
1721326,430919
1775528,430919
2303057,430919
5405,430922
6969,430922
748620,430922
2395586,430922
1718,431021
604742,431021
327,431058
452,431058
867,431197
4937,431197
4950,431197
177933,431197
564,431213
1487,431213
227759,431213
608090,431213
1065,431308
1435,431308
5476,431308
124930,431308
4825,431461
135066,431461
159629,431461
1658224,431461
809,431975
44535,431975
530365,431975
882,431979
504267,431979
954704,431979
170,432021
4912,432021
5123,432021
322513,432021
454,432180
2138,432180
1123,432259
1449,432259
596,432260
799591,432260
123,432283
195,432283
658,432283
5403,432283
1209,432289
1602,432289
5305,432289
5095,432290
22887,432290
365988,432290
629855,432290
90,432314
227,432314
321,432314
295103,432318
773973,432318
822155,432318
848534,432318
1602,432402
159789,432402
1092227,432402
492,432432
1291,432432
75710,433020
288271,433020
951520,433020
413168,433035
1107001,433035
1431940,433035
872,433350
1744979,433350
160,433362
353,433362
554,433362
123,433383
657,433383
1099,433383
165101,433383
1264,433386
155211,433386
848554,433386
288,433387
135585,433387
519456,433387
5098,433400
5351,433400
5442,433400
267506,433400
146,433405
661,433405
1223,433405
390903,433405
744,433412
1378,433412
7102,433416
57150,433416
451234,433416
671980,433416
1264,433442
1731,433442
4395,433442
639774,433442
997,433451
1744,433451
3244,433817
317725,433817
797464,433963
1134641,433963
167952,434000
554830,434000
273464,434086
317725,434086
249291,434124
252230,434124
729,434139
57150,434139
103785,434139
95751,434165
634409,434165
719678,434165
4742,434215
5210,434215
477127,434215
517844,434215
269419,434230
408538,434230
102744,434277
554830,434277
204,434409
1291,434409
1653,434409
915989,434409
402,434424
815370,434424
1169819,434424
218914,434933
270718,434933
509622,434933
565380,434933
570912,434933
731168,434933
1787722,434933
1789985,434933
1796432,434933
222922,434969
933727,434969
307,435623
1173,435623
1310016,435623
222,435635
249,435635
1592,435635
744,435642
65493,435642
131297,435642
383422,435642
313,435651
658,435651
4154798,435651
131235,435669
657760,435669
781913,435669
1315,435670
154226,435670
549815,435670
1760272,435670
185,435696
2027,435696
115,435705
194,435705
4754,435705
470981,435705
4883,435711
566084,435711
998,435721
936403,435721
158,435761
349,435761
741,435761
885,435761
411,435770
1488,435770
233027,435770
4948,436012
619651,436012
952602,436012
1377059,436012
527852,436091
782561,436091
98,436331
349,436331
531,436331
1416,436331
4715,436339
4851,436339
302108,436339
631490,436339
448,436343
160004,436343
1557,436364
2092886,436364
251678,436524
666256,436524
786639,436524
182839,436546
500976,436546
243233,436689
1051221,436689
342,436697
545,436697
790688,436697
124,437086
910607,437086
991810,437086
209,437232
1035682,437232
872,437250
1540,437250
916406,437250
1099,437405
1435,437405
5351,437405
1297015,437405
2546,437489
10736,437489
864997,437489
782,437526
581953,437526
5125,437777
48932,437777
291,437800
401,437800
1551130,437800
1705,437863
1417647,437863
59215,437954
159789,437954
499,438052
1159,438052
627995,438052
491,438097
1459,438097
5380,438097
5405,438097
1971,438154
479527,438154
560,438315
5442,438315
393,438365
1719,438365
1800,438365
167850,438365
288,438488
941777,438488
947338,438488
1212,438859
1208167,438859
5016,439115
449466,439115
7814,439123
863816,439123
1036,439197
1884,439197
331577,439280
1114130,439280
1743229,439280
2079554,439280
981,439284
1026,439284
569,439289
906,439289
4051,439289
189200,439289
532,439311
5272,439311
1107178,439311
154,439467
899,439467
1007,439478
882853,439478
1016,439504
144133,439504
4286,439544
199590,439544
202966,439544
2018,439753
73162,439753
6969,439815
277213,439815
740264,439815
860065,439815
276,439876
421,439876
498,439876
353,439878
1025,439878
207218,439878
925,440464
182666,440464
4109,440604
451600,440604
179224,440961
219835,440961
486728,440961
1148573,440961
260,440963
354,440963
5466,440963
1183149,440963
1045,440992
4805,440992
358430,440992
887708,440992
223,441007
497522,441007
775455,441007
795576,441007
5519,441022
601376,441022
662981,441022
997,441035
4365,441035
344603,441035
933310,441035
643885,441674
955471,441674
204,441761
7814,441761
117709,441762
900915,441762
163,441773
1401,441773
85312,441773
161,441774
237,441774
1254,441774
1467,441774
610459,441782
1954240,441782
228678,441791
936403,441791
5260,441796
287898,441796
1443368,441799
1789985,441799
2076,441818
310865,441818
528462,441818
803397,441818
746896,441881
3478396,441881
417,442933
705,442933
1401,442933
367,443159
420,443159
44535,443159
358,443272
398,443272
657,443272
330687,443272
598,443274
1845,443274
289142,443274
569226,443274
598,443295
623,443295
5278,443295
267511,443295
179,443456
705,443456
267812,443456
293509,443456
262635,443465
1404408,443465
5068,443473
541120,443473
418,443489
552,443489
4937,443489
461498,443489
513,443496
1505,443496
5466,443496
1418,443501
31001,443501
461355,443501
908914,443501
1285,443533
1394,443533
2605345,443533
4563869,443533
335,443536
902,443536
4266,443536
911320,443536
1570,443543
1722,443543
4754,443543
316079,443543
178,443559
620,443559
5048,443559
1682412,443559
1283,443567
131647,443567
424635,443567
824763,443567
271165,443570
784884,443570
802048,443570
880,443604
961,443604
498247,443604
1827325,443604
330,443619
592,443619
798779,443619
107,443632
140,443632
662,443632
519456,443632
4741,443649
193295,443649
803,443650
6987,443650
93,443680
571,443680
729,443680
1731,443680
96,443701
141,443701
1605,443701
175262,443701
375,443706
381,443706
350453,443706
749263,443706
307726,444415
1211488,444415
156,444628
205,444628
1611,444648
511349,444648
218,444653
664,444653
1749,444653
1016,444669
662981,444669
836071,444669
442,444672
5109,444672
1417647,444672
5476,444682
252961,444682
1455681,444682
872,445917
232414,445917
836343,445922
939697,445922
1725848,445922
2085629,445922
2071,445934
4715,445934
688132,445934
1417647,445934
104,445935
182,445935
953197,445935
317,445939
544611,445939
2439994,445939
131,445946
151,445946
481,445946
1540,445948
543383,445948
860233,445965
1533927,445965
56,445975
398,445975
454,445975
1693,445975
242,445990
1427,445990
6969,445990
317,446013
575184,446013
881631,446013
83795,446027
101710,446027
384060,446027
1085,446029
148418,446029
447695,446029
935541,446029
104,446046
5569,446046
141,446463
666,446463
786639,446463
1880888,446463
420,446602
1249052,446602
608,446676
2436,446676
430,446683
4700,446683
1473,446687
342488,446687
418,446717
893,446717
83795,446750
293509,446750
391820,446750
562003,446750
630,446755
1570,446755
915208,446755
2474010,446755
696041,446771
697637,446771
546,446802
1223,446802
493,447372
527,447372
697,447372
162345,447372
224634,447372
1708,447545
203961,447545
318821,447545
399630,447545
402271,447545
428795,447545
446287,447545
571497,447545
366,447619
899,447619
1953,447619
60561,447635
101534,447635
187694,447635
941777,447635
115,448011
126284,448011
2425105,448011
256599,448022
629697,448022
245,448075
1057,448075
191412,448075
608012,448075
835016,448115
1157048,448115
6244013,448115
244,448124
614,448124
5251,448124
358922,448124
126284,448134
193295,448134
262635,448134
614165,448134
732309,448149
901926,448149
226,448157
234,448157
867,448157
2052567,448157
398,448166
1035,448166
629855,448166
2992430,448166
5392,448400
399411,448400
470981,448400
2167467,448400
215,448564
554,448564
863968,448564
1289434,448564
104,448694
161,448694
671,448694
302108,448694
460,449010
518,449010
347149,449010
1968873,449010
276,449018
337,449018
959,449018
1057,449059
1427,449059
136797,449059
4754,449061
5458,449061
262635,449061
1745,449086
542759,449086
136,449088
1691,449088
89217,449088
461136,449088
245,449089
155693,449089
385644,449089
93,449467
949,449467
305558,449467
114,449472
454,449472
1556,449487
4266,449487
933940,449487
218,449851
809,449851
706787,449994
1399243,449994
182839,450188
782561,450188
856500,450188
246,450232
1556,450232
80049,450232
827735,450232
245705,450238
293509,450238
424819,450238
867677,450238
124,450259
138,450259
147147,450336
1055413,450336
1427,450340
1592,450340
115,450345
995,450345
5447,450345
131,450385
168,450385
1724,450385
5203,450385
161,450405
604,450405
1242688,450405
460,450426
554,450426
92,450615
809,450615
2010,450615
766837,450615
1334,450962
568180,450962
933940,450962
306,450972
397171,450972
51469,451021
302108,451021
652663,451021
692634,451021
1281,451073
1680,451073
120,451079
993,451079
4715,451079
136797,451079
1020345,451102
1372713,451102
5231,451106
199590,451106
4991,451166
757855,451166
143636,451176
328098,451176
1883803,451176
1986960,451176
5278,451187
111274,451187
852132,451187
1631269,451187
995,451221
1693588,451221
2076,451225
114256,451225
365650,451225
1261587,451225
705,451279
1517976,451279
2933757,451279
102522,452144
194136,452144
1552,452183
935498,452183
81547,452580
378932,452580
98,452594
681,452594
725,452594
269463,452594
188,452598
1372,452598
506405,452598
260,452608
5458,452608
879085,452608
151,452623
438,452623
729,452623
1157358,452623
123,452624
949,452624
977,452624
1497,452624
4695,452625
176981,452625
283945,452625
837,452637
316079,452637
397171,452637
942482,452637
209850,452642
566869,452642
606009,452642
1876523,452642
5261,452643
722629,452643
851113,452643
1085051,452643
29400,452660
633223,452660
1007554,452660
741,452681
1737,452681
126284,452692
915989,452692
51509,452694
515296,452694
634409,452694
1046097,452694
5568,452701
101005,452701
437646,452701
295,452702
1844,452702
5561,452702
256121,452702
134,453046
162345,453046
1494,453453
5119,453453
174,453467
243,453467
1745736,453467
429,453489
870,453489
5561,453494
488953,453494
503567,453494
625789,453494
295,453548
5377,453548
29400,453548
36261,453548
1264,453556
1772,453556
262635,453556
148,453562
1165660,453562
1569276,453562
2718512,453562
327,454082
5502,454082
935541,454082
1556320,454082
858776,454084
1517976,454084
211,454224
1540,454224
1215,454776
304801,454776
344435,454776
489,454784
1648,454784
606,454824
290556,454824
599,454841
211087,454841
149,454848
243,454848
1626,454848
654110,454848
579,454864
1457,454864
1472917,454864
7102,454876
451234,454876
409,454879
1277,454879
80049,454879
1503432,454879
226,454921
397788,454921
628601,454921
1535523,454921
5068,454945
1377561,454945
1475594,454945
241049,454970
313534,454970
1312575,454970
4715,454987
462712,454987
767,455078
488477,455078
933727,455078
134,455323
194,455323
200452,455323
1880888,455323
515123,455362
543383,455362
444,455400
501,455400
593664,455407
648249,455407
1263939,455407
1725848,455407
195,455499
5227,455499
175262,455499
335275,455537
629538,455537
379,455538
670408,455538
1083271,455538
3003326,455538
332,455581
342,455581
96,455590
1845,455590
564215,455590
913488,455590
5516,455612
1347153,455612
5520,455760
477127,455760
152,455782
5024,455782
251986,455782
111,455805
147,455805
166,455805
541,455805
295334,455822
818285,455822
907548,455822
173,455824
11354,455824
413168,455824
1812267,455824
365445,455841
757855,455841
924552,455841
4741,455857
281107,455857
1556320,455857
29400,455915
322407,455915
885840,455915
243,455944
190744,455944
1092086,455944
1631269,455944
204,455957
849,455957
1642,455957
1745,455957
498,455958
5261,455958
122653,455958
122688,455958
293,455960
568180,455960
1367,455961
5417,455961
719,455981
271165,455981
1080320,455981
5447,455988
50156,455988
784884,455988
922342,455988
95,455989
117,455989
375,455989
864812,455989
301178,455993
728762,455993
328709,456020
879085,456020
90469,456041
744107,456041
288271,456070
320762,456070
17343,456467
785498,456467
194572,456526
914455,456526
4802,456554
184445,456554
429250,456554
256890,456972
648975,456972
1617,457290
942875,457290
515123,457297
1248373,457297
1682420,457297
1597,457302
666739,457302
1067699,457302
397212,457303
829166,457303
929609,457303
171,457308
625789,457308
5417,457323
246585,457323
874,457355
2332,457355
65493,457355
2071,457400
1144419,457400
163,457419
204,457419
867,457419
317725,457430
530365,457430
893941,457430
1419440,457430
246,457433
610,457433
932,457433
5346,457475
602941,457475
620,457495
92961,457495
645683,457495
1641117,457495
413168,457513
424060,457513
5251,457572
175262,457572
139,457939
179,457939
701,457939
85312,457939
1669,458072
706787,458072
168,458339
262635,458339
915989,458339
658,458352
4266,458352
4978,458352
1289434,458352
867,458364
1301,458364
1605,458364
103785,458364
5203,458367
168262,458367
112,458413
1057,458413
666739,458413
1782299,458413
422,458455
322513,458455
920992,458455
620,458481
982,458481
4695,458481
330687,458481
1036,458500
891895,458500
914455,458500
182,458522
651159,458522
673563,458522
630,458525
5351,458525
396812,458525
413168,458525
4109,458867
6762,458867
134916,459239
474090,459239
542677,459239
998941,459239
5048,459421
300824,459421
114,459660
1780,459660
5377,459660
227759,459660
898546,459660
182839,460342
951520,460342
202966,460722
205626,460722
2546,460732
89485,460732
671032,460732
859720,460732
5351,460745
607865,460745
870204,460745
251678,460777
266261,460777
422,460778
518,460778
501,460780
579,460780
5447,460780
5458,460780
246,460792
1427,460792
5519,460792
1503432,460792
338886,460809
534944,460809
158,460810
518,460810
4988,460810
1289434,460810
551,460812
1605,460812
1974,460812
368,460829
460,460829
718,460829
951471,460829
547,460873
596,460873
1517,460873
112,460890
295,460890
633223,460890
546,460892
202810,460892
341743,460892
1552362,460892
174,460902
321,460902
1439,460902
5068,460902
449466,460925
519043,460925
192377,460989
614165,460989
643740,461336
1370408,461336
480,461703
4736,461703
215,461770
1131,461770
5188,461770
10736,461770
100068,461946
182455,461946
222593,461946
809,462002
899,462002
51509,462023
190744,462023
2240346,462023
168,462200
207,462200
5493,462200
580924,462200
1016,462219
1277,462219
290556,462219
1092227,462219
1092,462229
5154,462229
147825,462229
132694,462275
513964,462275
502,462295
221046,462295
822155,462295
1820,462298
563687,462298
351,462302
1097,462302
272173,462302
460,462335
1089991,462335
1092227,462335
1812656,462335
152,462338
547,462338
299,462362
1218,462362
384060,462373
832380,462373
147,462396
1426,462396
611932,462396
706787,462396
442,462421
205127,462421
1758,462477
828980,462477
288,462504
1111,462504
1872,462504
147825,462510
461498,462510
671,462519
3817,462519
57150,462519
1417647,462519
1413,462538
144657,462538
453,462579
463,462579
144,462601
1152,462601
1556320,462601
663,462611
1744,462611
483,462690
310865,462690
140,463034
369,463034
5028,463034
5562,463034
223518,463287
343082,463287
809,463352
283997,463352
1376,463486
75710,463486
1015,463854
126284,463854
674782,463854
719637,463854
306,463873
913993,463873
47265,463934
951420,463934
800,463947
1698,463947
751638,463947
565,463960
683253,463960
935921,463960
665,463963
1525,463963
437,463990
202970,463990
1131,463998
1277,463998
5476,463998
5305,464041
908094,464041
155,464051
265668,464051
600763,464051
797464,464051
4922,464061
88127,464061
629538,464086
728762,464086
913587,464086
1577637,464086
1505,464096
1542,464096
1598,464096
223,464154
377,464154
609,464154
5278,464154
245705,464196
364977,464196
570570,464196
827170,464196
1233,464320
5162,464320
292082,464796
498247,464796
1951562,464796
1953104,464796
367,464828
208426,464828
1960,465109
171499,465109
353,465142
424,465142
598,465142
601553,465142
882,465160
756203,465160
954704,465160
1250,465188
24188,465188
115,465234
685,465234
58581,465234
1208167,465234
4825,465375
4867,465375
89456,465375
1160,465407
364711,465407
775455,465407
705356,465436
1693309,465436
1954240,465436
1434,465440
761836,465440
1804,465461
406975,465461
540441,465461
460694,465494
648249,465494
779084,465494
114,465502
131,465502
788340,465502
123,465538
1574,465538
842770,465538
929489,465538
949,465551
1132,465551
4741,465580
262635,465580
266824,465580
1225406,465580
899,465602
316079,465602
565569,465602
654110,465602
235,465624
5561,465624
267506,465624
933988,465624
476,465666
888727,465666
246638,465737
502813,465737
508069,465737
785612,465737
4989,466342
177639,466342
929609,466342
968405,466342
618,466665
1439,466665
205626,466665
659363,466665
4846,466787
858776,466787
2101,466794
639200,466794
1231,466816
1354,466816
68260,466816
201,466839
1808,466839
748620,466839
1519680,466839
1939267,466856
1963091,466856
354,466893
1593,466893
749263,466893
810397,466893
630,466909
667,466909
5466,466909
308,466922
728,466922
35866,466922
902,467110
5134,467110
10736,467110
227759,467110
732,467111
171513,467111
228336,467111
509937,467111
5318,467167
954253,467167
242,467197
977,467197
5109,467197
524839,467197
204,467200
51509,467200
424060,467200
836343,467200
867,467406
4950,467406
148418,467406
680983,467406
306,468071
234541,468071
331516,468489
1107001,468489
1763,468521
4920,468521
929489,468521
225332,468529
532683,468529
1015096,468529
1711760,468529
1524,468535
447290,468535
693,468536
775455,468536
1567,468548
507073,468548
745679,468548
1715024,468548
288,468569
323,468569
1173,468569
5132,468569
232,468965
459,468965
48414,468965
538,469021
176869,469021
1287,469045
2128,469045
5438,469045
997,469066
1164,469066
663,469151
1166,469151
504962,469184
601376,469184
659363,469184
515,469263
671,469263
1136,469263
1302735,469263
579,469318
5048,469318
201574,469429
282849,469429
754512,469429
1343254,469429
358,469494
1354,469494
200452,469494
141,469623
932,469623
1125,469623
517844,469623
716490,469640
734558,469640
115,469641
4742,469641
350454,469641
671567,469641
409,469689
474,469689
5520,469689
827663,469689
1641,469745
282699,469745
404091,469745
5491,469897
253035,469897
748620,469897
317,469903
598,469903
1228,469925
111274,469925
713389,469925
572,469976
1669,469976
507212,470000
1631269,470000
677,470679
1326,470679
4395,470679
365140,470679
317725,470692
529813,470692
171,470705
1065,470705
788335,470705
1211488,470705
146,470732
215,470732
1108,470737
1590,470737
1209966,470752
1727304,470752
2539953,470752
4420495,470752
205,470765
1302,470765
1573,470765
733427,470765
430,470864
1272,470864
126,470878
5476,470878
5286,471005
581365,471005
1609,471009
786639,471009
916406,471009
781913,471037
1967673,471037
609,471041
1015,471041
257,471042
552,471042
729,471042
1774,471042
65007,471565
215487,471565
1305,471930
4395,471930
662504,471930
124,472033
417,472033
704,472033
1626,472033
513,472050
385644,472050
790057,472050
158,472062
210,472062
450,472062
10736,472062
1602,472071
1758,472071
1876,472071
1519680,472071
43891,472096
121605,472096
411857,472096
834606,472096
357,472118
2907,472118
90,472126
501,472126
1164,472126
605080,472126
117029,472156
175916,472156
1209966,472156
3256881,472156
207,472160
702,472160
564215,472160
235652,472175
934113,472175
279,472181
439,472181
5565,472181
2953537,472181
1712,472186
865302,472186
1035682,472198
1107001,472198
592,472200
542759,472200
5154,472205
614165,472205
659353,472205
837177,472205
1538,472268
4051,472268
292182,472268
661,472399
1282,472399
4936,472399
5458,472399
9368,472836
814162,472836
547,473075
1426,473075
350453,473075
2605345,473075
1507,473102
4286,473102
1545471,473102
2030779,473102
401,473188
2076,473188
908094,473188
1312575,473188
39162,473267
363699,473267
1086543,473267
1122026,473267
5392,473308
5438,473308
277213,473308
385644,473308
198,473333
1461,473333
175916,473333
132,473356
152,473356
936403,473356
5273,473360
65493,473360
226820,473360
1653,473364
5068,473364
815370,473364
834282,473364
800,473398
287266,473398
750852,473398
84,473444
334,473444
1152,473453
1162,473453
29400,473453
1574,473464
6958,473464
1194672,473464
1223023,473464
375,473488
1848,473488
206257,473488
479471,473488
153,473500
546,473500
778769,473500
926086,473500
75359,473502
180984,473502
609114,473502
654,473700
685,473700
285913,473700
394045,473700
128,473705
255,473705
545,473705
1046097,473705
141,473709
244,473709
339460,473709
344435,473709
134416,474312
201669,474312
538,474865
1295,474865
416,475084
281956,475084
859016,475084
514,475217
663,475217
1283,475217
751638,475217
448,475228
1474,475228
331577,475228
908914,475228
1714,475243
5094,475243
189144,475243
2011935,475243
5327,475252
543383,475252
1599,475255
1225406,475255
123,475290
146,475290
982,475290
542759,475330
2016345,475330
792,475355
5024,475355
5170,475355
253708,475355
40586,475380
362766,475380
159802,475393
934618,475393
501,475394
5315,475394
5351,475394
206257,475397
320514,475397
1917633,475397
1991890,475397
331577,475417
891275,475417
273178,475659
350044,475659
1659221,475944
1738172,475944
2018237,475944
289038,475984
526019,475984
608090,475984
732,476023
689237,476023
451600,476550
1231899,476550
5318,476657
750353,476657
102751,476678
378855,476678
106549,476958
935395,476958
1140300,476958
1218757,476958
149,476964
5024,476964
441588,476964
295103,476967
362429,476967
1221,476992
1807,476992
339304,476995
1242688,476995
870007,477029
922995,477029
956526,477029
663,477050
662981,477050
552,477051
187719,477051
628601,477051
113,477071
5520,477071
447695,477078
1107127,477078
243,477080
206257,477080
839486,477080
1517976,477080
356017,477095
564215,477095
1404408,477095
1823,477139
4715,477139
297578,477139
924154,477139
113,477302
158,477302
1884,477302
1303,477347
1774,477347
169,477348
437,477348
849,477348
982,477348
173194,477472
295506,477472
690,478033
1262,478033
228,478087
98378,478087
836343,478087
1683094,478087
146146,478088
1663252,478088
169,478134
234,478134
574,478134
6958,478134
1062,478135
751638,478135
686,478149
396812,478149
526019,478149
891895,478149
200057,478154
1052141,478154
445,478210
6669,478210
659363,478210
1159,478237
5162,478237
93,478304
576,478304
1567113,478304
1337,478311
5182,478311
736622,478311
748620,478311
872,478329
43891,478329
367,478705
882,478705
145,478737
1016,478737
229733,478813
322977,478813
543547,478813
632473,478813
140,478970
748620,478970
1431940,478970
6610,478994
1256602,478994
667,479074
1393,479074
408284,479074
378,479140
515,479140
1845,479140
129310,479140
230,479143
893257,479143
925,479204
103038,479204
347149,479204
931656,479204
221046,479289
339460,479289
1086384,479289
1943488,479289
156,479341
353,479341
1394,479341
153,479409
4694,479409
6061,479409
25709,479409
4883,479500
731075,479500
1069180,479500
1302735,479500
593664,479528
890232,479528
941777,479528
1363122,479528
112,479537
553,479537
1378,479537
1394,479635
246630,479635
324409,479635
596807,479635
596807,479661
868479,479661
800,479880
1424,479880
5442,479884
5458,479884
607185,479914
736263,479914
817980,479914
1015262,479914
411,479948
499,479948
514,479948
903677,479948
586,479952
1674,479952
1710,479952
1774,479952
459,479965
560,479965
605080,479965
1679669,479965
122653,479968
815370,479968
936403,479968
115,479997
579,479997
657,480001
11038,480001
96,480011
245705,480011
1346230,480239
2279940,480239
136797,480242
176981,480242
683467,480242
226,480249
724757,480249
2253071,480249
582149,480251
922724,480251
252961,480255
262635,480255
604742,480255
757855,480255
1804,480268
165101,480268
114,480269
1092227,480269
671980,480271
1063230,480271
1659348,480271
2126655,480271
411,480516
514,480516
253216,480669
324409,480669
194572,480680
273464,480680
775,480687
5562,480687
278979,480687
837177,480687
1173,481141
1876,481141
165101,481141
302105,481278
315767,481278
120,481369
515,481369
396812,481369
503567,481369
115,481499
1416,481499
5351,481499
1297015,481499
287,481517
101005,481517
180984,481517
5420,481519
207218,481519
439,481536
158626,481536
671980,481536
1117791,481536
619,481797
4486,481797
487884,481797
1721,482461
5443,482461
339460,482461
933940,482461
87109,482463
673563,482463
431451,482527
954225,482527
191,482546
250,482546
1833,482546
288,482571
323,482571
413168,482571
424060,482571
685,482572
1187,482572
1570,482572
268199,482572
2101,482582
43041,482582
3067,482593
31529,482593
629855,482593
733812,482593
5045,482599
1645304,482599
1099,482603
1804,482603
385644,482603
1676221,482603
239,482606
5454,482606
1165,482613
385470,482613
1258,482629
167850,482629
2907,482957
586568,482957
308,483098
1252,483098
44430,483577
526019,483577
990712,483577
2616251,483577
501,483586
191412,483586
605080,483586
713389,483586
245,483726
686,483726
1473,483726
85400,483726
614,483756
4999,483756
5460,483756
1034965,483756
670,483763
4929,483763
476,483789
744,483789
1016,483789
1852,483796
544611,483796
459,483812
842770,483812
848554,483812
515786,484039
1465580,484039
2073156,484039
569,484111
4851,484111
20717,484111
293509,484111
315767,484187
1092227,484187
1016,484207
5123,484207
726472,484207
180984,484224
858776,484224
1709,484382
809049,484382
2029,484426
998941,484426
1172,484562
175814,484562
849,484740
973,484740
583856,484740
2825905,484740
670,484831
1455681,484831
4755,484877
279545,484877
609114,484877
922995,484877
1669,484881
717709,484881
301,485376
827170,485376
75650,485411
583856,485411
818,485522
706787,485522
283945,485675
786639,485675
102,485851
409,485851
412,485851
1264,485851
4883,485927
4906,485927
1467,485947
1631,485947
199006,485947
1208167,485947
421,485985
654648,485985
174,486020
734558,486020
4829,486021
5231,486021
199961,486021
662981,486029
836071,486029
233027,486051
1289434,486051
1525948,486051
95,486090
1917,486090
502,486321
92774,486321
1481133,486321
2191612,486321
132660,486546
1180243,486546
1221047,486546
1830202,486546
373571,486551
501399,486551
1367,486561
507212,486561
448,486569
397555,486569
898597,486569
941708,486569
610,486572
180984,486572
1211488,486572
4695,486576
4821,486576
262635,486576
344435,486576
1084,486578
222643,486578
605079,486578
681,486583
6969,486583
316079,486583
383422,486583
5175,486585
175262,486585
430,486622
893,486622
1544217,486622
83795,486628
532193,486628
4929,486640
911933,486640
1653,486652
1721,486652
1316767,486652
132,486655
5212,486655
1092227,486655
134,486674
576,486674
1804,486674
1806,486674
1556,486822
5251,486822
479471,486822
237,486946
513,486946
741,486946
1454,486946
34309,487144
141931,487144
440229,487144
2115995,487144
446,487156
1418,487156
260,487195
870,487195
1448,487195
322,487260
366,487260
487254,487260
1709,487271
487884,487271
900915,487271
145880,487339
1326732,487339
199006,487928
933727,487928
1710,488085
670408,488085
689237,488085
1404408,488085
164,488120
657,488120
331516,488120
683253,488120
322513,488138
334324,488138
1721,488151
540441,488151
174,488164
1252,488164
784884,488164
665,488349
4886,488349
761052,488349
511,488380
1626,488380
168,488539
4989,488539
488953,488539
756114,488539
75710,488565
94789,488565
457,488604
704,488604
914455,488604
791723,488658
1213456,488658
870,488928
124930,488928
1025,488997
1540,488997
944077,488997
172,489010
322,489010
5342,489010
622,489017
874,489017
751638,489017
154,489037
640,489037
1698,489048
1999,489048
68338,489049
283945,489049
403134,489049
275,489085
977,489085
168,489099
68260,489099
159789,489099
555,489210
1285,489210
1334,489210
2101,489210
893204,489210
1626,489225
1826,489225
29400,489225
1473,489237
316079,489237
424060,489237
202,489281
180411,489281
330687,489281
1872,489282
184445,489282
519043,489282
1706767,489282
162,489286
4770,489286
4747,489318
335275,489318
564,489327
2092886,489327
112,489664
4742,489664
124930,489664
1103,490075
1309,490075
1606,490075
365988,490075
609845,490076
1720028,490076
2016345,490076
473,490084
532683,490084
601553,490084
779866,490084
476,490086
1016,490086
1705,490086
607185,490086
401,490087
811242,490087
881631,490087
579,490181
5048,490181
675730,490181
3930,490199
261724,490199
239,490204
332,490204
586,490204
1191,490204
553,490215
1940449,490215
3485845,490215
208426,490234
756203,490234
411,490240
1792091,490240
326,490499
1354,490499
193661,490499
322407,490499
1082,490579
601553,490579
852132,490579
929489,490579
299,490701
968405,490701
1005514,490701
1556320,490701
1218,491005
565569,491005
4778,491046
4851,491046
566084,491104
697637,491104
855564,491104
1918942,491104
5028,491152
329481,491152
1024677,491152
1148573,491152
601376,491162
848554,491162
1157048,491162
194,491175
354,491175
1209966,491175
7415871,491175
1925239,491203
2539953,491203
473165,491589
695860,491589
954162,491589
1120249,491589
480,492044
515,492044
233027,492044
973177,492044
222,492389
409,492389
629855,492481
714147,492481
202966,492881
950619,492881
446,492896
1016,492896
4887,492896
4109,492913
2092422,492913
138,492931
2214860,492931
2641758,492931
2644217,492931
1718,492956
761052,492956
654648,493076
757855,493076
542,493118
1794,493118
401,493393
603402,493393
913822,493393
5416,493395
608012,493395
514,493402
782,493402
220976,493402
330371,493402
352,493405
671567,493405
961,493406
4839,493406
649,493421
761587,493421
792,493451
1346,493451
757855,493451
151,493464
654,493464
1401,493464
564215,493464
559636,493567
1002753,493567
179173,493949
1411125,493949
1428821,493949
260,494229
175262,494229
409,494238
347149,494238
785227,494238
514,494249
1016,494249
229422,494249
5227,494279
364977,494279
3044199,494279
3044324,494279
469,494652
1454,494652
127373,494652
461136,494834
685856,494834
128,494864
368,494864
287898,494864
513281,495026
549815,495026
1702,495036
756083,495036
237244,495795
584020,495795
1473,496319
916406,496319
1503432,496319
2227898,496319
891786,496349
1496319,496349
1883803,496349
2052974,496349
270,496350
1845,496350
534132,496350
265492,496436
277213,496436
458,496634
117709,496634
1671512,496634
93,496806
123,496806
354,496806
270445,497273
322977,497273
353,497323
5454,497323
714310,497323
1332,497420
574535,497420
849,497465
356017,497465
424060,497465
919525,497465
133117,497470
134244,497470
200452,497470
916406,497470
48932,497972
652663,497972
320762,497991
687914,497991
144045,498118
208426,498118
954704,498118
44535,498120
603090,498120
207,498351
1609,498351
5562,498351
297,498361
613,498361
538,498368
919361,498368
407296,498380
913822,498380
352,498381
1025139,498381
242,498399
1618,498399
387773,498399
578949,498399
3244,498800
959377,498800
68260,499097
1443368,499097
1544217,499097
286,499484
1744,499484
244,499549
757855,499549
941777,499549
1472,499556
5458,499556
1229204,499556
164,499570
225,499570
1806,499570
5006,499596
559144,499596
628017,499596
151,499603
891895,499603
1706767,499603
106549,756621
202966,756621
4632,756677
502425,756677
491,756725
7237,756725
1807350,756725
2268369,756725
368,756729
604,756729
765597,756729
788340,756729
173,757361
492,757361
803,758734
29502,758734
1624,758752
4266,758752
339460,758752
350453,758752
155,758753
202966,758753
681,758758
1315,758758
1416,758758
386472,758758
874,758762
20122,758762
27164,758762
202966,758762
628,758764
462735,758764
106,758766
424,758766
2187603,758766
293,758771
245705,758771
1670029,758771
128,758774
138,758774
835016,758774
666,758784
1449,758784
24404,758784
674025,758784
1653,758786
2546,758786
395203,758786
1113471,758786
190,758794
657,758794
289142,758794
1107001,758794
4747,758798
5454,758798
543383,758798
671721,760173
1316767,760173
274,760187
1305,760187
5048,760187
800,760188
1586,760188
2027,760188
225,760311
513,760311
633387,762072
696041,762072
719604,762072
875613,762072
1480,762102
1075208,762102
1763,762104
159776,762104
187719,762104
179173,762105
295103,762105
101,762107
1191,762107
4754,762107
416673,762107
245,762114
601553,762114
647638,762114
1024677,762114
532,762115
385757,762115
1122026,762115
7814,762121
13037,762121
1095720,762121
1209966,762121
4754,762125
5405,762125
519043,762125
811242,762138
1553725,762138
1720028,762138
2057036,762138
435,762145
514,762145
95478,762145
932112,762145
95,763314
162345,763314
552,763831
193295,763831
241173,763831
913488,763831
347149,763839
384060,763839
934618,763839
1503432,763839
168,763840
4754,763840
1265067,763840
204,765010
1497,765010
1731,765010
350453,765010
179,765120
204,765120
112,765128
1917,765128
128,765429
243,765429
982,765429
252230,765429
1953,765432
4486,765432
353,765442
1393,765442
4486,765442
90,765443
1557,765443
915208,765443
409,765446
572,765446
4695,765446
1117791,765446
132,765447
603,765447
1057,765447
933940,765447
407,765460
254712,765460
502442,765460
4821,765465
66098,765465
189144,765465
2782797,765465
552,765476
5517,765476
6969,765476
4993,765478
5535,765478
417,765487
1062,765487
704,768183
5098,768183
329481,768183
1256532,768183
459,768212
613,768212
933988,768212
560,768218
287898,768218
765597,768218
1092227,768218
1016,768222
1424,768222
5342,768222
226820,768239
289098,768239
1671512,768239
1100,770703
262635,770703
267506,770703
310966,770703
190,770752
661,770752
5028,770752
1232226,770752
114,770772
1674,770772
868659,770772
913488,770772
609,770778
5246,770778
5350,770778
178,770828
10736,770828
147147,770828
788335,770828
99,772150
274,772150
793,772150
205,772157
1687,772157
5576,772157
693799,772157
629737,772158
2016345,772158
131,772168
2050642,772168
2850666,772168
2850826,772168
48273,772175
563687,772175
1638,772193
486728,772193
83795,772197
339877,772197
195982,772762
898634,772762
596807,772892
617799,772892
369424,773306
445903,773306
1280286,773306
1676649,773306
131811,773775
245876,773775
1648,774756
7183,774756
734000,774756
172,775090
719,775090
3244,775090
131,775440
168,775440
2265157,775440
450,775529
1473,775529
97842,775529
295334,775529
913488,775543
1107001,775543
1283,778661
5517,778661
252961,778661
809,778784
310865,778784
616,780484
997,780484
1016,780484
1087183,780484
1593,780486
5227,780486
514,780500
331577,780500
515123,780500
1553725,780500
186505,780504
331516,780504
1659547,780504
106,780511
134,780511
295,780511
5377,780511
193,780516
323,780516
933727,780516
202966,780521
741242,780521
104,780534
212,780534
4988,780534
1354,780536
268199,780536
322407,780536
579,780548
1552693,780548
1683094,780548
552,780567
1074,780567
2006,780567
126,780571
193,780571
458,780571
176981,780571
1975,780608
111013,780608
267506,780608
1024677,780608
378161,780622
656929,780622
1133,780650
794687,780650
164,780653
1125,780653
1289434,780653
193,782710
299,782710
852615,782710
3675651,782710
950,783233
461136,783233
564215,783233
1519680,783233
182666,783234
507073,783234
1057,783238
1315,783238
1453,783238
5261,783238
360,783478
2023,783478
25483,783515
251986,783515
549815,783515
728762,783515
792,783565
1744,783565
241,783598
1653,783598
245925,783598
318498,783598
1543,783601
5405,783601
2,783608
218,783608
437,783608
885,783608
168,783640
925966,783640
1659221,783640
554,783767
304801,783767
751301,783767
1055413,783767
4715,784972
278979,784972
287182,784972
332,785006
1435,785006
731075,785006
1545471,785006
4755,785007
519456,785007
748620,785007
1128572,785007
518,785012
117709,785012
267812,785012
470981,785012
4743,785016
5246,785016
712908,785016
1505,787462
5460,787462
515116,787462
1540404,787462
1642,787470
5405,787470
1880243,787470
2343444,787470
1426,787474
296545,787474
364813,787474
279545,787475
1676221,787475
1347,787500
271165,787500
674231,787500
514,787515
5068,787515
79273,787519
931404,787519
1173,787523
582149,787523
1151,790590
675730,790590
111,790604
362,790604
155693,790604
1173,790623
4695,790623
6969,790623
503567,790623
459,790627
148964,790627
629855,790627
791570,790627
114,790628
136797,790628
190,790636
1467,790636
1872,790636
4950,790636
438127,790657
898597,790657
365140,790663
450961,790663
695,790665
1015,790665
200,790676
1765,790676
221046,790676
916406,790676
662,790686
5442,790686
1745736,790686
437,790712
4936,790712
540441,790712
608090,790712
307726,790721
754512,790721
848554,790721
1525948,790721
95478,790722
662981,790722
362,790723
519043,790723
909620,790723
1706767,790723
129,790724
420955,790724
683253,790724
102,790736
313,790736
571,790736
5351,790736
1364,790751
544334,790751
1052,790769
1482,790769
1095036,790769
7551589,790769
191,790770
332,790770
836121,790770
1538675,790770
1439,790799
1691,790799
462712,790804
722647,790804
413,790823
1281,790823
147,791303
1416,791303
1549503,791303
404,791304
551,791304
5031,791304
809,792975
320762,792975
559636,794280
619185,794280
250,795351
177896,795351
1505,795361
192505,795361
1971,795368
227759,795368
369954,795368
532193,795368
809,795370
899,795370
222643,795371
241870,795371
112,795421
658,795421
1745,795421
1086543,795421
4820,795438
366389,795438
378245,795438
1629,795439
1211488,795439
199,795459
754,795459
1567113,795459
221,795461
5350,795461
191,795493
268199,795493
4816,796206
215487,796206
638824,796206
215487,796307
953197,796307
524528,796335
603090,796335
5282,796339
244630,796339
559,796366
670408,796366
704270,796366
1517976,796366
332,796368
252230,796368
258402,796368
495,796375
1199,796375
1426,796375
5561,796375
451,798817
5458,798817
420,799911
956956,799911
418,799934
1201,799934
80049,799934
85312,799934
4743,799942
40472,799942
177639,799949
671980,799949
929609,799949
968405,799949
1590,799951
1709,799951
151,800027
1427,800027
593664,800027
5109,800039
68338,800039
748620,800039
781981,800039
239,800080
458,800080
619,800080
1570,800080
555,800145
1759,800145
640660,800145
2269306,800145
191,800240
22883,800240
413168,800240
931329,800240
437,800241
1426,800241
544718,800241
607865,800241
469823,800268
860380,800268
1157048,800268
246,800272
5432,800272
294366,800272
2255413,800272
250,800308
438,800308
460,800308
1557,800308
146,800320
553,800320
2076,800320
941777,800320
588,800347
1711,800347
1971,800347
752407,800347
164,800369
204,800369
1089991,800369
1165110,800369
680983,802948
741891,802948
780678,802948
2201055,802948
604,803057
5405,803057
175621,803057
524197,803061
1047329,803061
4936,803096
1002641,803096
1745736,803096
102,804461
422,804461
593,804461
1330560,804461
147,804463
702,804463
5273,804463
302108,804497
731075,804497
1507857,804497
2911881,804497
165101,804505
177933,804505
1046097,804505
4747,804516
629697,804516
721951,804516
273,804522
702,804522
350453,804522
765597,804522
7237,804529
889846,804529
1745,804552
313534,804552
362766,804552
331516,805564
607865,805564
717395,805564
773973,805564
222,805570
4753,805570
5068,805570
177896,805570
1674,805647
1804,805647
4266,805647
818055,805647
172,806130
5260,806130
5520,806130
5260,806147
148418,806147
5261,806165
87109,806165
632664,806165
1670590,806165
5305,806203
885840,806203
1086384,806203
1517976,806203
158,808151
191,808151
1745,808151
957909,808151
144045,808182
208426,808182
313,808232
24404,808232
1727304,808232
147,808244
218,808244
4754,808244
217,808245
480,808245
373,808261
608405,808261
619,808279
685856,808279
915208,808279
1227232,808279
4051,808285
200452,808285
5377,808331
267812,808331
922927,808331
218,808339
543547,808339
4883,808392
752407,808392
204,808399
159789,808399
177896,808399
479471,808399
366,808417
1687,808417
557859,808417
350350,808425
378932,808425
171,808510
267,808510
580351,808510
639,808526
5049,808526
931324,808526
147,809504
235,809504
604742,809504
1667,810772
832380,810772
180411,810784
289098,810784
773973,810784
924210,810784
719,810794
397124,810794
448,810817
1367,810817
924210,810819
1720028,810819
2539953,810819
531808,810836
920992,810836
1330560,810836
284,810880
291,810880
199,810913
1191,810913
5017,810913
4713266,810913
267506,810922
283945,810922
1954240,810922
1221,810928
1794,810928
1882929,810928
472710,810945
578949,810945
1556320,810945
5351,810988
204706,810988
565250,810988
1102577,810988
207,811080
289142,811080
386472,811080
1675002,811080
213,811106
4695,811106
111013,811106
748620,811106
463,811128
1800,811128
743671,811128
196,811138
4695,811138
539082,811138
6610,813378
265457,813378
378855,813542
643740,813542
256,813991
1160,813991
1156,814072
109175,814072
233027,814072
4805,814130
432013,814130
2092398,814130
2268905,814130
176869,814255
503567,814255
226,814314
437,814314
206257,814314
1013003,814314
205,814331
237222,814331
688132,814331
848554,814331
688,814335
909620,814335
1720028,814335
201669,814690
222922,814690
75650,814691
656768,814691
852,814759
530365,814759
882,814768
2010,814768
487254,814768
656768,814768
117,815096
306,815096
4051,815096
191708,815096
378,815138
719637,815138
735226,815138
1544100,815138
235,815178
25483,815178
939697,815178
947,815182
546004,815182
1036181,815236
1404408,815236
657,815245
6969,815245
115161,815245
1691,816442
1833,816442
4563869,816442
579,816462
2332,816462
597388,816462
2,816516
404,816516
493,816516
414,816545
1435,816545
852132,816545
1099475,816545
418,816616
1160472,816616
4991,816648
155607,816648
1067699,816648
190,816692
4266,816692
1567113,816692
3237775,816692
93,816711
197647,816711
257969,816711
360,817177
381,817177
210,817230
4266,817230
4695,817230
4937,817230
5562,817538
1372713,817538
225,817545
686,817545
144,818165
459,818165
244630,818165
2073,818172
552863,818172
908914,818172
1999,818831
721951,818831
1188401,818831
2308697,818831
412,819123
874,819123
461136,819714
722629,819714
1092227,819714
38695,820078
353448,820078
125847,820914
364583,820914
731575,820914
2307367,820914
140,821640
190,821640
4950,821640
1297015,821640
375,821642
1416,821642
4937,821642
390903,821642
1075,821810
1967,821810
102744,822785
324409,822785
757855,822791
887708,822791
942482,822791
1617,822802
33837,822802
229422,822802
700443,822802
768334,822811
941708,822811
98,822832
678,822832
5562,822832
79273,822847
881631,822847
1544217,822847
102,822849
1315,822849
1851028,822849
242,822854
418,822854
671567,822854
521,824330
1953,824330
2100,824330
1401,824747
272173,824747
752407,824747
1072959,824747
545,824758
1626,824758
316079,824758
564215,824758
750037,825225
1683094,825225
151,825232
197,825232
809,825244
201669,825244
390253,826593
936403,826593
1108,826823
1767820,826823
1540,827181
335275,827181
437283,827181
788351,827181
467,828065
521753,828065
4825,828103
519043,828103
1117791,828103
1218757,828103
491,828158
1609,828158
134072,828158
879085,828158
147,829098
980,829098
828980,829098
1002641,829150
1812656,829150
808,829160
84247,829160
122653,829160
418,829193
1165,829193
4986,829193
1218,829297
245112,829297
363699,829297
1401,829459
451234,829459
148418,829482
352778,829482
1706767,829482
2395586,829482
1132,830515
185819,830515
40472,830558
48273,830558
150255,830558
217936,830681
342241,830681
1669,830861
383603,830861
223,831280
1599,831280
543383,831280
1782299,831280
117,831299
487884,831299
186505,831387
647634,831387
913822,831387
382,831846
451376,831846
124,831884
1618,831884
749263,831884
1102577,831884
168,831887
424060,831887
532683,831887
1838,832266
5351,832266
176869,832318
1880888,832318
1528,832906
217984,832906
302108,833557
339460,833557
535502,833557
701512,833557
518,833960
792,833960
1843026,833960
631490,834001
790688,834001
663,834539
1016,834539
1424,834539
5098,834540
5327,834540
797464,834540
2355635,834540
327,834541
1457,834541
170186,834541
287,834941
1099,834941
1857,834941
1107,834961
583951,834961
365445,835418
373571,835418
773973,835418
1601397,835418
99,835775
1721,835775
2090422,835775
206257,835802
1939267,835802
2652716,835802
3538718,835802
1745,837106
638824,837106
1191,837562
416673,837562
1411125,837562
1676221,837562
1475,837563
164809,837563
1541272,837563
54397,837795
516215,837795
636562,837795
597,837802
543383,837802
674782,837802
346,837803
65493,837803
244630,837803
1232226,837803
4778,838221
5403,838221
5562,838221
2496312,838221
188,838232
412,838232
606,838232
607865,838232
207,838247
553,838247
519043,838247
2425105,838247
604,838283
2071,838283
5460,838283
420955,838283
640,839742
59215,839742
245390,839742
671980,839742
360678,839773
456778,839773
511892,839773
636426,839773
665235,839976
865950,839976
437,839980
2071,839980
5491,839980
71275,839980
514,840306
65942,840306
276,840322
170550,840322
267511,840322
255,840361
356017,840361
358316,840361
719637,840361
657,840363
502425,840363
499,840375
331577,840375
1133,840406
1858,840406
5316,840406
1451,841032
4820,841032
5517,841032
4965,841044
117709,841044
604,841046
278979,841046
472710,841046
2100,841393
75710,841393
201669,841393
216587,842022
633387,842022
652913,842022
866322,842022
194,842926
906,842926
749263,842926
1985859,842926
618,843358
1626,843358
1477,843843
1530,843843
1838,844286
4778,844286
452860,844286
749263,844286
1001,844471
132257,844471
267506,844471
352778,844471
158626,844489
432550,844489
661825,844489
2366272,844489
318821,844666
848554,844666
2309517,844666
1282,844708
5321,844708
100889,844708
226813,844708
681,844768
14135,844768
269463,844768
1241244,844768
1724319,844768
2002507,844768
579,844866
800,844866
5417,844866
335,844993
349,844993
659363,844993
911320,844993
349,846308
566,846308
1804,846308
244,847167
5273,847167
5392,847167
98378,847167
532,847187
5460,847187
1021,847215
1974166,847215
627,847743
1376,847743
491259,847743
899,847745
1249052,847745
744107,847754
872910,847754
1763,847825
1974,847825
535502,847825
543383,847825
229084,847830
938950,847830
995,847897
48414,847897
680983,847897
2368981,847897
375,848228
262635,848228
424060,848228
719637,848228
212,848281
513,848281
1285,848281
268199,848537
461498,848537
1086543,848537
1242688,848537
942901,848556
1036257,848556
1685266,848556
1986960,848556
731575,848557
775539,848557
1208725,848557
1382242,848557
437,850253
71275,850253
207218,850253
1358539,850253
1458,850648
1800,850648
2663,850648
547,851530
6610,851530
204706,851530
922342,851530
4988,852713
267506,852713
993507,852713
1297015,852713
220,852940
344,852940
387987,852940
1555340,852940
152,852953
1075,852953
1852,852963
603090,852963
732,852975
134647,852975
898634,852975
1165660,852975
1164,852986
107281,852986
1125,853157
1073992,853157
188,854147
408081,854147
829644,854147
835329,854147
1257393,854147
2376955,854147
53,854159
532298,854159
1953,854672
596807,854672
891895,854672
322513,855011
851113,855011
758760,856778
931656,856778
7814,857191
420955,857191
110,857265
179,857265
323,857265
111,857275
5125,857275
931324,857275
106549,857285
786639,857285
110803,857295
780678,857295
5417,858411
608405,858411
442207,858463
2369219,858463
2398507,858463
572,858479
598,858479
2006,858479
680983,858479
5561,858486
20354,858486
519043,858486
939697,858486
2,858500
4051,858500
289038,858500
409,859163
706,859163
1472,859163
4742,859163
373571,859635
501399,859635
293,860866
706,860866
374,860870
438,860870
1233,860870
194,861689
305558,861689
749263,861689
215,861704
321,861704
1626,861704
124481,861721
223518,861721
104,862714
721,862714
849,862714
1297852,862714
273,862846
10736,862846
1289434,862846
1593,862856
4051,862856
48414,862856
317,862884
76718,862884
201574,862884
194136,862911
575811,862911
467,863111
626259,863111
719,863117
1613,863117
1594,864751
94789,864751
146,864761
1648,864761
461136,864761
1002641,864761
5182,864835
170306,864835
483,864918
521,864918
110507,864921
596807,864921
1057,865297
1047329,865297
107,865554
620,865554
671,865554
287898,865554
329,865556
1472,865556
29400,865556
377,865559
237222,865559
4700,866435
5292,866435
5350,866435
312,866437
834,866437
4742,866437
199215,866437
1131,866439
362429,866439
1157358,866439
112,867160
457,867160
1347,867270
1505,867270
893204,867270
1621,867295
1698,867295
551,867334
4920,867334
1567113,867334
1670029,867334
538,867464
5346,867464
239,867591
473,867591
491259,869994
524528,869994
102,870111
1449,870111
5377,870111
790688,870111
1445,870118
1828,870118
103,870122
834989,870122
1289434,870154
3099754,870154
1780,870204
5109,870204
808376,870204
1939627,870204
223518,870222
595110,870222
244630,870937
1036181,870937
353,870984
1250,870984
1305,871020
358922,871020
244,871426
1427,871426
275486,871426
688132,871426
500976,871509
993242,871509
1628,872110
1953,872110
2403067,872202
2790136,872202
1474,872264
132694,872264
422,873886
29400,873886
502425,873886
662981,873886
925,874268
160004,874268
340973,874271
447695,874271
713389,874271
913587,874271
643740,874292
908914,874292
565250,874425
701512,874425
358,875034
4851,875034
182839,875034
233604,875034
60561,875608
101534,875608
247579,875613
942875,875613
213,876233
4747,876233
5380,876233
372958,876233
354,876563
553,876563
949,876563
1172,878700
5253,878700
130502,878700
113,878804
5210,878804
2052567,878804
2466842,878804
1416,878835
1624,878835
356017,878835
210,879870
849,879870
205626,879870
420955,879870
172,880570
491,880570
893204,880570
178,880578
4988,880578
121605,880578
189200,880578
113,881891
2006,881891
177896,881891
421822,881891
1262,882113
1735,882113
1917,882113
608378,882113
1043,882765
5176,882765
271165,882765
446,882969
1016,882969
1136,882969
1800,882969
215,882977
1256532,882977
1969169,882977
411,883398
5016,883398
1107,883410
1616,883410
4700,883410
5253,884038
836071,884038
27402,884056
385470,884056
666739,884214
724460,884214
1058940,884214
131,884224
349,884224
673,884224
1315,884328
5048,884328
390229,884328
101,884726
902,884726
1288,884726
192505,884732
366389,884732
1265802,884732
469823,886531
813887,886531
1157048,886531
337,887719
542,887719
5561,887719
93,887883
123,887883
518,887883
531,887883
1602,887912
719637,887912
1107001,887912
1310016,887912
224565,887966
653952,887966
107,887971
1305,887971
1729,887971
1399266,887971
2029,888507
227958,888507
234,888693
1763,888693
299028,888693
1455681,888693
111,889134
4906,889134
5491,889134
811242,889134
98,889573
156,889573
867,889573
933940,889573
334,889588
706,889588
1667,889588
593664,889588
140,889671
260,889671
1133,889671
617394,890883
899476,890883
129,891527
602,891527
658,891527
671567,891527
3817,891592
5098,891592
568180,891592
792,892096
2016345,892096
566,892255
1125,892255
1209966,892255
603,892318
213482,892318
305558,892318
1086543,892318
56,892391
65274,892391
514,892392
1092,892392
598,892767
4286,892767
955471,892767
1086384,892767
124930,892769
2395586,892769
702,892782
170306,892782
736622,892782
933988,892782
104,892791
139,892791
196,892791
552,892791
599,893322
761587,893322
1026,893346
1760,893346
1151,893356
315288,893356
202,893402
384060,893402
1200692,893402
444621,893406
582462,893406
1617,893411
390285,893411
543215,893411
926439,893411
4741,893412
65493,893412
891786,893412
97,893509
612,893509
651441,893509
891275,893509
268,896031
1599,896031
262635,896031
397171,896031
25745,896529
165101,896529
781913,896534
2057036,896534
168,896798
438,896798
350079,896798
578949,896798
603,896872
657,896872
899,896872
1838,896872
164,896923
1250,896923
324409,896957
893941,896957
103038,897347
502458,897347
912396,897347
1560201,897347
566,897361
568180,897361
234,898367
380,898367
1557,898367
2240346,898367
98,899106
1173,899106
2253,899106
283945,899106
463,899128
134072,899128
1543,899138
671032,899138
714310,899138
1080974,899138
661,899143
1503480,899143
977,899145
59215,899145
469823,899145
477127,899145
4051,899154
202603,899154
339460,899154
915989,899154
721,899303
21835,899303
218,900387
931329,900387
1101713,900387
3053338,900387
298,901476
4266,901476
5028,901476
1034965,901476
4949,901481
470981,901481
528,901485
75710,901485
756203,901485
144,901504
299,901504
542759,901504
579,902247
5447,902247
630,902270
1670,902270
97842,902270
908919,902270
665,902279
701512,902279
579,902290
275244,902290
4286,902337
164809,902337
1128572,902337
2469953,902337
1524,902347
447290,902347
1291,902348
277975,902348
1018,903131
420937,903131
456186,903131
712908,903131
397,903606
1621,903606
5212,903624
35514,903624
293509,903624
785227,903624
7210,903627
215487,903627
842770,903627
268199,903636
331516,903636
131,903657
6969,903657
200452,903657
316079,903657
167649,904127
769157,904127
2400045,904127
5251,905357
719678,905357
954225,905357
4778,905367
85312,905367
915208,905367
249291,905372
647638,905372
935541,905372
279,905979
560,905979
1702,905979
942482,905979
495095,906108
948272,906108
1347153,906108
275,906727
134244,906727
524839,906727
372176,906734
693799,906734
1520,906773
5370,906773
256121,906773
246638,906777
673391,906777
442,906778
192377,906778
396924,906778
1725848,906783
2016723,906783
959,907678
5318,907678
106319,907678
808376,907678
5447,907680
89937,907680
862932,907680
1065454,907680
285913,909824
575184,909824
267506,910554
1483369,910554
1624,910885
241173,910885
334179,910885
570364,910885
169,910905
422,910905
5460,910905
765597,910905
2100,910911
500976,910911
5442,910915
933940,910915
170550,910936
290556,910936
736622,910936
1144419,910936
123785,910970
307531,910970
929609,910970
2264184,910970
997,910993
184392,910993
369,913354
401,913354
606,913354
1774,913413
5403,913413
447695,913413
667350,913413
1614,914362
786806,914362
597,914797
614,914797
1517976,914797
1708092,914797
667,914798
1670029,914798
457,914837
929489,914837
4999,914845
101005,914845
1223023,914845
168,914863
5251,914863
740535,914863
790688,914863
792,915473
4991,915473
2103,918520
469103,918520
708,918628
202810,918628
371824,918639
400998,918639
450,918927
658,918927
10736,918927
205626,918927
2907,918940
910607,918940
511892,920458
586568,920458
1892960,920460
2477527,920460
1461,920473
310865,920473
366,922354
1965,922354
514,922642
1540,922642
5068,922642
27164,923653
331577,923653
480971,923653
818454,923653
148,924129
171,924129
501,924129
836343,924129
1075,924151
842770,924151
342488,926084
631490,926084
705356,926084
914612,926084
811242,926129
2187603,926129
292182,926380
654110,926380
1126657,926380
100460,926762
774386,926762
2064,928188
5517,928188
407,928193
1007554,928193
1626,929238
343472,929238
457,929441
751085,929441
852965,929441
914455,929441
594898,929632
1745736,929632
313,932527
947,932527
77720,932661
344603,932661
1987,932669
63440,932669
177896,932669
510022,932669
367,934446
872,934446
101710,934446
126,934536
2558528,934536
2559337,934536
411857,934840
1659348,934840
173,935075
1173,935075
1848,935075
1886602,935075
463,936501
553,936501
650702,936501
1192254,936501
1709,937347
253035,937347
5093,937375
5148,937375
252961,937375
609,937391
1744,937391
225,938305
417,938305
121605,938305
925220,938305
293,938330
5251,938330
2564938,938330
3229685,938330
1744,938706
810488,938706
59215,939615
98378,939615
518,940580
124481,940580
1431940,940580
1201,940657
383603,940657
1411125,940657
171499,940782
491259,940782
17343,940789
1370408,940789
375,942385
1774,942385
85312,942385
434854,942385
4787,942891
207218,942891
209289,942891
2574487,942891
370478,942904
603413,942904
779072,942904
1589004,942904
657734,944101
728762,944101
916406,944101
1468061,944101
630,944835
1401,944835
252230,944835
229733,944958
237244,944958
467451,944958
831206,944958
1347,945321
450961,945321
267812,945513
350453,945513
942482,945513
1157358,945513
1367,945564
1732403,945564
100068,945580
903677,945580
204,947798
213,947798
5109,947798
168,947802
913488,947802
933940,947802
354,947810
1427,947810
620981,947810
406975,948470
451234,948470
1297015,948470
1940449,948470
295,948547
1602,948547
1845,948547
266824,948547
325611,949340
529432,949340
242,949731
491,949731
221046,949731
1496319,949731
142,949815
1765,949815
2018,950677
132660,950677
1314002,950677
1570766,950677
1800069,950677
1997480,950677
2718683,950677
209,950755
1734811,950755
473,951216
1101,951216
1451,951216
5017,951216
126,951335
526,951335
1072959,951335
1419440,951335
5134,952640
46559,952640
189144,952640
439739,952640
818166,952687
1208725,952687
322,953369
367,953369
102522,954945
194136,954945
729,954947
885,954947
4695,954947
5028,954947
339877,954981
1996829,954981
458,954990
4742,954990
829576,954990
128,955308
949,955308
1884,955308
532193,955308
225,955411
547,955411
1285,955411
1426,955411
152,956038
178,956038
5221,956038
205626,956038
1718,959306
5048,959306
1659348,959306
138,959337
701,959337
1166,960066
1598,960066
364583,960066
301,960098
1018,960098
786639,960098
1191,960144
1806,960144
4825,960144
841910,960144
528331,960721
571106,960721
1191,960731
1602,960731
5392,960731
514,960862
1016,960862
1557,961079
881631,961079
353,961108
1833,961108
5251,961108
5351,961108
1212,961728
4051,961728
507073,961728
649,961755
640344,961755
1227814,962726
1374980,962726
2369219,962733
2398507,962733
2546073,962733
1669,962736
79273,962736
1289434,962736
1670029,962736
167,963177
236,963177
2076,963177
396812,963177
90,963178
654110,963178
915208,963178
649,963194
891786,963194
6958,963794
39162,963794
540441,963794
1377561,963794
225,963965
4747,963965
891275,963965
115,963966
547,963966
1954240,963966
1252,964185
893941,964185
242,964517
288,964517
10736,964517
502425,964517
192,964539
893257,964539
922995,964539
1218757,964539
481,964586
554,964586
450961,964586
645683,964586
391,964587
2092886,964587
2605345,964587
1480,965369
733427,965369
857275,965369
1645304,965369
297,965375
800,965375
888727,965375
1036,965429
1594,965429
2029,965429
1634,965440
584777,965440
2556743,965440
2562387,965440
474,967945
134072,967945
531808,967945
177,968264
705,968264
564215,968264
929489,968264
751638,969292
908914,969292
75359,969348
1143816,969348
489,970179
1426,970179
1631269,970179
6820,970199
714561,970199
195,970411
429363,970411
1519680,970411
124,970416
206,970416
870,970416
1535523,970416
592,970452
1884,970452
700856,970452
531,970468
1354,970468
10736,970468
947,970522
4873,970522
134,970866
1774,970866
5562,970866
114,970926
1705,970926
852466,970926
170,971209
1872,971209
648249,971209
5403,972381
1050974,972381
3145788,972381
3148007,972381
496,972544
1598,972544
607185,972544
3912822,972544
87756,972552
1555340,972552
2568996,972552
2572913,972552
435260,972817
462735,972817
784171,972817
4051,972883
973177,972883
2057036,972883
89937,974005
1002664,974005
124,974014
79273,974014
255,974015
597388,974015
2933757,974015
3009232,974015
454,974554
1426,974554
4851,974554
165101,974554
274,974584
407,974584
104,974613
553,974613
1473,974613
304801,974613
5182,974661
1374980,974661
643,974662
995,974662
164,975645
545,975645
396812,975645
424060,975645
180984,975720
644406,975720
949433,975720
245,976025
4887,976025
5177,976025
5565,976025
5016,976036
732497,976036
1168813,976036
1789106,976036
80049,976039
195982,976039
246044,976039
857252,976039
2569692,976039
2573163,976039
2574317,976039
1262,976040
21835,976040
734558,976040
822155,976040
146,976051
701,976051
4486,976051
1227814,976222
1425528,976222
2187603,976222
237,976238
245,976238
593,976238
1293,976238
160,976246
352,976246
1025,976246
629855,976246
190,976247
437,976247
421,977214
501,977214
5342,977214
281107,977214
874,977639
32741,977639
576,977855
915208,977855
546,978670
454236,978670
488477,978670
907134,978670
1574,978759
502425,978759
450,978762
1057,978762
51509,978762
402032,978762
115161,978764
180411,978764
540441,978764
1227814,978764
21835,978800
376716,978800
227,981042
1608,981042
369513,981042
209,981072
671567,981072
1046097,981072
148418,981227
993507,981227
1683094,981227
1969169,981227
4735,982914
818166,982914
68260,983193
185819,983193
670408,983193
785227,983193
1642,983909
247720,983909
167649,983946
234668,983946
740264,983946
191,984200
532193,984200
931329,984200
227,984210
459,984210
1127,984210
5522,984210
609,985047
788370,985047
496,985058
1252,985058
1424,985058
1745,985058
477,985593
1287,985593
134,985694
4695,985694
495,985695
671,985695
1159180,985695
110,985699
129,985699
396924,985699
631490,985699
246,986263
609,986263
593664,986263
683253,986263
179,988045
375,988045
835016,988045
1046097,988045
332,988047
1602,988047
192505,988083
913587,988083
1722914,988083
2167502,988083
1337,988595
5188,988595
15196,988595
450116,988595
526859,989000
570165,989000
1058940,989000
1337074,989000
1794,989757
420955,989757
1086543,989757
1475594,989757
491259,990361
500976,990361
951520,990361
139,990407
736622,990407
910607,990407
341,991163
377,991163
603413,991174
719637,991174
957909,991174
1316767,991174
1445,993753
464255,993753
887226,993753
929,993841
608405,993841
1041023,993841
949,993842
51509,993842
1519680,993842
138,993846
190,993846
1706767,993846
3053338,993846
495,995039
1427,995039
1994167,995039
66144,995060
622544,995060
1208,995845
1709,995845
604742,995845
554,995851
1584,995851
1602,995851
352,995868
763928,995868
1546300,995868
4816,996363
709204,996363
102744,996389
102751,996389
338,996396
1075,996396
557859,996605
756203,996605
7814,996932
959113,996932
1836,996934
5406,996934
201669,996956
874556,996956
1245,996982
631877,996982
1384769,996982
616,997038
1108,997038
202966,997038
507212,997038
1454,997047
712368,997047
1987,997053
33505,997053
136482,997053
1370064,997053
457,997057
6958,997057
633223,997057
641354,997057
465,997060
442207,997060
1845,997152
4778,997152
1192254,997152
1544217,997152
379072,997280
543547,997280
564,999872
1315,999872
1051,999898
1627,999898
249,999913
2907,999913
5188,999913
98378,999913
4747,999986
511349,999986
326,1000774
572,1000774
633223,1000774
98,1001508
124,1001508
329481,1001508
93,1001526
2071,1001526
275486,1001526
1706767,1001526
1746,1001534
51482,1001534
639,1001540
719,1001540
730168,1001540
1629,1002561
671032,1002561
420,1002966
606,1002966
643740,1003009
1172285,1003009
746125,1003010
2104193,1003010
321,1003034
614165,1003034
1051,1003116
1926,1003116
1101,1007018
1765,1007018
5460,1007018
5493,1007018
6969,1007028
66144,1007028
732497,1007028
736622,1007028
658,1007029
980,1007029
270,1007032
1235,1007032
342029,1007032
865302,1007032
111,1007950
257,1007950
515,1007950
352,1008010
954225,1008010
454,1008017
583856,1008017
616,1009019
511349,1009019
21835,1010020
408284,1010020
893247,1010020
553269,1010027
838059,1010027
171,1012729
809049,1012729
899681,1012729
818,1012757
223499,1012757
619651,1012757
2061444,1012757
741,1012804
252230,1012804
607865,1012804
708,1013651
745,1013651
835722,1013651
155,1013716
652663,1013716
129,1013743
139,1013743
3244,1013743
765597,1013743
108287,1013752
908094,1013752
576,1013753
982,1013753
386472,1013753
526019,1013753
4875,1013860
403134,1013860
746125,1013860
1715194,1013860
136,1014759
307,1014759
4266,1014759
1985859,1014759
198,1014763
362766,1014763
636426,1014763
5162,1014766
913460,1014766
1567,1014774
1644,1014774
106,1014775
5305,1014775
520064,1014775
940158,1014806
2225369,1014806
454236,1014808
541902,1014808
817027,1014808
1677477,1014808
99,1015470
947,1015470
301,1015474
256297,1015474
1744979,1015474
174,1015976
2057,1015976
1442928,1015976
401,1017430
5519,1017430
5520,1017430
604742,1017430
266824,1017451
788335,1017451
829576,1017451
1631,1017460
4778,1017460
152035,1017460
1682412,1017460
159776,1017464
582462,1017464
608405,1017464
113,1018765
671,1018765
21835,1018765
1107001,1018765
88127,1018785
515116,1018785
848554,1018785
1065229,1018785
246,1018818
1650,1018818
59215,1018818
1107127,1018818
1590,1018830
400606,1018830
503627,1018830
454236,1019452
577329,1019452
836121,1019452
3102689,1019452
418,1020055
1872,1020055
5447,1020055
619,1020072
5501,1020072
654648,1020072
717709,1020530
1055413,1020530
1925239,1020530
922035,1020558
1055413,1020558
722629,1020559
1465580,1020559
1524,1020885
1769728,1020885
65007,1020951
378855,1020951
34309,1022603
221046,1022603
330687,1022603
1631269,1022603
267511,1023111
1544217,1023111
1720028,1023111
438,1023114
268199,1023114
836343,1023114
291,1023342
5389,1023342
514,1023344
5169,1023344
77720,1023344
243233,1023346
502425,1023346
164929,1023500
245705,1023500
884313,1023505
1162399,1023505
1644,1024255
1670,1024255
731075,1024255
1943692,1024255
255,1024648
273,1024648
422,1024648
186505,1024648
1378,1024715
5377,1024715
531808,1024715
232,1024733
686,1024733
5273,1024733
265492,1024855
602941,1024855
40939,1024903
951520,1024903
226,1025100
654110,1025100
935541,1025100
938950,1025100
140,1027718
982,1027718
479471,1027718
1659547,1027718
297,1027747
299,1027747
806002,1027747
1065664,1027747
579,1027760
1347,1027760
126,1027862
1288,1027862
1745736,1027862
1816,1027873
20717,1027873
675730,1027873
621,1028528
206257,1028528
152,1028532
260,1028532
178,1028576
518,1028576
553269,1028576
708,1028581
5442,1028581
5561,1029120
56770,1029120
520064,1029120
593664,1029120
4936,1029134
329481,1029134
334179,1029134
322,1029241
1722,1029241
237838,1029241
2855694,1029241
5377,1029360
1679669,1029360
479527,1031224
1060641,1031224
1749,1031241
1758,1031241
2546,1031243
1166528,1031243
182455,1031280
924154,1031280
1489978,1031280
1889973,1031280
1703,1031291
1970,1031291
775,1031969
933988,1031969
1265802,1031969
2061362,1031969
1691,1032751
98378,1032751
396812,1032751
124930,1032755
252961,1032755
628601,1032755
929489,1032755
215,1032817
25483,1032817
947338,1032817
501,1032819
1845,1032819
4754,1032819
204,1032825
1435,1032825
2253071,1032825
123,1033575
940362,1033575
139,1033643
5110,1033643
1117791,1033643
1128572,1033643
363699,1034010
671032,1034010
2002649,1034010
5520,1034032
124930,1034032
355910,1034032
524839,1034032
207,1034090
268,1034090
498,1034090
2513581,1034090
5466,1034302
175916,1034302
630,1034303
68260,1034303
185819,1034303
407,1034320
430,1034320
305083,1034320
995,1034324
1303,1034324
4770,1034324
5420,1034324
597,1034325
5031,1034325
165101,1034325
1102577,1034325
134,1034331
199,1034331
1303,1034331
1265067,1034331
661,1034389
68260,1034389
1475594,1034389
842770,1034415
1631269,1034415
2100,1035736
5273,1035736
851582,1035736
4736,1037090
1269983,1037090
185819,1037218
931404,1037218
1002662,1037218
1073992,1037218
542,1037222
167649,1037222
251678,1037222
2052567,1037222
198,1037705
243,1037705
5109,1037705
4747,1038011
1291974,1038011
305558,1038043
931329,1038043
100889,1038680
452288,1038680
598,1038686
1165,1038686
79273,1038686
85407,1038686
144,1038693
247720,1038693
1086384,1038693
335300,1038902
2253666,1038902
627,1038915
4051,1038915
98,1038919
124930,1038919
1970,1039613
462407,1039613
54214,1039652
319843,1039652
421,1041753
639,1041753
286,1041778
5272,1041778
712908,1041778
735226,1041778
113,1041829
5351,1041829
5460,1041829
670,1042497
4993,1042497
4778,1042877
461498,1042877
942482,1042877
12078,1043726
1553725,1043726
499,1043787
1127,1043787
174,1043838
170550,1043838
418,1043845
435,1043845
1926,1043845
65878,1043845
4928491,1043845
4929326,1043845
4929774,1043845
134,1045658
177896,1045658
2225369,1045658
120,1045772
191,1045772
5182,1045772
763928,1045772
1624,1045778
85312,1045778
148418,1045778
1312575,1045778
285,1046163
4755,1046163
5028,1046163
176981,1046163
59215,1046171
947338,1046171
1416900,1046171
598,1046173
15382,1046173
1475594,1046173
1828,1046936
544611,1046936
163,1046947
668,1046947
834,1046947
40586,1046947
569226,1046957
621943,1046957
925916,1046957
1256532,1046957
1013003,1046997
1035682,1046997
603,1047011
654,1047011
1172,1047011
2605345,1047011
1367,1047445
1411,1047445
530,1047449
1127,1047449
85400,1047450
123632,1047450
291,1047494
1347153,1047494
345,1047540
541,1047540
673,1047540
779866,1047540
421,1047832
1165044,1047832
1963091,1047832
451600,1049405
582462,1049405
977,1049406
8813,1049406
799,1049413
1626,1049413
102751,1049948
209801,1049948
493521,1049948
953197,1049948
514,1051253
5078,1051253
1445,1051340
1780,1051340
85312,1051904
3843467,1051904
5253,1051906
388038,1051906
179,1053424
630,1053424
1845,1053424
92,1053810
188,1053810
5562,1053810
85312,1053810
284,1053880
546,1053880
11882,1053880
89485,1053880
113,1054118
947,1054118
257,1054588
1427,1054588
334179,1054588
1626,1054606
5132,1054606
1940449,1054606
1337,1055292
241049,1055292
524197,1055292
141682,1055363
228678,1055363
241049,1055369
479471,1055369
879085,1055369
1083271,1055369
25483,1056036
89456,1056036
528,1056220
288271,1056220
151,1057500
354,1057500
450961,1057500
397110,1057505
1052141,1057505
682071,1057581
1500155,1057581
4950,1058017
127373,1058017
1706767,1058017
1082,1058743
316079,1058743
1325419,1058743
1625,1059317
911320,1059317
4821,1059786
206257,1059786
479471,1059786
1157358,1059786
949,1059798
915989,1059798
995,1059925
1963091,1059925
324409,1060243
865950,1060243
135221,1060277
1036181,1060277
1140300,1060277
92,1062964
1385,1062964
1402,1062964
1589,1062964
86205,1063111
1517976,1063111
94789,1064977
283997,1064977
99,1065073
160,1065073
928134,1065124
1166041,1065124
1946193,1065124
643740,1065290
889926,1065290
397212,1066327
901926,1066327
120,1067106
147,1067106
198,1067106
884313,1067106
702,1067583
773973,1067583
910607,1067583
1500155,1067583
131,1067765
1458,1067765
731075,1067765
1404239,1067765
1015262,1067774
1411125,1067774
1556320,1067774
510,1068242
598,1068242
1552693,1068242
234,1068641
677,1068641
179173,1068641
218,1068649
959113,1068649
1264,1068678
6958,1068678
159776,1068678
120,1068680
177896,1068680
221046,1068680
383422,1068680
580,1070781
5006,1070781
340973,1070781
1251,1070887
907548,1070887
1492,1071812
339304,1071812
1100,1071832
1714,1071832
115,1071875
1354,1071875
252961,1071875
4993,1072438
5370,1072438
437283,1072438
545,1072748
164809,1072748
3512758,1072748
498,1072754
679,1072754
1248373,1072754
291,1073241
295,1073241
369,1073241
267812,1073241
5095,1073246
5535,1073246
487594,1073246
899,1073624
956956,1073624
759898,1073660
1249052,1073660
75650,1073671
863816,1073671
481,1074191
4912,1074191
313534,1074191
741,1074214
57363,1074214
849,1074638
1132,1074638
185819,1074638
365140,1074638
521,1075113
899,1075113
627245,1075113
1303,1075417
1455681,1075417
518,1075747
982,1075747
1055413,1075747
1083271,1075747
982,1077258
5420,1077258
135585,1077258
136,1077368
201,1077368
307,1077368
1200692,1077368
611932,1078188
1140345,1078188
1940449,1078188
139,1078588
285,1078588
721,1078600
317725,1078600
526019,1078600
529813,1078600
279,1078912
1774,1078912
5562,1078912
10736,1078912
681,1078940
867,1078940
15196,1078940
269463,1078940
502,1079968
1225406,1079968
1442940,1079968
1631269,1079968
388933,1079974
1036340,1079974
302,1079980
1305,1079980
524197,1079980
1072555,1079980
491,1080016
1459,1080016
5380,1080016
1148186,1080016
144812,1082007
320969,1082007
1249052,1082007
177,1082009
94789,1082009
1218,1082577
1592,1082577
5227,1082599
5416,1082599
12078,1082599
5024,1082601
350079,1082601
1475594,1082601
1282,1082807
1525,1082807
98,1082853
437,1082853
1872,1082853
553269,1082853
463,1082886
1426,1082886
1880888,1082886
647638,1083456
801356,1083456
1434,1084697
229422,1084697
700,1084950
4266,1084950
1659221,1084950
1679669,1084950
337,1084955
189200,1084955
5078,1085382
898634,1085382
131,1085492
246,1085492
574,1085492
2057726,1085492
206,1086064
1102891,1086064
330687,1086216
1211488,1086216
1880888,1086216
106,1086772
1191,1086772
1083,1086797
1872,1086797
444786,1086797
438,1087524
1496,1087524
378245,1087524
725,1087527
973,1087527
277213,1087527
1157358,1087527
1641,1087832
579828,1087832
953816,1087832
1911350,1087832
201669,1087851
1326732,1087851
245705,1090646
528462,1090646
1736,1090674
1736769,1090674
1664,1090695
180984,1090695
114430,1090749
123632,1090749
242,1091191
4936,1091191
386472,1091191
2018237,1091191
5351,1091722
251986,1091722
829576,1091722
1084,1091751
1551130,1091751
474,1091821
1315,1091821
1426,1091821
1705,1091821
5134,1091821
276,1091863
5315,1091863
32696,1091863
298168,1092018
633387,1092018
708784,1092018
1058940,1092018
296545,1092026
670408,1092026
736622,1092026
609,1092633
981,1092633
5315,1092633
462712,1092633
84,1092634
131,1092634
334,1092634
1556,1092634
110507,1093352
529813,1093352
933727,1093352
386472,1093357
1540404,1093357
1880888,1093357
349,1093908
199215,1093908
279545,1093908
1269983,1093908
1457,1094206
732309,1094206
90469,1094285
211281,1094285
643,1094296
1434,1094296
629697,1094296
20309,1094597
301381,1094597
58581,1094668
101710,1094668
491259,1094668
200452,1095001
206257,1095001
365140,1095001
1086384,1095001
250,1095174
1065,1095174
799777,1095174
115,1095217
174,1095217
578949,1095217
117709,1095432
324409,1095432
327,1096986
1025,1096986
5569,1096986
1794,1096991
307726,1096991
80049,1097013
258402,1097013
265668,1097013
365445,1097013
1426,1097643
836343,1097643
954225,1097643
334,1098327
2536,1098327
154226,1098327
145,1099209
618,1099209
626259,1099209
121605,1099212
829576,1099212
1500155,1099212
171499,1100048
220976,1100048
299,1100051
725434,1100051
1275259,1100051
1289173,1100051
603,1100089
136797,1100089
749263,1100089
1475594,1100089
652,1100119
993507,1100119
566,1100898
1638,1100898
3244,1100898
633,1103153
1337,1103153
1573,1103153
5110,1103153
194572,1103192
893941,1103192
28846,1103221
1312575,1103221
89485,1103256
388038,1103256
922342,1103256
85400,1103273
355910,1103273
798971,1103273
933988,1103273
569,1103275
1618,1103275
5416,1103275
310,1104001
313,1104001
1312575,1104001
1330560,1104001
59215,1104006
1080974,1104006
2076,1104126
304092,1104126
223,1104733
1416,1104733
176869,1104733
1928515,1104733
5045,1104806
817807,1104806
131811,1104814
853079,1104814
5134,1105355
1122026,1105355
256599,1105512
752407,1105512
788335,1105512
461,1105740
716490,1105740
293,1106860
1165110,1106860
170,1107319
1017334,1107319
4778,1107816
583951,1107816
665235,1107816
782561,1107816
299,1107948
542,1107948
340408,1107948
21495,1109469
449652,1109469
2781737,1109469
2376,1109473
62471,1109473
788940,1109473
925293,1109473
164809,1109477
252961,1109477
891895,1109477
4875,1109574
5466,1109574
313534,1109574
1092086,1109574
1763,1109594
5044,1109594
980,1109624
1020089,1109624
663,1111235
956526,1111235
237,1111422
243,1111422
350079,1111422
412,1111918
501,1111918
800,1111918
5246,1111918
168,1111948
5170,1111948
495095,1111948
2012635,1111948
151,1112782
1233,1112782
424819,1112782
784884,1112782
4743,1113827
5318,1113827
1358,1114680
1985859,1114680
81449,1114710
452190,1114710
416673,1114740
1218757,1114740
1724323,1114740
2263115,1114740
309575,1116183
668271,1116183
817563,1116183
1172256,1116183
271,1117385
1151,1117385
459,1119191
1721,1119191
134244,1119191
245112,1119191
58581,1119646
177896,1119646
302108,1119646
1159180,1119646
200,1120899
1450,1120899
532298,1120899
715643,1120899
2826128,1120899
2831661,1120899
331516,1120985
931329,1120985
194,1121096
313,1121096
2539953,1121096
1334,1121786
4735,1121786
187724,1121786
4286,1121931
5442,1121931
5458,1121931
948267,1121931
906,1121977
913488,1121977
915208,1121977
609,1121986
744,1121986
1698,1121986
1505,1122765
641097,1122765
388933,1122775
501210,1122775
893247,1122775
123,1124035
450,1124035
316079,1124035
331516,1124035
190,1124037
5392,1124037
991810,1124037
1813221,1124037
596,1124039
609,1124039
122653,1124039
922342,1124039
1084,1124060
80049,1124060
291,1124061
4740,1124061
14977,1124061
114,1124377
117709,1124377
620,1125849
673,1125849
546797,1125849
939697,1125849
44430,1125914
537642,1125914
153,1125929
545,1125929
582,1125929
673824,1125929
10736,1126590
396812,1126590
910607,1126590
1269983,1126590
333,1126591
4694,1126591
148,1126618
473,1126618
1046097,1126618
517844,1127180
519043,1127180
48932,1127221
217716,1127221
891895,1127221
1631269,1127221
11038,1127227
608012,1127227
656929,1127227
2814595,1127227
1833,1127877
316079,1127877
295,1127881
15382,1127881
1813221,1127881
5072010,1127881
1075,1127886
4936,1127886
4755,1129381
5321,1129381
519456,1129381
1117791,1129381
745193,1129396
769157,1129396
924154,1129396
935395,1129396
308,1129404
1453,1129404
575198,1129404
131647,1129423
2814621,1129423
2848533,1129423
2848787,1129423
834,1129427
4753,1129427
4965,1129427
701512,1129427
5458,1129442
75710,1129442
460694,1129442
3130063,1129442
152,1129445
191,1129445
1172,1129445
5476,1129445
354,1130080
355024,1130080
652663,1130080
622,1130087
2057036,1130087
138,1130884
1426,1130884
607865,1130884
749263,1130884
510,1130964
1644,1130964
4632,1130964
581365,1130964
1218,1130969
835001,1130969
514,1130983
640,1130983
364963,1130983
112374,1131593
161443,1131593
7688306,1131593
10346332,1131593
401264,1131724
914113,1131724
1954240,1131724
1212,1131727
5095,1131727
1169819,1131727
836,1131728
488953,1131728
450,1131729
296545,1131729
352905,1131729
631490,1131729
111013,1131734
1083271,1131734
1086543,1131734
2215447,1131734
461,1131742
874,1131742
609,1131747
1107,1131747
933098,1131747
4965,1132193
5420,1132193
700577,1132193
131,1132285
1316767,1132285
1358539,1132285
374,1132438
751638,1132438
246,1132449
681,1132449
1876,1132449
356017,1132449
256890,1132620
297083,1132620
636426,1132620
638824,1132620
1698,1133511
784884,1133511
908914,1133511
847439,1133936
945322,1133936
5351,1133985
515116,1133985
765597,1133985
835016,1133985
160,1133991
1605,1133991
749263,1133991
212,1133993
459,1133993
68338,1133993
519043,1133993
213,1134629
273,1134629
705,1134629
96,1134664
1287,1134664
396812,1134664
177,1134673
658,1134673
99828,1134801
343082,1134801
369,1135084
159789,1135084
1013003,1135084
1133,1135085
1696,1135085
682071,1135085
207218,1135092
220976,1135092
4051,1135095
372176,1135095
524197,1135095
210,1135487
316079,1135487
654110,1135487
929489,1135487
658,1135503
1804,1135503
10736,1135503
582149,1135503
3817,1135525
373571,1135525
374,1135938
624510,1135938
483,1135952
1376,1135952
207218,1135952
554,1135968
562,1135968
564,1135968
101,1135977
595110,1135977
626168,1135977
1844866,1135977
5188,1135985
241173,1135985
958430,1135985
1468739,1135985
223,1137450
246,1137450
352,1137450
350,1137470
4754,1137470
187,1138006
1051,1138006
201,1138489
870,1138489
5110,1138489
4735,1139282
358316,1139282
524197,1139282
112,1139328
191,1139328
931404,1139328
1256532,1139328
112374,1139626
2403067,1139626
2790136,1139626
1075,1139662
740264,1139662
198,1139668
328709,1139668
951148,1139668
1544217,1139668
514,1139780
167649,1139780
524528,1139800
954704,1139800
482536,1139806
500976,1139806
114430,1141702
1541272,1141702
474,1142433
993,1142433
88127,1142433
1472917,1142433
870,1142798
5125,1142798
5569,1142798
241870,1142798
700443,1142800
1035682,1142800
1347153,1142800
1324,1142804
1833,1142804
213,1142977
1445,1142977
1573,1142977
1737,1142977
1337,1142988
124930,1142988
570819,1143110
648249,1143110
1160472,1143110
1725848,1143110
58581,1143896
251986,1143896
310966,1143896
924684,1144546
929609,1144546
155,1144804
230,1144804
612,1144804
1287,1144815
1346,1144815
189200,1144815
740535,1144815
599,1147681
1032567,1147681
75359,1147682
609845,1147682
421,1147687
579,1147687
543383,1147687
374,1148200
202966,1148200
1223023,1148200
1634,1148204
267812,1148204
765597,1148204
2265157,1148204
649,1148205
1235,1148205
1505,1148205
1744,1148205
1653,1149592
320762,1149592
656768,1149592
1917,1150938
102744,1150938
643740,1150938
995,1150947
1445,1150947
4395,1150947
6969,1150947
1570,1151359
5392,1151359
488953,1151410
1913734,1151410
430,1151911
1166,1151911
491,1151915
547,1151915
5226,1151915
135585,1151915
304092,1152270
2057859,1152270
1599,1152397
5569,1152397
625789,1152397
2718512,1152397
1581,1152398
1227814,1152398
1641117,1152398
136,1152836
288,1152836
164809,1152836
452,1153043
1137,1153043
1283,1153043
180984,1153053
935921,1153053
708,1153106
100889,1153106
781913,1153106
1698,1153543
244630,1153543
542759,1153543
671032,1153543
196,1153696
215,1153696
553,1153696
915458,1153706
2104193,1153706
429069,1155056
748620,1155056
781981,1155056
1901220,1155056
463,1155060
1254,1155060
329,1155076
378245,1155076
1535523,1155076
377,1156067
1100,1156067
1136,1156067
336701,1156067
44535,1156143
222922,1156143
2100,1156170
954704,1156170
437,1156398
251986,1156398
1297015,1156398
619,1156512
470981,1156512
354,1156524
673,1156524
982,1156524
1557,1156524
131,1158939
386472,1158939
211,1159721
526,1159721
893257,1159721
1527,1159922
428065,1159922
3584268,1159922
2076,1159926
487884,1159926
1399243,1159926
3025065,1159926
44535,1160027
201669,1160027
318821,1160368
1078479,1160368
597388,1160419
3154303,1160419
200,1160996
401,1160996
954225,1160996
364583,1161064
740264,1161064
923529,1161064
364583,1161404
608405,1161404
29400,1161418
1318596,1161418
164,1161864
1354,1161864
849,1164999
3127008,1164999
3159825,1164999
3904817,1164999
606,1167638
201669,1167638
283997,1167638
454,1168773
857252,1168773
1616,1169273
1356528,1169273
5212,1170358
35514,1170358
293509,1170358
832792,1170358
299028,1170391
420279,1170391
444291,1170391
933959,1170391
350350,1170398
487884,1170398
4875,1171222
1745736,1171222
608,1171226
1638341,1171226
3057022,1171226
3057732,1171226
177933,1172049
350453,1172049
915208,1172049
367,1172230
782,1172230
106,1172233
680983,1172233
1325419,1172233
3080981,1172233
144,1172587
502,1172587
169,1172991
255,1172991
177933,1172991
1862,1172994
2439994,1172994
1372,1172998
1845,1172998
913460,1172998
202,1173687
15196,1173687
2018237,1173687
412,1174730
523,1174730
607865,1174730
547,1174732
765597,1174732
931404,1174732
1659547,1174732
761587,1174739
854580,1174739
982,1175491
4988,1175491
6969,1175491
344435,1175491
132,1175506
1374980,1175506
1443740,1175506
1605114,1175506
379,1175709
1449,1175709
331516,1175709
1143816,1175709
337,1175713
551,1175713
204706,1175713
1302735,1175713
670,1176161
1759,1176161
422,1176251
799,1176251
200452,1176251
221046,1176251
5261,1176724
339159,1176724
992694,1176724
1036181,1176724
5049,1176740
748973,1176740
1024677,1176740
111845,1178663
147147,1178663
202970,1178663
939697,1178663
560,1178665
602,1178665
668,1178665
5460,1178665
500976,1179025
2864046,1179025
467,1179031
1731,1179031
5416,1179031
355910,1179031
237,1179034
1667,1179034
355097,1179056
973177,1179056
1556320,1179056
1913734,1179056
194,1179069
1667,1179069
175814,1179069
218810,1179069
201,1179258
870,1179258
1670029,1179258
146536,1179794
733812,1179794
973652,1179794
1516976,1179794
422,1179933
935541,1179933
222922,1180346
320762,1180346
603402,1180346
293,1181791
396924,1181791
193,1181795
437,1181795
1326,1181795
1374680,1181795
228,1182345
5377,1182345
164,1182350
982,1182350
428121,1182350
915208,1182350
12078,1182921
407296,1182921
1461,1182924
863816,1182924
140,1183251
582462,1183251
601376,1183251
848554,1183251
1017334,1183665
1200692,1183665
1782299,1183665
667,1183911
1721,1183911
406975,1183911
4395,1183921
799777,1183921
811242,1183921
1372713,1183921
1254,1183923
502425,1183923
829576,1183923
612,1185242
5447,1185242
205127,1185242
141931,1185264
226820,1185264
1608,1185344
1140345,1185344
104,1185353
134,1185353
353,1185353
728,1185353
7814,1185353
68260,1185353
217,1185371
233,1185371
452860,1185376
530365,1185376
362,1185416
1378,1185416
68338,1185416
241049,1185416
102,1185431
250,1185431
503567,1185431
1251,1185836
1388,1185836
126284,1185836
199215,1185836
1194,1185838
1218924,1185838
529813,1186357
914455,1186357
162,1186370
5110,1186370
1659221,1186370
1760272,1186370
1223,1186788
1287,1186788
5278,1186788
179173,1186788
1838,1186830
1209966,1186830
1540404,1186830
1099,1187041
334179,1187041
1086384,1187041
1880888,1187041
1424,1187047
1709,1187047
215,1188113
524197,1188113
614165,1188113
680983,1188113
598,1188729
4936,1188729
1544217,1188729
1036,1188994
545899,1188994
104,1189073
25745,1189073
190,1189340
202,1189340
513,1189340
673,1189340
1297986,1189361
1465580,1189361
131,1190080
1605,1190080
252230,1190080
628601,1190080
7814,1190858
790057,1190858
502,1192620
961,1192620
1021,1192620
136,1192628
279545,1192628
648249,1192628
123,1193138
867,1193138
267812,1193138
447695,1193138
250,1193507
480,1193507
1845,1193507
956526,1193507
279,1193627
14135,1193627
29460,1193627
147689,1193630
262521,1193630
1277,1194173
1570,1194173
1838,1194173
719637,1194173
872910,1194231
1249052,1194231
195,1194263
380,1194263
651,1194263
85407,1194263
228,1194417
1608,1194417
487254,1194610
1082477,1194610
695435,1195478
781981,1195478
1289434,1195478
1555340,1195478
374,1196124
448,1196124
244,1196134
501,1196134
675,1196134
741,1196134
1872,1196141
6713,1196141
2325393,1196141
532,1196338
961,1196338
2016345,1196338
275,1196340
551,1196340
1731,1196340
1208167,1196340
616,1196609
947,1196609
1709,1196948
479471,1196948
586568,1196948
939697,1196948
297,1197613
751638,1197613
538,1197624
4753,1197624
4937,1197624
124930,1197624
501,1197628
267506,1197628
671567,1197628
736622,1197628
902,1198075
973177,1198075
5123,1198138
5278,1198138
252961,1198138
461498,1198138
2536,1198156
5476,1198156
241049,1198156
24404,1198199
48414,1198199
367,1198385
222922,1198385
1543,1198408
5561,1198408
462712,1198408
275,1199503
302,1199503
959,1199503
1520,1199588
1586,1199588
640660,1199588
973,1200272
1050671,1200272
2988762,1200272
3221639,1200272
498,1200273
1520,1200273
924154,1200273
954253,1200273
177933,1200799
385644,1200799
1191,1201167
5182,1201167
51509,1201167
736622,1201167
342488,1201607
705356,1201607
914612,1201607
104,1202160
305558,1202160
225,1202222
421,1202222
786806,1202245
931656,1202245
5013,1202522
586565,1202522
899,1202541
269419,1202541
608405,1203517
865302,1203517
10736,1204342
177933,1204342
429069,1204342
781981,1204342
347,1204935
434,1204935
448,1204935
286,1204953
906,1204953
995,1204953
134,1204975
140,1204975
151,1204975
177,1204975
115671,1204979
608378,1204979
515,1205497
1381,1205497
1876,1205535
58581,1205535
110,1205537
126,1205537
461136,1205537
1517976,1205537
191412,1205558
515116,1205558
1631269,1205558
288,1206543
437,1206543
729,1206543
757855,1206543
800,1206881
5068,1206881
230,1206885
56770,1206885
673824,1206885
891895,1206885
1156,1208711
5286,1208711
698413,1208711
1555340,1208711
341737,1209377
578853,1209377
2998321,1209377
1287,1209378
177639,1209378
786136,1209378
1720028,1209378
740264,1210039
1676649,1210039
2480636,1210039
3014840,1210039
152,1210042
160,1210042
332,1210042
648,1210042
144,1210059
6958,1210059
217645,1210059
1192254,1210059
1084,1210071
258402,1210071
147,1210106
391,1210106
93,1210166
450,1210166
705,1210166
1706767,1210166
136,1210819
1209,1210819
929489,1210819
2309517,1210819
5231,1211353
541218,1211353
551441,1211353
252230,1211837
938950,1211837
1046097,1211837
1212722,1211837
5501,1211890
654648,1211890
1538675,1211890
216,1211956
230,1211956
352,1211956
1265067,1211956
308,1212022
514,1212022
451600,1212022
1016,1212023
908914,1212023
354,1212419
208426,1212419
397171,1212419
627245,1212419
402271,1212428
1092227,1212428
1500155,1212428
4043618,1212428
182,1212436
647638,1212436
1143861,1212436
1533927,1212436
310,1212442
800,1212442
1092,1212442
1744,1212442
1952,1212443
65493,1212443
1602,1212450
164809,1212450
362766,1212450
479471,1212450
663546,1212451
754512,1212451
1957978,1212451
2034147,1212451
4695,1212454
582149,1212454
459,1212909
891786,1212909
207,1213012
454,1213012
519043,1213012
659363,1213012
151419,1213641
164809,1213641
331516,1213641
667,1213648
268199,1213648
461136,1213648
293509,1213663
296545,1213663
670408,1213663
683253,1213663
1445,1213672
2309517,1213672
1184,1213825
5251,1213825
322,1213922
366,1213922
115,1214962
1602,1214962
674782,1214962
323,1216475
5562,1216475
607865,1216475
499,1216477
1735,1216477
5568,1216477
256890,1216487
636426,1216487
638824,1216487
1598,1216491
719637,1216491
1475,1216492
4395,1216492
10736,1216492
328828,1216492
544334,1216520
1200692,1216520
342,1216644
893,1216644
268199,1217070
717709,1217070
803397,1217070
891895,1217070
668,1217209
175262,1217209
531808,1217209
926165,1217213
1423955,1217213
115297,1217426
603413,1217426
642221,1217426
1310016,1217426
1999,1217575
136802,1217575
415066,1217575
1792091,1217575
458,1217616
1538,1217616
252230,1217616
835016,1217616
514,1217645
565569,1217645
134,1219289
177896,1219289
180411,1219289
417,1219336
95478,1219336
836343,1219342
915989,1219342
920992,1219342
1429,1219827
424060,1219827
1561982,1219827
193,1219828
205,1219828
289,1219828
1800,1219828
170,1220198
480,1220198
1599,1220198
836343,1220214
993242,1220214
1794,1220217
50156,1220217
1086384,1220217
235,1220220
378,1220220
381,1220220
792,1220627
724460,1220627
103038,1220628
194516,1220628
836176,1220628
3779765,1220628
202966,1220633
662519,1220633
724757,1220633
170,1220634
5123,1220634
167649,1220634
404,1220638
320514,1220638
206,1220888
1001,1220888
267812,1220888
339460,1220888
4839,1221131
182772,1221131
461498,1221131
1755945,1221131
276,1221207
189144,1221207
890232,1221207
922927,1221207
932,1221208
1745,1221208
551441,1221895
673563,1221895
729364,1221895
735226,1221895
581365,1222329
713389,1222329
364711,1222698
905157,1222698
913587,1222698
3009197,1222698
4753,1222817
206257,1222817
416673,1222817
421822,1222817
168,1223236
1772,1223236
254712,1224136
898634,1224136
836121,1224366
1710309,1224366
2087739,1224366
3009232,1224366
2076,1224378
810632,1224378
1128120,1224378
2478923,1224378
603090,1225293
785842,1225293
339877,1225302
716490,1225302
1103,1225698
1235,1225698
255,1225822
867,1225822
5109,1225822
1325419,1225822
5253,1226229
126284,1226229
1258970,1226229
1706767,1226229
112,1226232
215,1226232
1659547,1226232
450,1226240
686,1226240
1416,1226240
154,1226273
396812,1226273
545,1226753
1354,1226753
929489,1226753
941777,1226753
335,1226766
870,1226766
818055,1226766
4563869,1226766
1254,1226774
390903,1226774
5491,1226837
136797,1226837
6244013,1226837
4395,1227170
84385,1227170
183170,1227170
1569897,1227170
2183298,1227170
3022229,1227170
950,1227787
954704,1227787
327,1227931
775455,1227931
97842,1227932
362955,1227932
575198,1227932
1534700,1227932
332,1228705
375,1228705
569,1228705
620,1228705
300824,1228933
372176,1228933
1650,1228953
180984,1228953
652663,1228953
420955,1228987
1631269,1228987
2240346,1228987
129,1229238
670408,1229238
719637,1229238
1745736,1229238
775,1229340
2071,1229340
136797,1229340
748620,1229340
374,1229405
407,1229405
68260,1229822
1055413,1229822
1985859,1229822
546797,1230155
1998498,1230155
250,1230168
685,1230168
1427,1230168
893,1230204
5078,1230204
26364,1230204
140946,1230204
663,1230214
89456,1230214
1025,1230364
28846,1230364
555,1230372
725,1230372
792,1230372
579,1230380
1592,1230380
543383,1230380
1005514,1230380
5179,1230387
35060,1230387
189220,1230387
1507857,1230387
188,1230414
285,1230414
658,1230414
1024677,1230414
360,1230460
1075,1230460
2018,1230460
4730,1230460
852,1231273
959113,1231273
456186,1231287
1683094,1231287
5432,1231291
524839,1231291
1265067,1231291
5134,1231580
189144,1231580
519043,1231580
1157048,1231580
375,1231583
4937,1231583
302108,1231583
1157358,1231583
4753,1231586
479527,1231586
837177,1231586
1128572,1231586
131,1231587
241173,1231587
732497,1231587
1117791,1231587
215,1232200
1191,1232200
1015262,1232200
1676221,1232200
5438,1232824
155693,1232824
1084,1232829
488953,1232829
1475594,1232829
1706767,1232829
663546,1232838
1429380,1232838
457,1233192
545,1233192
2057859,1233192
353,1233219
1424,1233219
1721,1233219
788335,1233219
2076,1233301
4051,1233301
316079,1233301
700856,1233301
1185,1233332
182456,1233332
202966,1233332
609,1234546
383603,1234546
123,1234548
191,1234548
228,1234548
313,1234548
367,1234560
1911350,1234560
492,1234654
1774,1234654
406975,1234654
1165110,1234719
1242688,1234719
198,1234721
474,1234721
180411,1234721
184392,1234927
859921,1234927
147,1235124
356017,1235124
247579,1235154
387987,1235154
930226,1235154
1172,1235187
180411,1235187
1126657,1235187
391,1235189
342488,1235189
631490,1235189
1289434,1235189
4949,1235200
159776,1235200
5169,1235430
930053,1235430
128,1235522
242,1235522
1876,1235522
942482,1235522
213,1235807
276,1235807
5350,1237932
1010931,1237932
553,1238291
626362,1238291
1671512,1238291
3029799,1238291
20354,1238298
452288,1238298
741388,1238298
103038,1238304
180094,1238304
746125,1238304
2089320,1238304
4109,1238735
451600,1238735
6669,1238772
1782153,1238772
1967673,1238772
140,1238843
179,1238843
1401,1238843
623,1239242
1624,1239242
2215447,1239242
3994408,1239242
39162,1239374
56770,1239374
123632,1239374
1172285,1239374
867,1240538
4715,1240538
204,1240982
290556,1240982
1144419,1240982
2536,1241316
1472917,1241316
924154,1241317
1822659,1241317
3147751,1241317
458,1241329
1316767,1241329
1472917,1241329
1720028,1241329
1882152,1241330
2998321,1241330
335275,1242423
502425,1242423
604,1242460
842770,1242460
3009232,1242460
442,1242516
719,1242516
998941,1242516
1884,1242522
488477,1242522
182666,1242527
2171898,1242527
470981,1242543
864736,1242543
880167,1242543
2574445,1242543
6669,1242544
1223023,1242544
1305,1242548
728762,1242548
954225,1242548
301,1242618
5261,1242618
87109,1242618
89456,1242618
1560,1242785
320969,1242785
1698,1243946
4109,1243946
136,1243957
1401,1243957
79273,1243957
285,1243974
177896,1243974
1046097,1243974
1297015,1243974
499,1244588
708,1244588
1108,1244588
226813,1244658
2253071,1244658
148,1244659
409,1244659
5392,1244659
5377,1244754
5476,1244754
502425,1244754
290556,1245492
736622,1245492
1706767,1245492
151,1245526
246,1245526
545,1245526
571,1245526
308,1245534
530,1245534
1738,1245534
894690,1245534
88127,1247662
1034965,1247662
1148573,1247662
2187603,1247662
4778,1247667
4988,1247667
4965,1247683
420955,1247683
885840,1247683
177896,1247690
406975,1247690
429363,1247690
2225369,1247690
435,1247691
514,1247691
1586,1247691
228,1247692
916406,1247692
1099085,1247692
1551130,1247692
342488,1248971
626362,1248971
1347,1249311
2105,1249311
469103,1249311
56770,1249315
319843,1249315
115,1250777
1631269,1250777
275913,1251360
295506,1251360
112,1251743
124,1251743
673,1251743
1427,1251743
236,1251756
1036,1251756
1002664,1251756
610,1251757
1001,1251757
5561,1251757
532683,1251757
418,1252486
435,1252486
372176,1253863
1200692,1253863
457,1253864
620,1253864
1151,1253864
147147,1253864
670,1254696
1520,1254696
324233,1254978
552423,1254978
146,1255919
604,1255919
2071,1255919
356017,1255919
530365,1257569
635330,1257569
609,1258137
5048,1258137
665235,1258137
4873,1258154
5006,1258154
911320,1258154
229733,1258187
1074171,1258187
1313590,1258187
1480542,1258187
128,1258972
5154,1258972
1087183,1258972
77720,1258998
167850,1258998
367,1259014
208426,1259014
500976,1259014
404307,1259521
469823,1259521
1165110,1259521
124930,1259528
1032567,1259528
1265067,1259528
829576,1259571
1500155,1259571
1590,1259580
5576,1259580
514,1259786
5294,1259786
768334,1259786
852466,1259786
1763,1260365
5231,1260365
898546,1260365
1312575,1260365
1062,1260567
651441,1260567
418,1260594
161893,1260594
1725,1261050
134416,1261050
786639,1261420
808376,1261420
911933,1261420
1416900,1261420
326,1261945
572,1261945
633223,1261945
117,1262416
274,1262416
1423955,1262416
245,1262981
754512,1262981
1646177,1262981
2287455,1262981
456,1262990
644406,1262990
313,1263670
268199,1263670
350454,1263670
366,1263740
239816,1263740
546,1264115
1233,1264115
217645,1264115
1987,1264898
741388,1264898
239816,1264912
288271,1264912
236,1265617
249,1265617
1015262,1265990
1425528,1265990
1544217,1265990
218,1266029
861915,1266029
487884,1266037
951520,1266037
451234,1266545
1231899,1266545
457,1267297
1212,1267297
439,1268799
158626,1268799
652663,1268799
671980,1268799
135221,1268970
287898,1268970
948267,1268970
289,1268987
951148,1268987
1117791,1268987
1725848,1268987
129538,1269696
673563,1269696
1580957,1270120
1939627,1270120
712562,1270262
756203,1270262
1002641,1270262
496,1270277
1473,1270277
749263,1270277
1158,1270280
662599,1270280
514,1270296
998,1270296
674782,1270296
1602,1270761
5017,1270761
362766,1270797
931329,1270797
102,1270798
564215,1270798
1055413,1270798
2225369,1270798
364583,1270835
387987,1270835
865302,1270835
249291,1270850
593664,1270850
1494072,1272011
2691468,1272011
200,1272878
242,1272878
243,1272878
1745736,1272878
1001,1272886
1780,1272886
1017334,1272886
302,1273219
454,1273219
671,1273221
1720028,1273221
3772243,1273221
260224,1273241
287898,1273241
605080,1273241
1086384,1273241
329,1273678
5520,1273678
545,1274300
428065,1274300
1258970,1274300
338886,1274418
809793,1274418
115,1274586
1393,1274586
947338,1274586
449466,1274639
909768,1274639
246,1276104
200452,1276104
330687,1276104
1289434,1276104
114,1276105
227759,1276105
539082,1276105
798971,1276105
586568,1276419
2539953,1276419
215,1276962
1265067,1276962
441377,1277373
1670590,1277373
13037,1277737
1041023,1277737
586,1277953
1674,1277953
1710,1277953
1774,1277953
450,1278379
651159,1278379
678061,1278379
752407,1278379
242,1279935
136797,1279935
275486,1279935
378245,1279935
223,1281374
2006,1281374
502425,1281374
1584,1282024
299028,1282024
640323,1282024
321800,1282041
778831,1282041
286,1282083
374610,1282083
483,1282155
521,1282155
1518,1283887
683253,1283887
1512166,1283887
139,1284575
5493,1284575
700577,1284575
781981,1284575
315767,1284588
626259,1284588
565569,1285010
2230865,1285010
5493,1285016
251986,1285016
1913734,1285016
1940449,1285016
767,1285240
1594,1285240
141,1285309
193,1285309
1720028,1285309
267511,1286147
1047329,1286147
1038,1286753
134072,1286753
1263939,1286753
2053085,1286753
254,1286809
687914,1286809
541,1287468
563,1287468
5188,1287468
1442113,1287468
185,1288403
241,1288403
1086384,1288558
1140300,1288558
2057036,1288558
3994408,1288558
2073,1288607
1176985,1288607
50156,1288636
339304,1288636
740264,1288636
428656,1289401
565250,1289401
1325419,1289401
323,1289406
607865,1289406
174,1289437
616,1289437
800,1289437
275,1290138
519043,1290138
788335,1290138
1782299,1290138
535502,1290140
717709,1290140
1085051,1290140
1787,1290393
5251,1290393
891786,1290393
1917,1290414
378855,1290414
1209,1291150
4715,1291150
1083271,1291150
326,1291549
1133,1291549
151419,1291566
503567,1291566
1102577,1291566
1157358,1291566
164,1291570
180411,1291570
268199,1291570
604742,1291570
2137,1291571
164540,1291571
140,1291580
354,1291580
836,1291580
560,1291584
249291,1291584
362766,1291584
607185,1291584
5182,1292566
424848,1292566
1555340,1292566
2313103,1292566
5377,1293842
731075,1293842
1117791,1293842
1986960,1293842
144,1294136
510,1294136
1844,1294136
289,1294212
2093766,1294212
140,1294213
215,1294213
362,1294213
251986,1294213
1427,1294226
1415323,1294226
1544100,1294226
2955013,1294226
461136,1294688
578949,1294688
941777,1294688
245,1294970
5109,1294970
227759,1294970
502425,1294970
1235,1296352
908914,1296352
1439,1296881
195439,1296881
1782153,1296881
1100,1296898
420955,1296898
1758,1296899
83795,1296899
318821,1296899
5458,1297919
175916,1297919
318821,1297919
192963,1297924
390285,1297924
123261,1297938
179224,1297938
197647,1297938
1843026,1297938
227,1298594
5095,1298594
922342,1298594
4266,1298644
625789,1298644
2313103,1298644
681,1298649
1082,1298649
1774,1298649
1706767,1298649
136,1298650
1691,1298650
4851,1298650
514,1298716
1016,1298716
397212,1300155
2773059,1300155
1218,1300851
4286,1300851
5342,1300851
175262,1300851
332,1300854
375,1300854
569,1300854
1602,1300854
166,1301990
630,1301990
1303,1301990
3009232,1301990
5162,1302001
343325,1302001
134,1302006
199,1302006
1593,1302006
98,1302010
849,1302010
84247,1302010
138620,1302010
163,1302011
329,1302011
1401,1302011
85312,1302011
616,1302066
1218,1302066
101,1302067
5493,1302067
267506,1302067
767,1303230
1250,1303230
1530,1303680
184392,1303680
301381,1303680
437,1303828
480,1303828
644897,1303828
993507,1303828
83795,1303889
293509,1303889
391820,1303889
562003,1303889
125653,1303902
781913,1303902
1845,1305583
5093,1305583
1065229,1305583
929609,1305586
1551598,1305586
349,1305591
1293,1305591
283945,1305591
363699,1305591
1763,1305618
1860,1305618
936403,1305618
872,1305775
563686,1305775
330687,1306980
397171,1306980
447695,1306980
736622,1306980
1491,1307068
136797,1307068
461136,1307068
652663,1307068
271165,1307071
357979,1307071
663,1307442
1166,1307442
104,1307873
1209,1307873
347149,1307873
470981,1307873
305083,1307926
1752221,1307926
233027,1308109
1736769,1308109
6969,1308728
565250,1308728
748973,1308728
1534715,1308728
225,1308729
230,1308729
437646,1308729
597388,1308729
610,1308947
893,1308947
799,1309366
703831,1309366
854580,1309366
1998498,1309366
1025,1309575
4248,1309575
1573,1311060
4395,1311060
420955,1311060
528331,1311060
4936,1311071
355910,1311071
705356,1311071
297,1312222
1075,1312222
2057036,1312254
2230865,1312254
1602,1313092
249291,1313092
1416,1313139
5049,1313139
491402,1313139
1015262,1313139
48273,1313244
740264,1313244
1828,1314169
674782,1314169
1628079,1314169
1963091,1314169
480,1314190
2062,1314190
4908,1314190
3192586,1314190
385,1314228
424,1314228
572,1314228
5253,1314228
201669,1314240
487254,1314240
223518,1314655
582149,1314655
940158,1314655
1334869,1314655
909768,1315350
973177,1315350
1429380,1315350
1334,1315419
786639,1315419
218,1315962
40939,1315962
530365,1315962
147,1315981
194,1315981
328828,1315981
396558,1315981
4747,1316616
763928,1316616
779084,1316616
4778,1316622
223518,1316622
730455,1316622
4743,1316624
3817466,1316624
114,1318001
1644,1318001
792177,1318001
1705,1318044
1732403,1318044
310865,1318061
687914,1318061
290556,1318514
465269,1318514
785227,1318514
538,1319032
528462,1319032
304801,1319694
1017334,1319694
1108,1319699
184392,1319699
246585,1319712
1656122,1319712
80276,1319716
803397,1319716
75710,1320082
491259,1320082
675,1320103
1473,1320103
650702,1320103
435,1320236
2018,1320236
546816,1320236
656704,1320236
347,1320239
929489,1320239
185,1320253
230,1320253
1472,1320253
5458,1320253
1605,1320261
85312,1320261
781981,1320261
1289434,1320261
1454,1321509
1674,1321509
202966,1321509
222643,1321509
168,1321511
982,1321511
647634,1321511
1663205,1321511
149,1321860
154,1321860
947338,1321860
1151,1321861
4742,1321861
429,1321862
528331,1321862
781899,1321862
1326,1321869
989182,1321869
576,1321870
610,1321870
331516,1321870
1297015,1321870
5519,1322264
728762,1322264
1065229,1322264
210,1322269
496,1322269
551,1322269
658,1322269
106,1322312
206359,1322312
515296,1322312
519043,1322312
170,1322374
454,1322374
583856,1322374
286,1322393
924684,1322393
65493,1322398
537642,1322398
39162,1323045
68187,1323045
954225,1323045
2089320,1323045
267,1323594
136797,1323594
781981,1323594
1258970,1323594
1045,1323598
1507,1323598
159081,1323598
312,1323806
799,1323806
13037,1323806
65878,1323806
295,1323973
342,1323973
560,1323973
671032,1323973
442,1324055
1648,1324055
229733,1324061
322977,1324061
829576,1324999
1500155,1324999
829576,1325004
1500155,1325004
1882152,1325004
1136,1325723
1629,1325723
935395,1325723
110803,1326188
2016345,1326188
377,1326197
1734811,1326197
338061,1326201
449466,1326201
898597,1326201
1218757,1326201
435,1326276
1926,1326276
384423,1326276
112,1326283
1401,1326283
254402,1326869
442207,1326869
413168,1326954
823592,1326954
1100,1327194
1374980,1327194
2279940,1327194
5261,1327601
606690,1327601
835722,1327601
1416900,1327601
2077,1327720
925220,1327720
2316016,1327720
131,1327773
404,1327773
1845,1327773
564901,1327939
2092886,1327939
665,1329177
215487,1329177
234668,1329177
899681,1329177
1097,1329232
265492,1329232
716490,1329232
4805,1329319
62735,1329319
307621,1329319
1462745,1329319
393,1329327
1056,1329327
1301,1329327
4754,1330018
5460,1330018
837177,1330018
309,1330829
571160,1330829
542677,1331023
874684,1331023
948123,1331023
1152525,1331023
148418,1331064
2159926,1331064
195197,1331291
343082,1331291
452,1331329
580,1331329
1745,1332134
427379,1332134
185819,1332554
2605345,1332554
152,1333125
630,1333125
580351,1333125
1297015,1333125
489,1334102
5476,1334102
604742,1334102
1195855,1334102
461136,1334260
1659547,1334260
1940449,1334260
545,1334512
4950,1334512
1258970,1334512
129,1336608
285,1336608
1546300,1336608
604,1336617
673,1336617
1416,1336617
1706767,1336617
616,1336624
726223,1336624
874067,1339133
3233290,1339133
184804,1339188
364931,1339188
216,1340138
164809,1340138
2541974,1340138
3592338,1340138
1303,1340773
330687,1340773
652212,1340773
2161148,1340773
147,1340800
198,1340800
362766,1340800
835016,1340800
1045,1340803
1507,1340803
197,1341188
702,1341188
5562,1341188
748620,1341188
63440,1341340
544611,1341340
1553725,1341340
235,1341341
29400,1341341
1107127,1341341
1195855,1341341
1938,1342120
2139,1342120
197647,1342120
144,1342403
349,1342403
1845,1342403
847439,1343046
945322,1343046
138,1343092
1497,1343092
249291,1343092
1659547,1343092
256890,1343097
356625,1343097
636426,1343097
638824,1343097
372176,1343727
881631,1343727
1880888,1343727
1757,1343740
431895,1343740
125653,1344303
893970,1344303
303,1344337
1758,1344337
275,1345466
1984458,1345466
534132,1345488
730455,1345488
808376,1345488
2861176,1345488
198,1345836
288,1345836
4266,1345836
362766,1345836
1187,1346311
1570,1346311
640334,1346311
1128572,1346311
1354,1346961
1644,1346961
5013,1346961
583856,1347442
1249052,1347442
767,1348327
1376,1348327
4950,1349451
1312575,1349451
502,1349484
608,1349484
1123,1349484
1164,1349484
1022,1350629
1281,1350629
5323,1350629
756114,1350629
397110,1351186
722629,1351186
451600,1351224
1231899,1351224
191,1351685
1804,1351685
396558,1351685
631490,1351685
1845,1352380
993242,1352380
1670029,1352380
2092422,1352380
482851,1352753
865302,1352753
194,1352824
553,1352824
1086543,1352824
1302735,1352824
1709,1353029
1953,1353029
201669,1353105
687914,1353105
371824,1353810
418877,1353810
1724,1354687
179224,1354687
1051221,1354687
257969,1355630
1631269,1355630
491,1355631
186505,1355631
752407,1355631
1208167,1355631
401,1355644
695435,1355644
790688,1355644
2225369,1355644
136,1355683
249291,1355683
424848,1355683
1212722,1355683
499,1356392
792,1356392
377,1356992
799,1356992
289,1359553
463,1359553
211087,1359553
343082,1359553
1295,1360825
1857,1360825
440514,1360825
929,1360826
136482,1360826
177,1361313
5017,1361313
200452,1361313
783033,1361313
5028,1361318
290556,1361318
929489,1361318
1082477,1361318
134244,1361333
387773,1361333
421822,1361336
671567,1361336
1631269,1361336
1906042,1361336
147,1365483
995,1365483
89217,1365483
165101,1365483
922035,1365519
2539953,1365519
5377,1366344
310966,1366344
1706767,1366344
244,1366365
246,1366365
147147,1366365
353,1366409
7814,1366409
2233462,1368423
2480063,1368423
1787,1368440
5447,1368440
832380,1368440
2,1368858
547,1368858
101710,1368858
1242688,1368858
501,1368870
1225406,1368870
1235,1369571
608405,1369571
1036,1369667
117709,1369667
159802,1369667
1367,1369697
1764351,1369697
336701,1369706
1263939,1369706
1720028,1369706
799,1370219
893,1370219
158,1371111
424,1371111
932,1371111
915989,1371111
404,1371150
867,1371150
275486,1371150
3485845,1371150
1364,1371155
1020089,1371155
2057859,1371155
1523,1371160
344435,1371160
2092886,1371160
194136,1371628
1384769,1371628
322977,1372301
754807,1372301
146,1372686
4051,1372686
124930,1372686
233,1372711
387,1372711
1411,1372711
690,1373138
1287,1373138
1346160,1373406
1442928,1373406
1544100,1373406
3299784,1373406
379,1374992
1758,1374992
836343,1374992
138,1375666
330687,1375666
680983,1375666
913822,1375666
161,1375670
1191,1375670
1674,1375670
416673,1375670
343472,1376195
347149,1376195
1682420,1376195
3569542,1376195
554,1376213
372176,1376213
790688,1376213
2902567,1376213
131,1379256
1101712,1379256
1328560,1379256
631792,1380039
953816,1380039
1528,1380151
4743,1380151
1058987,1380151
1501624,1380151
553269,1380995
673563,1380995
1807350,1380995
560,1381404
602,1381404
1804,1381404
1779870,1381404
114,1381413
95478,1381413
227759,1381413
1705,1381418
2546,1381418
1616349,1381418
228,1381505
1287,1381505
4741,1381505
424216,1381505
606,1382725
491259,1382725
448,1384961
364583,1384961
514,1385591
5068,1385591
354,1385826
1289434,1385826
246,1385867
605079,1385867
378245,1385912
735226,1385912
924552,1385912
1347153,1385912
411,1386492
1075,1386492
1208,1386492
1346230,1386492
242,1386588
2071,1386588
578949,1386588
383422,1386691
907548,1386691
933988,1386691
2362713,1386691
226,1386697
1467,1386697
205626,1386697
3053338,1386697
295,1386703
186505,1386703
268199,1386703
940158,1386703
354,1389072
910607,1389072
1325419,1389072
2186865,1389072
199,1389096
273,1389096
523,1389096
686,1389096
604742,1389127
941777,1389127
1567113,1389127
1631269,1389127
354,1389137
2006,1389137
424060,1389137
1102577,1389137
4820,1389139
356021,1389139
539082,1389139
931324,1389139
2077,1390397
834282,1390397
173125,1390398
4109045,1390398
1650,1390404
1735,1390404
322407,1390411
614165,1390411
924210,1390411
1165110,1390411
583951,1390538
908914,1390538
56770,1391034
881631,1391034
951148,1391034
1720028,1391034
790688,1391116
2057859,1391116
495095,1391137
1347153,1391137
1409,1391142
638824,1391142
1804,1392170
1242688,1392170
2225369,1392170
2955013,1392170
234,1392190
362766,1392190
396558,1392190
2368789,1392190
5562,1392197
339460,1392197
1195855,1392197
1297015,1392197
205626,1392214
350453,1392214
413168,1392214
502425,1392214
301178,1392271
3485845,1392271
172,1393000
421,1393000
1208,1393000
1057,1393742
790688,1393742
120,1396218
1303,1396218
1450,1396218
1166041,1396218
195,1396221
620,1396221
1488,1396221
1083271,1396221
4851,1396226
386472,1396226
2278522,1396226
3116983,1396226
803889,1396484
5897057,1396484
6016511,1396484
6096118,1396484
463,1397280
553,1397280
650702,1397280
1192254,1397280
323,1397514
350079,1397514
1242688,1397514
176460,1398423
784884,1398423
1411,1398999
338886,1398999
2050642,1398999
241049,1399103
479471,1399103
879085,1399103
226813,1399683
370035,1399683
2225369,1399683
553,1401152
1644,1401152
1208167,1401152
1458,1401236
5346,1401236
1235,1401700
228678,1401700
245,1402488
704,1402488
16141,1402488
204,1403177
330687,1403177
933988,1403177
2044770,1403177
35783,1403184
65878,1403184
1698,1403236
184392,1403236
565569,1403241
701561,1403241
313,1403865
354,1403865
982,1403865
2794962,1403865
211087,1403981
1500155,1403981
1593,1403988
5017,1403988
15196,1403988
241049,1403988
211559,1404369
809031,1404369
704,1405365
429069,1405365
731075,1405365
1676221,1405365
174,1405412
421,1405412
461,1405412
1137209,1405412
514,1405414
1016,1405414
1421,1405414
155,1405500
253708,1405500
741242,1405500
856500,1405809
2244205,1405809
1451,1407061
996669,1407061
1745736,1407061
236711,1407072
593844,1407072
191412,1407084
731075,1407084
704270,1408101
757855,1408101
1212722,1408101
1517976,1408101
491,1408253
1084,1408253
366389,1408253
1754366,1408253
169,1409024
226,1409024
982,1409024
1318596,1409024
321,1409772
79273,1409772
68260,1410051
614165,1410051
628601,1410051
1084,1410061
367724,1410061
442,1410198
514,1410198
144,1411238
177,1411238
204,1411238
5110,1411238
3244,1411250
881631,1411250
207,1411664
467,1411664
1151,1411664
841910,1411664
58581,1411697
177896,1411697
302108,1411697
1159180,1411697
1610,1411704
5188,1411704
192505,1411704
1258970,1411704
96,1411956
274,1411956
365445,1412367
750019,1412367
1132,1412386
1749,1412386
631490,1412386
929489,1412386
2368789,1412442
3009232,1412442
1435,1412528
447695,1412528
580351,1412528
732497,1412528
671567,1413492
788335,1413492
1041023,1413492
1165110,1413492
148,1413495
198,1413495
1720028,1413495
2955013,1413495
209,1413496
362,1413496
130,1414382
244,1414382
68338,1414382
951148,1414382
5221,1414449
1377561,1414449
343082,1415255
656768,1415255
146,1415283
668,1415283
350454,1415283
174,1416801
352,1416801
686,1416801
603090,1417038
956956,1417038
1245,1417067
543547,1417067
430,1417297
117009,1417297
454236,1417297
458358,1417297
1268731,1417297
1362555,1417297
2100755,1417297
2714975,1417297
3442130,1417297
7698251,1417297
1173,1418377
1584,1418377
631490,1418377
195439,1418380
3772243,1418380
185404,1418712
2339680,1418712
174,1421048
1434,1421048
1107127,1421048
1151,1421051
1102577,1421051
253216,1422032
305558,1422032
313534,1422136
627995,1422136
1968873,1422136
616,1422653
543383,1422653
797464,1422800
1577637,1422800
140,1422806
157,1422806
316079,1423894
388933,1423894
683253,1423894
134,1423995
170,1423995
1570,1423995
175814,1423995
229084,1424003
620981,1424003
771493,1424003
401,1424381
4778,1424381
291,1425922
1845,1425922
4763,1425922
514,1425930
1016,1425930
376716,1426328
607865,1426328
290556,1426329
765597,1426329
1017334,1426329
1086543,1426329
205,1426363
409,1426363
713389,1426748
973177,1426748
719,1427689
849,1427689
906,1427689
3003,1427888
4839,1427888
321325,1427888
3535709,1427888
463,1428538
1780,1428538
719637,1428538
2605345,1428538
1780,1429392
5007,1429392
597,1429432
1393,1429432
1648,1429432
456268,1429432
726223,1430064
750916,1430064
144,1430116
458,1430116
1523,1430137
626362,1430137
980,1430607
491402,1430607
564215,1430607
631490,1430607
106,1430615
1024677,1430615
161,1430626
424,1430626
5315,1430626
293509,1430626
5351,1431045
1072555,1431045
4534098,1431045
980,1431181
544334,1431181
671,1433108
1192254,1433108
501,1433207
1473,1433207
1497,1433207
6969,1433207
867,1433811
204706,1433811
1391252,1433811
1501050,1433811
1659221,1433822
2230865,1433822
360,1434435
39162,1434435
596,1435513
199215,1435513
350454,1435513
428065,1435513
479527,1436029
2275638,1436029
252961,1436034
1010931,1436034
815370,1436035
2016345,1436035
981,1436559
601553,1436559
1553725,1436559
4266,1436562
251986,1436562
520064,1436562
241,1436568
12078,1436568
580,1436577
1826,1436577
617394,1437366
635262,1437366
636426,1437366
899476,1437366
175916,1437849
1469236,1437849
1057,1438176
268199,1438176
947338,1438176
439,1438251
388323,1438251
813887,1438251
3576166,1438251
107,1438254
1374980,1438254
1468739,1438254
2253071,1438254
191,1439572
1567,1439572
1200692,1439572
5009714,1439572
553,1440129
2907,1440129
1982597,1440129
2395937,1440129
870,1440161
5028,1440161
227759,1440161
305558,1440161
175916,1440292
852965,1440292
1020089,1440292
1064292,1440292
531,1440345
576,1440345
2139,1440345
2016723,1440345
124,1440379
438,1440379
1496,1440379
207,1440732
218,1440732
235,1440732
1500155,1440732
370035,1441326
647634,1441326
3571592,1441326
389,1441912
640,1441912
679,1441912
619,1441940
4141252,1441940
1749,1441951
175262,1441951
191,1441952
218,1441952
1289434,1441952
922035,1441953
2539953,1441953
3229685,1441953
142,1442263
191,1442263
232,1442263
842770,1442263
514,1444252
1194,1444252
192377,1444266
993242,1444266
222643,1444270
924552,1444270
371342,1444338
722631,1444338
959113,1444338
442,1445208
1884,1445208
828980,1445208
648,1446072
1368,1446072
254712,1446072
1520,1446147
5216,1446147
891895,1446147
285,1446192
279545,1446192
413168,1446192
1517976,1446192
101,1446678
3367,1446678
40472,1446678
66740,1446678
5416,1446695
327072,1446695
400606,1446695
515296,1446695
719,1446697
1974,1446697
234,1446714
636426,1446714
1055413,1446714
1334869,1446714
57150,1447499
626362,1447499
746896,1447499
192,1447793
1406,1447793
852,1447945
1156,1447945
1970,1447945
229733,1447945
784884,1447945
954162,1447945
532,1448497
4920,1448497
641244,1448497
134,1448755
5458,1448755
654110,1448755
1593,1448762
610459,1448762
1310016,1448762
5098,1449379
429114,1449379
735226,1449379
1265067,1449379
1418,1450140
3080981,1450140
54214,1450320
2946712,1450320
68260,1450321
564215,1450321
1782299,1450321
418,1450328
505,1450328
809793,1450328
1963091,1450328
5007,1450330
134072,1450330
253035,1450330
270445,1450635
322977,1450635
420,1451393
1249052,1451393
1637961,1451798
1760272,1451798
925,1452294
1063475,1452294
2317613,1452294
3497546,1452294
792,1452599
2546,1452599
491,1452628
159789,1452628
628601,1452628
245705,1453245
265492,1453245
1769728,1453245
345,1453402
1663,1453402
1674,1453402
233027,1453403
290556,1453403
524197,1453403
629855,1453403
114,1453405
345,1453405
422,1453405
545,1453405
2233462,1453440
2480063,1453440
205626,1454029
397171,1454029
818055,1454029
1297015,1454029
113,1454468
123,1454468
438,1454468
607865,1456606
763928,1456606
5405,1456635
506405,1456635
683467,1456635
164929,1457726
628601,1457726
817844,1457765
3014840,1457765
666,1457767
267812,1457767
515296,1457767
933940,1457767
128,1458175
553,1458175
6969,1458175
119633,1458175
218,1459012
756203,1459012
40472,1460632
628611,1460632
101710,1460643
245705,1460643
152,1460798
1590,1460798
350079,1460798
1763,1461249
6958,1461249
629697,1461249
1553725,1461249
480,1462041
1838,1462041
185819,1462041
915208,1462041
708,1462044
2101,1462044
852,1462411
98378,1462411
524197,1462411
593664,1462411
5351,1462758
864997,1462758
990,1462763
340973,1462763
180984,1462765
893247,1462765
4950,1462769
249291,1462769
3843467,1462769
151654,1462900
955471,1462900
316079,1462901
484541,1462901
748620,1462901
1020089,1462901
1454,1464174
1140300,1464174
166,1464191
429069,1464191
608090,1464191
666739,1464191
648249,1464540
1641117,1464540
1954240,1464540
534,1464580
198804,1464580
2907,1464763
748620,1464763
480,1465478
358922,1465478
701561,1465478
1166528,1465478
298168,1465505
1020345,1465505
2572912,1465505
2788999,1465505
476,1465514
874,1465514
541576,1465514
609,1465519
1598,1465519
1629,1465533
5442,1465533
31529,1465533
1757,1468387
1785,1468387
186505,1468846
447695,1468846
1886602,1468846
1231899,1469304
1275259,1469304
1374980,1469304
302105,1469895
872910,1469895
580,1470020
643,1470020
3817,1470020
543383,1470020
174,1470023
202,1470023
287182,1470023
1325419,1470023
1058940,1470827
2016345,1470827
1770,1470910
179224,1470910
732,1472452
1734811,1472452
2369219,1472452
2398507,1472452
2546073,1472452
3046839,1472452
3539839,1472452
3540152,1472452
5216,1472460
374865,1472460
790057,1472460
1986960,1472460
502,1472583
5346,1472583
412,1472584
4742,1472584
809,1473063
201669,1473063
254,1473074
367,1473074
367,1473121
487884,1473121
809,1473142
44535,1473142
547614,1473142
685193,1473142
268,1473397
1787,1473397
4988,1473397
310966,1473397
250,1473832
980,1473832
428121,1473832
465,1476411
112890,1476411
1698,1477185
5169,1477185
751638,1477185
786639,1477185
353,1477834
597388,1477834
933940,1477834
1720028,1477834
1457,1477835
275244,1477835
1541272,1477835
162,1477837
604,1477837
926086,1477837
1159180,1477837
195,1477855
1473,1477855
931404,1477855
126284,1478338
187719,1478338
748973,1478338
1325419,1478338
1776,1478480
221046,1478480
126,1478839
170550,1478839
893257,1478839
1086543,1478839
2092886,1478964
3915784,1478964
693799,1479269
2864046,1479269
679,1479398
1617,1479398
5535,1479398
1528,1479676
712908,1479676
5417,1480285
130502,1480285
1725848,1480285
2057726,1480285
134,1480295
237,1480295
893257,1480295
679,1480670
202966,1480670
953882,1480670
15196,1481572
1443740,1481572
828,1481573
947,1481573
157,1481574
1520,1481574
308,1481576
2336136,1481576
1334,1481578
1754366,1481578
362,1482459
1159180,1482459
1374980,1482459
1285,1482932
1458,1482932
129,1483013
151,1483013
2057859,1483013
412,1483324
267812,1483324
1228,1483756
5154,1483756
355910,1483756
488953,1483756
63440,1484114
264220,1484114
575184,1484114
874067,1484114
236,1484521
5095,1484521
555,1484524
793,1484524
1127,1484920
430074,1484920
1262,1484942
21835,1484942
302105,1484942
657,1485761
936403,1485761
852,1485762
56763,1485762
283997,1485762
557859,1485762
413168,1485796
931329,1485796
1374980,1485796
198,1486185
1305,1486185
121605,1486185
1086543,1486185
1002641,1486190
1812656,1486190
2605345,1486190
131,1486192
322407,1486192
1404408,1486192
1812656,1486192
1287,1486193
4825,1486193
185404,1486193
1670029,1486193
163,1486737
680,1486737
705356,1486834
1443740,1486834
3485845,1486834
222,1487118
428065,1487118
631490,1487118
701561,1487257
1507857,1487257
155607,1487924
874684,1487924
156,1488181
559,1488181
867,1488555
5182,1488555
5351,1488555
1312575,1488555
255,1488606
402271,1488606
1209966,1488606
1330560,1488606
545,1489229
1002641,1489229
1550948,1489229
246732,1489264
2289053,1489264
2756257,1489264
3053338,1489264
837177,1489887
1790970,1489887
2788156,1489887
3239803,1489887
366389,1489889
752407,1489889
2071,1490017
4715,1490017
6969,1490017
695435,1490017
647634,1490785
925966,1490785
1089991,1490785
4487976,1490785
213,1491044
262635,1491044
290556,1491044
788335,1491044
232,1492705
995,1492705
1282,1492705
487594,1492705
435,1492849
715915,1492849
5491,1493157
424216,1493157
652663,1493157
1443527,1493157
5024,1493815
495095,1493815
524197,1493815
1128572,1493815
121605,1493828
146536,1493828
674020,1493828
1193110,1493828
1250,1496005
190744,1496005
1693309,1496005
3115934,1496005
295,1496025
1653,1496025
1013003,1496025
131,1496422
173,1496422
190,1496422
1374980,1496422
555,1496798
670,1496798
2126,1496798
4922,1498569
1985859,1498569
2076,1499220
2077,1499220
265492,1499220
867,1499658
206359,1499658
837177,1499658
2528248,1499658
1763,1501652
5442,1501652
226,1502397
1454,1502397
1227814,1502397
115,1502404
1209,1502404
121605,1502404
1720028,1502404
130,1502407
339460,1502407
225,1502417
369513,1502417
1738,1502420
293509,1502420
313534,1502420
601553,1502420
68260,1502712
544718,1502712
1886602,1502712
429069,1502714
582149,1502714
6610,1503149
226813,1503149
662504,1503149
1036,1504019
596807,1504019
663,1504319
750353,1504319
815370,1504319
147,1504320
307,1504320
1394,1504320
1691,1504320
839730,1504403
1984458,1504403
164809,1504508
625789,1504508
2368789,1504508
649,1505400
906261,1505400
205,1506998
418,1506998
121605,1506998
241870,1506998
191,1506999
29400,1506999
1055413,1506999
5527,1507002
542133,1507002
641354,1507002
222,1507564
1434,1507564
1644,1507564
1767820,1507564
1770,1507566
5162,1507566
48273,1507566
4950,1507571
5095,1507571
2140860,1507571
476,1507905
4886,1507905
2349292,1507943
3126606,1507943
201669,1508675
653669,1508675
245705,1509109
592993,1509109
223,1509130
5273,1509130
811242,1509130
43041,1509269
65320,1509269
420,1509743
24188,1509743
170,1509767
503567,1509767
532193,1509767
356017,1509787
728762,1509787
2425105,1509787
352,1509788
1083,1509788
2053085,1509788
39162,1510686
115671,1510686
956526,1510686
648975,1510918
803889,1510918
1036,1510919
2029,1510919
411,1510989
1782153,1510989
5370,1511425
1169428,1511425
170550,1511476
191688,1511476
1075,1512109
665235,1512109
364583,1512222
608405,1512222
102,1512235
239,1512235
680983,1512235
933988,1512235
273,1512240
670,1512240
1082,1512240
1427,1512240
731075,1514041
989182,1514041
1166041,1514041
1899225,1514041
179,1515091
375,1515091
364813,1515091
1046097,1515091
172,1516002
799777,1516002
1065454,1516002
538,1516009
1133,1516009
922263,1516009
4920,1516577
335275,1516577
369,1517249
2128,1517249
5342,1517249
915208,1517249
1208167,1517260
1519680,1517260
385,1517451
177896,1517451
342399,1517451
3078932,1517451
596,1517471
1324,1517471
4695,1517489
5315,1517489
570364,1517489
3688576,1517489
102,1518293
255,1518293
378,1518293
982,1518293
1251,1518293
148418,1518293
221046,1518293
1117791,1518293
3279233,1518293
1599,1518812
200452,1518812
339304,1518812
931329,1518812
324409,1519245
635330,1519245
336701,1520453
949744,1520453
502,1520498
1458,1520498
1590,1520498
603,1521197
667,1521197
406975,1521197
366,1521848
367,1521848
524528,1521848
680983,1521877
5267330,1521877
5267398,1521877
5267602,1521877
144812,1523406
170168,1523406
144812,1523493
603090,1523493
407,1523987
622,1523987
1377561,1523987
1738172,1523987
329511,1524083
340973,1524083
1199,1524131
275417,1524131
242,1524137
295,1524137
610,1524137
671567,1524575
779084,1524575
775,1524930
1159180,1524930
1711114,1524930
4347315,1524930
185404,1525366
334324,1525366
725,1525552
569226,1525552
750037,1525552
1918764,1525552
610459,1525890
703831,1525890
502425,1525898
1455681,1525898
430,1526284
318694,1526284
1816903,1526284
1892960,1526284
2253666,1526284
2477527,1526284
10448642,1526284
379,1527186
662,1527186
1250,1527186
2907,1527186
1277,1527813
254362,1527813
973177,1527813
874,1527837
338886,1527837
705356,1528071
1017334,1528071
1540404,1528071
1725848,1528071
244,1528100
288,1528100
1426,1528100
249291,1528100
1965,1528750
283997,1528750
954704,1528750
242,1528854
2006,1528854
2071,1528854
4802,1528854
234668,1529346
1391252,1529346
3887625,1529346
882,1529569
851582,1529569
1416,1529572
164809,1529572
654110,1529572
1882929,1529572
477127,1530983
507835,1530983
347,1531066
502,1531066
1385,1531066
2071,1531663
356017,1531663
671567,1531663
1519680,1531901
2605345,1531901
2655177,1531901
227,1531914
1228,1531914
205626,1531924
564215,1531924
1567113,1531924
3616206,1531924
1475,1531937
515296,1531937
191,1532503
1626,1532503
491259,1532503
899681,1532503
4742,1533013
790688,1533013
973177,1533013
1757,1533058
601376,1533058
1177286,1533058
643,1533087
100889,1533087
335,1534470
1938,1534470
430,1535102
2436,1535102
149,1535108
354,1535108
1663205,1535108
158,1535109
1416,1535109
411,1535432
579,1535432
169,1535438
658,1535438
5443,1535438
136797,1535438
225565,1535568
603413,1535568
1656122,1535568
1726378,1535568
179224,1535606
437283,1535606
199,1535612
1475594,1535612
299,1535616
893257,1535616
239,1535970
5024,1535970
402271,1535970
933940,1535970
180411,1536048
195439,1536048
1209966,1536048
2057859,1536048
874,1536051
1744,1536051
543383,1536051
342,1536374
524197,1536374
855103,1536374
957909,1536374
977,1536437
1644,1536437
1326,1536440
408284,1536440
398,1536458
799,1536458
1426,1536458
1046389,1536458
335,1536537
353,1536537
636426,1536537
3092471,1536537
1287,1537314
938950,1537314
283945,1537469
357979,1537469
195,1537930
244,1537930
51482,1537930
211559,1537930
348672,1537930
801050,1537930
841422,1537930
3825525,1537930
2369219,1538854
3539839,1538854
171,1539489
602,1539489
658,1539489
800,1540014
1735,1540014
146536,1540116
389581,1540116
598,1540128
4754,1540128
124930,1540128
332,1540133
322407,1540133
835016,1540133
531061,1540404
719678,1540404
5377,1540741
717709,1540741
942482,1540741
360,1540767
59215,1540767
448,1541123
534944,1541123
566,1541149
428065,1541149
462407,1541149
171,1541160
1131,1541160
1616,1541160
625789,1541160
390285,1541931
2368981,1541931
5568,1541995
508356,1541995
290556,1542344
544718,1542344
848554,1542344
1152,1542484
437646,1542484
663546,1542484
1460787,1542484
167649,1542768
416673,1542768
112374,1543299
161443,1543299
1283,1544600
1456571,1544600
190744,1544608
320969,1544608
1166528,1544608
3592338,1544608
224,1545106
1269983,1545106
409,1545328
538,1545328
564901,1545328
538,1545489
1860,1545489
195439,1545489
1872,1545660
227759,1545660
477127,1545660
366,1545677
656768,1545677
5562,1545754
302108,1545754
688132,1545754
1377561,1545754
25745,1545759
487254,1545759
500976,1545759
954704,1545759
275,1545980
775,1545980
4805,1546036
363641,1546036
532235,1546036
687443,1546036
792,1546381
4929,1546381
1137,1546420
40472,1546420
256121,1546420
168,1546668
418,1546668
3817,1546668
4937,1546668
134244,1546668
147825,1546668
628601,1546668
225,1547090
215487,1547090
519456,1547090
330687,1547234
788335,1547234
1507,1549571
1621,1549571
571106,1549571
919559,1549571
544611,1549572
1779870,1549572
216,1549920
1845,1549920
424216,1549920
763928,1549920
261,1550524
2332,1550524
501,1551630
1845,1551630
2332,1551630
1221906,1551630
480,1551641
5024,1551641
187724,1551641
115,1552224
159789,1552224
476,1552423
865302,1552423
48932,1553659
746896,1553659
4456120,1553659
65007,1554091
1370408,1554091
1556,1555058
41744,1555058
233027,1555058
931404,1555058
569,1555064
5210,1555064
1015262,1555064
1330560,1555064
1075,1555110
794687,1555110
20309,1555156
261724,1555156
4949,1558249
50156,1558249
448,1558258
167850,1558258
793634,1558258
859921,1558258
599,1558261
1019,1558261
301178,1558261
4109,1558578
451234,1558578
138,1558827
378,1558827
1755945,1558827
3535709,1558827
1644,1559035
592993,1559035
1151,1559036
386472,1559036
1527,1559040
1211488,1559040
668,1559547
205626,1559547
437,1560220
251986,1560220
1297015,1560220
44430,1560618
102751,1560618
319843,1560618
450,1560747
1618,1560747
10736,1560747
174,1560954
1664,1560954
1265067,1560954
215,1560959
179782,1560959
1252,1561768
782561,1561768
1598,1562557
569226,1562557
868659,1562557
1010931,1562557
177933,1562847
226813,1562847
1367,1562918
462712,1562918
418,1563704
165101,1563704
1078479,1563704
1984458,1563704
616,1563719
199939,1563719
4266,1563738
165101,1563738
836343,1563738
267506,1563742
519456,1563742
1164,1563771
48273,1563771
151,1564349
171,1564349
1065,1564349
1997480,1564349
98,1564367
173,1564367
1191,1564367
2395937,1564367
411,1564368
444621,1564368
50156,1564585
199590,1564585
265668,1564585
2174090,1564585
834,1565063
1358,1565063
1598,1565063
170168,1565068
269419,1565068
1831,1565069
779084,1565069
2092886,1565069
412,1566501
1085051,1566501
1209966,1566501
1503432,1566501
247579,1566637
387987,1566637
805476,1567279
2007030,1567279
2106801,1567279
469,1567350
1156,1567350
2376,1567350
404846,1567350
5351,1567437
447695,1567437
2605345,1567437
154,1567609
319843,1567609
643740,1567609
3172776,1567609
950,1567650
1152,1567650
4886,1567650
627893,1568297
1187591,1568297
1908299,1568297
2016345,1568297
514,1568337
1252,1568337
4906,1568337
6969,1568338
68260,1568338
941777,1568338
1861781,1568338
947,1568341
960,1568341
180984,1568341
199,1568343
1301,1568343
3616206,1568343
1626,1568346
1745,1568346
185819,1568346
1913734,1568346
358922,1568799
888468,1568799
954225,1568799
58181,1568804
357986,1568804
159802,1568815
1561982,1568815
667,1568911
1833,1568911
1212722,1568911
4715,1568921
688132,1568921
2030779,1568921
741,1568926
14135,1568926
14977,1568926
1917,1570369
1172285,1570369
328828,1570559
341737,1570559
200452,1570583
540441,1570583
1417647,1570583
1760272,1570583
194,1570728
136797,1570728
331516,1570728
1297015,1570728
170168,1571219
784884,1571219
1632961,1571219
3733652,1571219
1557,1571222
461136,1571222
1055413,1571222
915989,1571234
2623492,1571234
5561,1571249
352778,1571249
1325419,1571249
1953,1571402
744107,1571402
538,1571409
334324,1571409
2546,1572306
1162399,1572306
713389,1572315
1275259,1572315
458,1572502
618,1572502
129538,1572777
460694,1572777
2253758,1572777
3343487,1572777
421,1575694
369513,1575694
487405,1575694
756203,1576450
1208167,1576450
342,1576702
893,1576702
1711,1577040
936198,1577040
141,1577052
5095,1577052
267812,1577052
90469,1577104
717709,1577104
56770,1578267
1138862,1578267
1178098,1578267
2447793,1578267
124,1578275
213,1578275
681,1578275
416673,1578275
245705,1579232
267511,1579232
1828,1579242
95478,1579242
3750818,1579242
3751924,1579242
292182,1579951
866870,1579951
1725848,1579951
2608927,1579951
334027,1580021
855564,1580021
1693588,1580021
2007030,1580021
1468739,1580426
1682420,1580426
320762,1581634
693799,1581634
510,1581835
524197,1581835
993507,1581835
1107127,1581835
320969,1582207
785842,1582207
25483,1582208
1092086,1582208
1208725,1582208
929,1582213
2965079,1582213
5416,1582248
262635,1582248
205,1582268
2062,1582268
364280,1582268
2789132,1582268
1555,1582271
89217,1582271
378245,1582271
1457,1582465
2240346,1582465
223,1582507
4743,1582507
1302735,1582507
2225369,1582507
158,1583420
210,1583420
172,1584131
2439994,1584131
139,1586265
598,1586265
834,1586752
124930,1586752
788335,1586752
1157358,1586752
1326732,1587119
2244205,1587119
1584,1587278
190744,1587278
1315,1587309
914455,1587309
1401,1587310
544334,1587310
1102577,1587310
1663205,1587310
321,1587411
1648,1587411
562003,1587411
1254,1587419
1556,1587419
1679,1587436
1744,1587436
564,1587685
722,1587685
925,1587685
1461,1587877
199006,1587877
518,1588173
396558,1588173
1954240,1588173
3006818,1588173
215,1588334
339460,1588334
781981,1588334
1159180,1588334
700577,1588898
1092227,1588898
779866,1589505
855564,1589505
958430,1589505
1967673,1589505
553,1590193
267812,1590193
933940,1590193
352,1590764
1718,1590764
1744,1590764
293,1590950
245705,1590950
5417,1591095
126284,1591095
933940,1591095
360,1591469
1744,1591469
664175,1591496
664387,1591496
1283,1591613
1505,1591613
129,1592191
5175,1592191
616,1592253
2094,1592253
626259,1592253
657,1592265
1416,1592265
290556,1592265
736622,1592281
798971,1592281
931329,1592281
1602,1592525
1780,1592525
716490,1592525
1192254,1592525
193,1592873
1415323,1592873
2230865,1592873
1018,1592882
1019,1592882
521,1594503
190744,1594503
239816,1594503
951520,1594503
310865,1594534
2244205,1594534
534,1594562
668139,1594562
418,1594917
5068,1594917
1287,1594972
1705,1594972
421822,1594972
631490,1594972
171,1595654
439,1595654
255,1595656
849,1595656
1046097,1595656
24492,1595833
427379,1595833
636426,1595833
3161495,1595833
108287,1596343
908094,1596343
630,1596345
1497,1596345
765597,1596345
836121,1596345
166,1596346
598,1596346
1455681,1596346
702,1596350
1709,1596350
362766,1596350
1517976,1596350
207218,1596352
620981,1596352
93,1596363
288,1596363
136797,1596363
331516,1596363
1354,1596365
5216,1596365
705356,1596365
131,1596753
450,1596753
1570,1596753
800,1598172
1550,1598172
306,1598173
4028444,1598173
4347902,1598173
4347917,1598173
252230,1598642
1517976,1598642
3053338,1598642
179,1598778
354,1598778
569,1598778
701,1598778
201,1598822
572,1598822
4754,1598822
5110,1598822
491,1598828
1337,1598828
293,1598873
1648,1598873
243,1599348
1598,1599348
5351,1599348
267812,1599348
393,1600074
926,1600074
993,1600074
547,1600195
2934314,1600195
1254,1600196
362766,1600196
636426,1600196
774386,1600196
1648,1600207
1691,1600207
444786,1600391
835722,1600391
91931,1600429
387987,1600429
608405,1600429
5448,1600438
930053,1600438
551,1601913
553,1601913
342029,1601913
1316767,1601913
335,1602098
1985859,1602098
218,1602613
331516,1602613
1310016,1603257
1404408,1603257
17343,1603471
76082,1603471
580,1604100
800,1604100
1434,1604116
1926,1604116
163659,1604589
383422,1604589
685156,1604589
701512,1604589
4755,1605630
4989,1605630
5098,1605630
5405,1605630
350454,1605717
1055413,1605717
1727304,1605717
160,1605777
218,1605777
498278,1605782
736622,1605782
870,1605783
5562,1605783
298281,1605783
1046097,1605783
668,1605798
266824,1605798
1794,1605803
192505,1605803
438,1606180
255175,1606180
662504,1606180
736263,1606180
246,1606378
462407,1606378
935541,1606378
2541974,1606378
554,1606389
1448,1606389
1046097,1606389
1475594,1606389
501,1606390
1265067,1606390
1787,1606392
134072,1606392
316079,1606392
752407,1606392
1745,1606636
1884,1606636
2907,1606636
586568,1606636
211087,1607577
899476,1607577
1774,1608290
2071,1608290
4851,1608290
5562,1608290
404,1609479
5377,1609479
1157358,1609479
1312575,1609479
1613,1610473
295334,1610473
579,1610525
630,1610525
5253,1610525
915208,1610525
1722,1611224
907548,1611224
1002641,1611224
1107001,1611224
12078,1612319
668271,1612319
369567,1612774
581953,1612774
687443,1612774
498713,1612782
936403,1612782
566,1613062
786806,1613062
799777,1613062
1086384,1613062
153738,1614430
348152,1614430
640323,1614430
2425105,1614430
1125,1615065
515116,1615065
2018237,1615065
532,1615075
929,1615075
1744,1615075
228,1615147
1804,1615147
79273,1615147
704270,1615147
58371,1615151
84247,1615151
1885286,1615151
1744,1615480
5078,1615480
5134,1615918
519043,1615918
138,1616195
357979,1616195
915208,1616195
2309517,1616195
416,1616543
1385,1616543
1402,1616543
1589,1616543
543383,1617636
1036181,1617636
293,1617661
5109,1617661
1475594,1617661
281234,1618368
1997480,1618368
286,1618432
514,1618432
184392,1618432
98,1618434
654,1618434
1191,1618434
1812656,1618434
929,1618473
1698,1618473
204,1619029
1082,1619029
765597,1619029
274,1619277
781899,1619277
294067,1620449
785227,1620449
1173,1620935
1354,1620935
1886602,1620935
234,1620981
1209966,1620981
1631269,1620981
6016511,1620981
437,1621039
5562,1621039
283945,1621039
688132,1621039
5517,1621045
366389,1621045
1013003,1621045
518,1621046
206257,1621046
671567,1621046
1065229,1621046
1021,1621427
549815,1621427
786639,1621427
2007030,1621432
2693238,1621432
251986,1622547
841910,1622547
1144419,1622547
68187,1622979
260224,1622979
514,1622991
1235,1622991
1838,1623205
5109,1623205
290556,1623205
931329,1623205
308,1623280
5169,1623280
447695,1623288
2240346,1623288
2395586,1623288
5182,1623745
98378,1623745
1017334,1623745
135221,1623788
515296,1623788
516266,1623788
909768,1623788
4743,1624376
701561,1624376
724757,1624426
1165044,1624426
1625,1624996
605080,1624996
954225,1624996
1095720,1624996
234,1625346
652663,1625346
714147,1625346
933940,1625346
606,1626146
670408,1626146
683253,1626146
2,1626811
18,1626811
217,1626811
1860,1628043
671032,1628043
949292,1628043
621,1628055
1491,1628055
89456,1628055
156,1628841
597,1628841
2140860,1628841
2955013,1628841
1057,1629443
344435,1629443
1653,1629705
1731,1629705
635330,1629705
2008680,1629705
223,1629757
124930,1629757
817844,1629757
4103976,1629757
1050671,1629762
1928515,1629762
1480,1629766
5260,1629766
266261,1629766
1785081,1629766
701,1630029
757855,1630029
941777,1630029
225,1630564
421,1630564
167649,1630564
1256602,1630564
668139,1631707
2239702,1631707
129,1631867
200,1631867
322407,1631867
1289434,1631867
1184,1632708
5109,1632708
5493,1632708
165101,1632708
746125,1633224
1169428,1633224
668139,1633356
1682420,1633356
172,1634055
367,1634055
603090,1634055
396924,1634121
654110,1634121
3480246,1634121
683253,1634122
922035,1634122
1254,1634136
88127,1634136
1519680,1634136
514,1634140
1235,1634140
865302,1634140
4755,1634286
24404,1634286
601376,1634286
1130627,1634286
847439,1636815
945322,1636815
1364,1636844
507073,1636844
5493,1637688
614165,1637688
1086543,1637688
1312575,1637688
6969,1637706
221046,1637706
748620,1637706
838267,1637706
242,1637725
5109,1637725
532235,1637725
570364,1637725
2934314,1638002
3510471,1638002
147147,1638355
2309517,1638355
2539953,1638355
4456120,1638355
360,1638899
1477,1638899
5078,1638899
532,1638943
1075,1638943
514,1639081
1744,1639081
5049,1639084
87109,1639084
680983,1639084
2797756,1639084
1285,1639086
1411,1639086
649,1639397
1650,1639397
104,1639826
1097,1639826
383603,1639826
224,1640483
121605,1640483
1404488,1640483
291,1640484
222643,1640484
1745736,1640484
205,1640486
1136,1640486
1650,1640486
244,1640548
437,1640548
4936,1640548
1256532,1640548
476,1640570
616,1640570
1780,1640570
6987,1640570
161,1640718
553,1640718
1024677,1640718
461,1641244
1999,1641244
811242,1641385
1963091,1641385
411,1641388
77720,1641388
141,1641401
459,1641401
75359,1641401
185,1641841
579,1641841
925220,1641841
1108,1645054
1368,1645054
29400,1645080
383603,1645080
731075,1645080
947,1645109
551441,1645109
507073,1645131
603090,1645131
2794962,1645131
1173,1645155
1882929,1645155
604,1645170
1426,1645170
267506,1645170
4829,1646212
771414,1646212
661,1646922
1295,1646922
611979,1646922
621348,1646922
949,1646971
124930,1646971
542677,1646972
864937,1646972
1067699,1646972
2861251,1646972
152,1646980
640,1646980
235417,1646981
1541272,1646981
146,1646987
553,1646987
683253,1646987
941777,1646987
2564938,1647483
3887625,1647483
1491,1647665
1714,1647665
273,1647668
358316,1647668
541902,1647668
173194,1648154
628563,1648154
861600,1648154
1047329,1648154
161,1648179
1857,1648179
416673,1648179
371342,1648186
700856,1648186
190,1648190
252961,1648190
174,1648208
6669,1648208
363699,1648208
649,1648214
6669,1648214
95,1649264
217,1649264
1885,1649264
880521,1649264
191,1649419
915208,1649419
4043618,1649419
404,1649780
1416,1649780
647634,1649780
1822659,1649780
1140345,1650028
1212722,1650028
6713,1650043
1256602,1650043
2325393,1650043
882,1650048
693799,1650048
678,1650058
728762,1650058
1598,1650060
1143816,1650060
1165044,1650060
151419,1650062
1102577,1650062
1404488,1650062
1777,1650393
641354,1650393
2676147,1650393
501,1650535
954225,1650535
387,1650537
1235,1650537
1738,1650537
4909,1650537
44430,1650546
56770,1650546
1138862,1650546
120,1650554
1631269,1650554
2395586,1650554
2105,1651084
201669,1651084
366389,1652287
662519,1652287
616,1653203
800,1653203
1235,1653203
531808,1653665
672621,1653665
1727304,1653665
3053338,1653665
460,1654523
491259,1654523
500976,1654829
851582,1654829
1326732,1654829
630,1655416
1057,1655416
1439,1655416
110,1655420
566,1655420
931329,1655420
148,1655441
834,1655441
401264,1655441
515116,1655441
342,1655442
422,1655442
98,1655460
15196,1655460
748620,1655460
193,1655461
511,1655461
1448,1655461
1784872,1655461
72768,1655628
626202,1655628
170,1656170
597,1656170
189220,1656170
115,1656186
15196,1656186
396812,1656186
524197,1656186
5458,1656190
121559,1656190
531808,1657299
1235530,1657299
1404408,1657299
3244,1657507
89485,1657507
757855,1657507
890232,1657507
409,1657510
469,1657510
206257,1657510
1227814,1657510
619,1657517
1517,1657517
654110,1657517
194,1658801
136797,1658801
680983,1658801
788335,1658801
4754,1658837
205657,1658837
565569,1658837
503567,1659337
748620,1659337
914612,1659337
3009232,1659337
131,1659338
15196,1659338
192377,1659338
185,1659343
241,1659343
12078,1659343
851582,1659619
933727,1659619
527852,1660379
872910,1660379
307,1661199
949,1661199
4141252,1661199
849,1661263
25745,1661263
54214,1661263
1007525,1661263
631490,1661275
2605345,1661275
3510471,1661275
107,1661382
134,1661382
230,1661382
273,1661382
75650,1661388
343082,1661388
518,1661820
1136,1661820
836121,1661820
547,1661953
63992,1661953
68310,1661953
3930840,1661953
100889,1662295
1020345,1662295
499,1662500
489436,1662500
424216,1663143
1314546,1663143
138,1663202
362766,1663202
1727304,1663202
98,1663207
80049,1663207
279545,1663207
287182,1663207
1708,1663616
4980,1663616
430074,1663616
528331,1663616
998,1663631
1305,1663631
713389,1663631
956526,1663631
123632,1663655
2965079,1663655
206359,1663662
252961,1663662
402271,1663662
452860,1663662
411,1663708
5006,1663708
1285,1665418
934113,1665418
215,1666335
995,1666335
4743,1666335
33505,1666621
90269,1666621
601003,1666621
3913825,1666621
31893,1666643
1343287,1666643
8976332,1666643
8991581,1666643
720277,1666767
891895,1666767
5049,1666801
926165,1666801
2254074,1666801
1621,1667145
2810287,1667145
1295,1667153
2789613,1667153
3942402,1667153
3943596,1667153
111013,1667307
3006818,1667307
651,1667310
51509,1667310
402271,1667310
1312575,1667310
210,1667353
2309517,1667353
2934314,1667353
172,1667354
1424,1667354
1608,1667354
1745,1667354
1117,1667416
1757,1667416
878152,1667438
956956,1667438
1110629,1667438
2691468,1667438
1126657,1667439
1925239,1667439
491,1667889
1459,1667889
5380,1667889
1562,1668038
43041,1668038
393,1668201
1025,1668201
1262,1668201
1687,1668201
411,1669268
874,1669268
1698,1669268
502,1670269
5448,1670269
437,1670345
251986,1670345
749263,1670345
996669,1670345
461,1670382
868,1670382
1797,1670931
34733,1670931
420,1671494
1641,1671494
504267,1671494
959113,1671494
4906,1673434
829576,1673434
1500155,1673434
537648,1673697
1483369,1673697
249,1673734
571,1673734
609,1673734
404,1674057
1036,1674057
117709,1674057
719,1674205
357979,1674205
539652,1674205
179224,1674768
2466842,1674768
1557,1674772
266723,1674772
897845,1674772
1024390,1674772
574,1674775
618,1674775
1424,1674775
799,1674776
219292,1674776
366389,1674776
1843026,1674776
345,1674783
202966,1674783
115,1674784
173,1674784
578853,1674784
1544217,1674784
225,1675161
959,1675161
1194,1675161
176981,1675161
788335,1675192
924154,1675192
1567113,1675192
3964962,1675192
510,1675313
1590,1675313
1721,1675759
540441,1675759
2093766,1675759
1970,1676104
335849,1676104
1270119,1676104
1411809,1676104
1682794,1676104
1964555,1676104
2215471,1676104
3217301,1676104
3957584,1676104
3967095,1676104
514,1676934
874,1676934
4802,1677082
788335,1677082
805476,1677082
1744,1677637
125653,1677637
345,1677678
1626,1677678
327,1678037
407,1678037
225,1678051
293,1678051
609,1678051
146146,1679248
2718512,1679248
457,1679332
654,1679332
675730,1679332
5493,1679335
221046,1679335
447695,1679335
2395586,1679335
1051,1679658
2559634,1679658
164,1680045
179,1680045
1838,1680045
4936,1680045
342029,1680123
954704,1680123
202603,1680140
1404408,1680140
115671,1682179
1460787,1682179
173,1682180
551,1682180
328828,1682180
1985859,1682180
4743,1682246
4825,1682246
75359,1682246
88127,1682246
225,1682940
1738172,1682940
407,1683402
1744,1683402
1315,1683526
4778,1683526
5154,1683526
376716,1683526
350,1684225
430,1684225
501399,1684225
4677867,1684225
564215,1684233
611932,1684233
835016,1684233
2057859,1684233
1194,1684558
924684,1684558
1698,1684561
891786,1684561
2655177,1684561
299,1684564
4760,1684564
364583,1684564
249291,1684925
1954240,1684925
56770,1684928
65493,1684928
1172285,1684928
1370408,1684928
153,1686039
418,1686039
24188,1686042
175916,1686042
1567,1686063
586565,1686063
3975758,1686063
3977172,1686063
321,1686821
3614913,1686821
930226,1687208
2233462,1687208
284,1687277
1218,1687277
356017,1687901
922035,1687901
207,1688704
297,1688704
686,1690455
1201,1690455
1720,1690542
364977,1690542
487405,1690542
1291974,1690542
973,1690953
136797,1690953
1325419,1690953
252230,1690967
3147751,1690967
1043,1691154
1036340,1691154
5078,1691917
16141,1691917
176981,1691917
507,1691920
5048,1691920
5315,1691920
1605114,1691920
17343,1692190
1370408,1692190
1641,1692214
488477,1692214
149,1692486
604,1692486
701,1692486
910607,1692486
12948,1693106
83487,1693106
1058940,1693106
1546196,1693106
4747,1693679
1221906,1693679
1377561,1693679
1277,1694021
5048,1694021
5188,1694021
5305,1694021
342,1694118
1057932,1694118
456268,1695990
1465580,1695990
437646,1695991
674782,1695991
95478,1696175
2034147,1696175
4950,1698641
136797,1698641
4590837,1698641
369,1698648
906,1698648
1325419,1698648
380,1699147
85407,1699147
502425,1699147
2832695,1699147
272252,1699520
1166041,1699520
4979,1699755
580924,1699755
732497,1699755
913488,1699755
56770,1700455
322459,1700455
460002,1700455
515786,1700455
1297986,1700455
1465580,1700455
2073156,1700455
736622,1700841
1325419,1700841
1706767,1700841
1838,1700844
1089991,1700844
146,1700845
218,1700845
390903,1700845
428065,1700845
104,1701210
835016,1701210
666,1701215
1496,1701215
1549503,1701215
1677477,1701215
418,1701218
708,1701218
1445,1701218
583951,1701218
1424,1701219
759898,1701219
176981,1701990
1242688,1701990
5522,1702016
724757,1702016
925220,1702016
2071,1702425
305558,1702425
526019,1702425
644406,1702425
241049,1702439
1130627,1702439
93,1702441
422,1702441
177639,1702441
733427,1702441
476,1702455
311297,1702455
1251,1703125
1315,1703125
5154,1703125
1164,1703147
5162,1703147
184392,1703147
353,1703148
554,1703148
3115934,1703148
20717,1703923
200057,1703923
147,1703957
173,1703957
179,1703957
1473,1703957
190,1704573
511,1704573
85312,1704573
3817,1704586
378245,1704586
898546,1705125
1248373,1705125
438,1706620
68260,1706620
262635,1706620
842770,1706620
5519,1706625
817980,1706625
131647,1706687
3990343,1706687
4267968,1706687
6188728,1706687
382,1707243
162345,1707243
128,1707386
4266,1707386
413168,1707386
1086543,1707386
353,1707391
5169,1707391
1953,1709122
784884,1709122
480,1709143
630,1709143
304801,1709143
931404,1709143
5454,1709654
189200,1709654
243806,1709654
717709,1709654
227,1710394
1592,1710394
1451,1710396
1551130,1710396
2921091,1710396
138,1710551
217,1710551
416,1710551
274721,1710551
603413,1711016
1128780,1711016
1177286,1711016
1365912,1711016
98,1711525
867,1711525
1601397,1711525
122653,1712170
289142,1712170
629697,1712170
1347153,1712170
134,1712187
899,1712187
1249052,1712187
547,1712192
1569276,1712192
1812656,1712192
1954240,1712192
729,1712261
252230,1712261
666739,1712261
1107001,1712261
418,1712542
5670689,1712542
5670896,1712542
5670964,1712542
616,1713991
4625502,1713991
299,1714176
751638,1714176
609,1714203
1263939,1714203
492,1714206
151419,1714206
940362,1714206
1886602,1714206
59215,1714828
870007,1714828
941777,1714833
1882152,1714833
1082,1714843
1488,1714843
2239702,1714843
457,1714915
842770,1714915
1089991,1714915
1985859,1714915
4051,1715336
835016,1715336
297,1715344
565,1715344
1099,1715344
666739,1715344
206257,1715873
695435,1715873
1475594,1715873
1162,1715876
1525,1715876
50629,1716759
331577,1716759
1002664,1716759
2036232,1716759
515,1716767
1156,1716767
1644,1716767
541082,1716767
201,1716777
6969,1716777
1312575,1716777
1517976,1716777
799,1717210
70115,1717210
1580957,1717210
3972890,1717210
206,1718158
2564938,1718158
1058940,1718714
1317154,1718714
2959893,1718714
233481,1718915
754512,1718915
2683014,1718915
3349471,1718915
124930,1718924
1555340,1718924
1682420,1718924
6253548,1718924
429,1719068
898546,1719068
193,1719071
289,1719071
995,1719071
3009232,1719071
301381,1720164
1280286,1720164
871,1720172
1117,1720172
605080,1720172
144812,1720287
302105,1720287
4395,1720616
748973,1720616
922724,1720616
1483369,1720616
171,1720621
1218,1720621
4068901,1720621
622,1721491
680,1721491
1235,1721491
373,1721493
911933,1721493
1409,1723047
491259,1723047
98,1723121
731075,1723121
837177,1723121
1159180,1723121
255,1723128
776,1723128
35060,1723128
54077,1723128
101,1723659
4980,1723659
5277,1723659
852,1723807
310865,1723807
197647,1723811
1055413,1723811
1659547,1723811
3046705,1723811
1523,1724597
1667,1724597
779084,1724597
1429,1724962
632664,1724962
342029,1724970
612534,1724970
4103976,1724970
950,1725969
980,1725969
112,1725986
161,1725986
532,1725986
4695,1725986
1638,1726252
1953,1726252
98378,1726589
836176,1726589
1269983,1726589
147,1726592
173,1726592
835016,1726592
190,1726669
2006,1726669
386472,1726669
1017334,1726669
237222,1726707
454236,1726707
1757,1726883
908914,1726883
606,1726889
2010,1726889
5417,1727252
726472,1727252
936403,1727252
874,1727253
839730,1727253
378,1727300
1343287,1727300
3911517,1727300
4155713,1727300
708,1727373
338886,1727373
457796,1727373
1569276,1727373
670,1727381
364583,1727381
1057,1727388
5049,1727388
136797,1727388
1455681,1727388
304801,1727393
922035,1727393
295,1727770
80276,1727770
670408,1727770
1443527,1727770
164929,1727816
195439,1727816
170550,1727885
1194672,1727885
315288,1728975
1634832,1728975
1715194,1728975
452190,1730108
467451,1730108
411,1730294
1001,1730294
177,1730687
473,1730687
1848,1730687
420955,1730687
491,1730760
1162,1730760
1609,1730760
593664,1730760
117709,1730768
1567113,1730768
148,1731141
2794962,1731141
581365,1733114
1722914,1733114
4787,1733300
145284,1733300
151250,1733300
1996829,1733300
179224,1733582
794687,1733582
977,1734433
1512166,1734433
518,1734493
1057,1734493
89217,1734493
636426,1734493
407,1734578
1828818,1734578
200,1735462
1626,1735462
891786,1735462
241,1735862
693,1735862
1087183,1735862
234,1735898
829576,1735898
1165110,1735898
3510471,1735898
438,1735907
290556,1735907
1720028,1735907
1036,1735945
194572,1735945
1644,1736050
1760272,1736050
507,1736552
4741,1736552
583951,1737110
751638,1737110
448,1737796
1698,1737796
225,1738387
501,1738387
609,1738387
1166,1739155
833616,1739155
1086384,1739155
1692270,1739155
2018,1739298
319177,1739298
525702,1739298
1127608,1739298
409,1741243
704,1741243
5342,1741243
908094,1741243
173,1741273
210,1741273
252230,1741273
266723,1741283
1297986,1741283
1409,1741542
487254,1741542
1036,1742023
54214,1742023
557859,1742023
216,1742334
5024,1742334
931404,1742334
941777,1742334
243233,1742336
1289434,1742336
1679669,1742336
1898126,1742336
112,1742650
572,1742650
1288,1742650
1427,1742650
708,1743334
800,1743334
997,1743334
202810,1743334
418,1743922
339304,1743922
451,1744674
786806,1744674
907548,1744674
576,1745718
1358,1745718
1598,1745718
386472,1745718
654,1745777
866870,1745777
2776483,1745777
2779654,1745777
2868652,1745777
2898655,1745777
124,1745960
129,1745960
174,1745960
358316,1745960
461,1746624
2029,1746624
54214,1746624
1082,1747958
5109,1747958
182839,1747958
654110,1747958
740264,1748016
936403,1748016
195,1748122
246,1748122
134,1748179
244,1748179
614165,1748179
647634,1748179
202,1748197
246,1748197
1265067,1748197
1656122,1748207
1779870,1748207
530,1748224
922995,1748224
1520,1748227
1577637,1748227
598,1753383
1265802,1753383
725,1753449
189200,1753449
949433,1753449
1221906,1753449
5370,1753733
247720,1753733
1461,1753813
527852,1753813
1208167,1753813
2244205,1753813
167649,1753821
1002664,1753821
1468739,1753821
1682420,1753821
382,1754090
1999,1754090
375959,1754090
1256602,1754090
440514,1754478
1982266,1754478
313,1754656
182839,1754656
1046097,1754656
3237775,1754656
1354,1754708
193661,1754708
211559,1754736
424848,1754736
1705,1754811
4778,1754811
4109,1756474
70115,1756474
290556,1756791
788335,1756791
930226,1756832
3678876,1756832
174,1756851
1035,1756851
1136,1756851
1102577,1756851
244,1757678
667,1757678
757855,1757678
941777,1757678
1574,1757742
321800,1757742
502097,1757742
1213456,1757742
713389,1758575
2322853,1758575
31679,1758595
915208,1758595
569226,1758610
1013003,1758610
1211488,1758610
2173078,1758610
428065,1758692
947338,1758692
2225369,1758692
352778,1758795
790057,1758795
2201555,1758795
2215447,1758795
1250,1758810
1055413,1758810
5182,1758830
748620,1758830
2654829,1758830
2957717,1758830
1117,1761005
1664,1761005
1777,1761005
252961,1762233
933727,1762233
491,1762399
881631,1762399
2185462,1762399
3886028,1762399
344196,1763264
1744979,1763264
1812656,1763264
2564938,1763264
152,1764183
215,1764183
619,1764183
1779870,1764183
15382,1764198
641244,1764198
93,1764234
501,1764234
420955,1764234
1058940,1764234
1075,1764533
2181,1764533
162,1764636
213482,1764636
790057,1764636
1203457,1764645
1875238,1764645
2055,1764647
1316767,1764647
230,1764651
241,1764651
1330276,1764651
2955013,1764651
130,1764666
155,1764666
5282,1766094
5315,1766094
1415323,1766094
2811944,1766094
382,1766153
906,1766153
197714,1766153
343472,1766153
477,1767272
1763,1767272
7237,1767354
947338,1767354
98,1767372
5562,1767372
1063517,1767372
1782299,1767372
15196,1769363
278979,1769363
582149,1769363
96,1770734
318821,1770734
654110,1770734
2057859,1770734
329,1772230
508356,1772230
295,1772264
667,1772264
322407,1772264
836343,1772264
135221,1772271
402271,1772271
636562,1772271
1483369,1772271
199,1772288
906,1772288
4950,1772288
134072,1772288
1574,1772292
710829,1772292
749570,1772292
953882,1772292
604,1772341
528331,1772341
798971,1772341
1442113,1772341
227,1772408
551,1772408
256,1772422
1364,1772422
716490,1772422
640,1773058
1653,1773058
687692,1773058
1571439,1773058
443,1773734
441588,1773734
1218924,1774591
4211652,1774591
5417,1776167
726223,1776167
240,1777595
1137,1777595
437283,1777595
197,1778199
995,1778199
1136,1778199
449652,1779499
4185028,1779499
767,1779824
1110629,1779824
3930,1780934
261724,1780934
681,1780967
829576,1780967
299028,1780969
413168,1780969
225,1780983
661,1780983
1758,1780983
179,1781769
461136,1781769
532193,1781769
705356,1781796
914612,1781796
4051,1781812
608405,1781812
908914,1781812
134,1781827
1952,1781827
713378,1781827
1183149,1781827
102,1781840
1598,1781840
112,1781922
5562,1781922
1128572,1781922
4158922,1781922
387,1781944
364583,1781944
317,1783732
316079,1783732
227,1783798
87109,1783798
159802,1784486
2171898,1784486
1574,1785277
622544,1785277
750037,1785277
887695,1785277
1426,1785288
2623492,1785288
330371,1785612
1247855,1785612
290556,1785635
543383,1785635
1164,1786714
5162,1786714
184392,1786714
369424,1786714
614,1786751
15196,1786751
58581,1786751
291,1786762
418,1786762
458,1787067
1051,1787067
222643,1787759
1347153,1787759
5442,1788383
1176985,1788383
309,1789729
1365,1789729
136,1790809
849,1790809
1691,1790809
89217,1790809
1540,1790869
195439,1790869
1208725,1790869
249291,1790885
695435,1790885
835016,1790885
1567113,1790885
1518,1790886
2071,1790886
302108,1790886
837177,1790886
982,1791528
1618,1791528
5562,1791528
2239702,1791528
616,1791611
663,1791611
1166,1791611
1698,1791611
551,1791614
376716,1791614
2313103,1791614
1774,1791682
915208,1791682
1086543,1791682
3485845,1791682
5442,1792543
256121,1792543
1078479,1792543
251986,1793223
728762,1793223
68187,1794801
397110,1794801
2366201,1794801
1538,1795369
1212722,1795369
1394,1795371
352905,1795371
422234,1795371
571160,1795371
627995,1795371
1482,1796503
41744,1796503
259517,1796503
2280561,1796503
252230,1797487
925966,1797487
92961,1798188
376716,1798188
636562,1798188
947338,1798188
1082,1798243
5031,1798243
947338,1798243
1411125,1798243
671,1798603
870,1798603
376716,1798603
1845,1798684
350453,1798684
1046097,1798684
4802218,1798684
1618,1798709
10736,1798709
424060,1798709
1913734,1798709
940173,1799557
3255459,1799557
708,1799585
396812,1799585
1092227,1799585
288,1800241
10736,1800241
177896,1800241
2225369,1800241
1374980,1800246
1782299,1800246
1886602,1800246
190,1800302
397171,1800302
1183149,1800302
144,1800677
526,1800677
2564938,1800677
680,1800734
1044,1800734
364583,1800734
418877,1800734
180984,1801549
275244,1801549
237,1801552
593,1801552
5078,1801552
667,1802197
706,1802197
290556,1807944
625789,1807944
165101,1808440
266824,1808440
1330560,1809398
1727304,1809398
1925239,1809398
1650,1810683
1833,1810683
168,1810697
4753,1810697
5561,1810697
514228,1810697
87109,1811307
285913,1811307
960,1811315
5417,1811315
569226,1811315
936403,1811315
275486,1814621
748620,1814621
1822659,1814621
5118,1814790
5343,1814790
569226,1814790
924684,1814790
134,1815708
1845,1815708
329511,1815708
1265067,1815708
803889,1815782
2539953,1815782
366,1815799
557859,1815799
756203,1815799
773973,1815799
226,1815862
219292,1815862
645683,1815862
1535523,1815862
407,1815961
5343,1815961
930415,1815961
1845,1816518
933727,1816518
3237775,1816518
936403,1816597
4211652,1816597
1231,1816608
1667,1816608
1419440,1816608
3849842,1816608
588364,1816642
1468739,1816642
519043,1817081
939697,1817081
1218757,1817081
1921376,1817081
177896,1817273
331516,1817273
578949,1817273
3817,1817276
59215,1817276
99,1817676
546,1817676
578949,1817676
1459,1817771
4496875,1817771
546,1821426
155693,1821426
750037,1821426
1428821,1821426
1136,1821549
287182,1821549
644022,1821549
820053,1821549
72768,1821597
90469,1821597
25483,1821617
233481,1821617
265668,1821617
1065012,1821617
172,1821641
705,1821641
358316,1821641
2240346,1821641
1617,1821657
949292,1821657
409,1821658
553,1821658
1337,1821658
4715,1821658
164,1821694
246,1821694
518,1821694
545,1821694
166,1822239
661,1822239
1101,1822239
2064,1822260
5024,1822260
202970,1822260
265668,1822260
817027,1822311
1677477,1822311
445,1823096
1406,1823096
1562,1823096
5169,1823096
139,1823664
4937,1823664
126284,1823664
244,1823672
413168,1823672
1663205,1823672
1136,1825074
1243,1825074
5078,1825074
251986,1825157
852965,1825157
1985859,1825157
741,1825784
799777,1825784
374865,1825806
728762,1825806
356021,1826590
366389,1826590
1013003,1826590
461,1826627
42805,1826627
2179180,1826627
301,1826813
1441,1826813
811242,1826813
790057,1827578
815370,1827578
916406,1827578
407,1828320
3817,1828320
222643,1828320
1711,1828968
4266,1828968
241049,1828968
502015,1828970
610459,1828970
1722914,1828970
65007,1828972
1302735,1828972
378932,1829012
636426,1829012
1046097,1829012
2167957,1829012
1556,1829057
1119726,1829057
1247407,1829057
5417,1830713
342399,1830713
401,1830850
586,1830850
899,1830850
5251,1830850
174,1831623
5006,1831623
340973,1831623
335275,1833111
818055,1833111
654110,1833116
683253,1833116
226820,1833885
619406,1833885
2546012,1833885
1065,1833888
2425105,1833888
378932,1835955
1002664,1835955
146,1836808
2076,1836808
1020089,1836808
1528,1836818
132757,1836818
888468,1836818
1160472,1836818
236711,1836922
593844,1836922
750852,1836922
671,1836944
519456,1836944
391,1837562
1833,1837562
173,1837636
290556,1837636
507073,1837636
1500155,1837636
117709,1837703
396924,1837703
1212722,1837703
2539953,1837703
124,1837709
128,1837709
268199,1837709
353,1838475
1151,1838475
489436,1838475
1157358,1838475
4754,1838520
640323,1838520
2546012,1838520
2902567,1838520
4747,1838544
1086543,1838544
1358539,1838544
553,1838556
1598,1838556
2541974,1838556
323,1838603
737,1838603
320514,1839367
429069,1839367
618,1839406
1714,1839406
1593,1839482
5576,1839482
1882929,1839482
104,1839492
906,1839492
200452,1839492
1443740,1839492
245,1839642
438,1839642
906,1839642
151,1839654
515,1839654
701,1840309
940362,1840309
2541974,1840309
3772243,1840309
598,1840417
177896,1840417
757855,1840417
1312575,1840417
132257,1841596
865302,1841596
4742,1841642
342029,1841642
1682420,1841642
4743,1842371
382216,1842371
168,1843866
602,1843866
262635,1843866
424060,1843866
673,1844203
4912,1844203
5045,1844203
1269983,1844763
1310016,1844763
2943468,1844763
1482,1844777
724784,1844777
748683,1844777
835329,1844777
707,1844790
1698,1844790
1394,1845221
64826,1845221
2204677,1845221
6118675,1845221
198,1846589
4802,1846589
124930,1846589
996669,1846589
607865,1847529
765597,1847529
207,1847541
1090865,1847541
5096205,1847541
5096350,1847541
1285,1847615
217936,1847615
432,1848930
1185,1848930
427,1849810
609,1849810
5188,1850397
832314,1850397
881631,1850397
993507,1850418
1670029,1850418
275486,1850457
688132,1850457
748973,1850457
232,1851922
744,1851922
35783,1851922
2063560,1851922
1411,1852114
1698,1852114
782,1852770
470981,1852770
1953,1853544
618291,1853544
251986,1853643
502425,1853643
605079,1853643
926086,1853643
138,1853728
4937,1853728
910607,1853728
913488,1853728
319843,1854513
596807,1854513
893941,1854513
277213,1854564
503567,1854564
1275259,1854564
158626,1854580
182455,1854580
479527,1854580
2618497,1854580
350453,1855199
447695,1855199
671567,1855199
1065229,1855199
20354,1855226
335275,1855226
170,1855325
347149,1855325
2071,1855401
5162,1855401
148,1856101
331516,1856101
1176985,1856101
1644,1858522
948272,1858522
1032567,1858522
929,1858729
1997480,1858729
95,1859650
4851,1859650
251986,1859650
680983,1859650
134,1860213
1374980,1860213
2201555,1860213
3614913,1860213
126,1860242
437,1860242
870,1860242
2253,1860242
809,1860260
67169,1860260
874556,1860260
3426050,1860260
168,1860353
5351,1860353
316079,1860353
748973,1860353
242,1860357
621,1860357
243233,1862079
2159926,1862079
2201555,1862079
532,1863203
217716,1863203
2810287,1863203
628,1863268
4747,1863268
5277,1864288
170306,1864288
372379,1864288
581436,1864288
725200,1864288
900375,1864288
941559,1864288
335,1864405
227759,1864405
370035,1864405
1102577,1864405
317,1865393
4286,1865393
262521,1865545
668139,1865545
166,1866249
513,1866249
370035,1866249
544334,1866919
836343,1866919
1812656,1866919
2092886,1866919
168,1867093
456186,1867093
1550948,1867093
94789,1867988
4379365,1867988
1617,1869425
1752221,1869425
2907,1869716
680983,1869716
1779870,1869716
925,1869823
304801,1869823
1738,1870372
1289173,1870372
364583,1870419
387987,1870419
930226,1870419
456,1870529
205626,1870529
350454,1870529
1209966,1870529
389581,1870577
894690,1870577
809,1872101
201669,1872101
675521,1872101
3595344,1872101
809,1872102
201669,1872102
675521,1872102
3595344,1872102
4937,1872181
316079,1872181
1297015,1872181
1940449,1872181
375,1872194
380,1872194
671,1872194
267812,1872194
647634,1872818
714147,1872818
1374980,1872818
521,1872880
75710,1872880
404307,1874434
860233,1874434
5342,1876330
1172285,1876330
1365,1876451
1035682,1876451
792,1876517
1417647,1876517
532,1877707
1705034,1877707
2546,1877797
164929,1877797
200452,1877830
942482,1877830
1500155,1877830
2368789,1877830
1772,1877832
5212,1877832
413168,1877832
564215,1877832
502,1877893
1816,1877893
102,1878841
593664,1878841
3458761,1878841
1718,1878870
2794962,1878870
4726634,1878870
170550,1878942
424848,1878942
1062,1879012
228678,1879012
197855,1879032
447695,1879032
732497,1879032
1117791,1879032
514,1879078
1698,1879078
364963,1879078
438,1880399
339304,1880399
647634,1880399
837177,1880399
5148,1880415
803889,1880415
122653,1880418
2624186,1880418
216,1881002
613,1881002
147312,1881002
185,1881024
421,1881024
544611,1881060
668139,1881060
893257,1881060
327,1881064
689,1881064
146536,1881064
736622,1881109
1083271,1881109
1144419,1881109
1428821,1881109
616,1883367
489436,1883367
693,1884312
199939,1884312
1638341,1884312
4825,1884378
671721,1884378
4706451,1884378
174,1884414
228,1884414
377,1884414
1858,1884414
5517,1885265
628601,1885265
1347153,1885265
1057,1885299
1624,1885299
2006,1885299
3616206,1885299
479527,1885300
519043,1885300
1845,1886493
15196,1886493
1223023,1886493
2832695,1886493
616,1886680
4535518,1886680
1252,1887785
314358,1887785
1368,1887923
72344,1887923
270445,1887935
452190,1887935
784884,1887935
1384769,1887935
730455,1890403
741388,1890403
707,1891770
101799,1891770
1391252,1891770
59215,1891923
118569,1891923
460694,1891923
3038143,1891923
514,1891970
616,1891970
5458,1893256
938950,1893256
298,1893326
1580,1893326
1581,1893326
1126657,1894476
1519680,1894476
4043618,1894476
1602,1895315
266824,1895315
396924,1895315
4454223,1895315
474,1895587
630,1895587
749263,1895587
1046097,1895587
249291,1897929
371824,1897929
640,1899143
2145,1899143
885203,1899143
213,1899324
357979,1899324
1677477,1899324
2239702,1899324
1758,1900854
1064292,1900854
1782299,1900854
5162,1900924
908914,1900924
5162,1901004
48273,1901004
120,1901024
1250,1901024
190744,1901024
653669,1901024
687443,1901040
1232226,1901040
182,1904996
560,1904996
4821,1904996
5458,1904996
174,1905042
593664,1905042
2425105,1905042
132,1906329
5188,1906329
92961,1906329
449466,1907614
501210,1907614
243,1907668
332,1907668
422,1907668
1229204,1907668
418,1907707
996669,1907707
1024677,1907731
1679669,1907731
1880888,1907731
4051,1907743
475218,1907743
577329,1907743
732309,1907743
44430,1911600
2362713,1911600
932,1911644
4820,1911644
142,1912421
327944,1912421
522909,1912982
731575,1912982
1197529,1912982
1982266,1912982
555,1913166
209289,1913166
190,1915581
1475594,1915581
1601397,1915581
1641117,1915581
75359,1916735
264579,1916735
1449,1916749
4747,1916749
483,1918911
959113,1918911
5243,1918924
703831,1918924
821836,1918924
185,1919090
267511,1919090
379,1920849
5188,1920849
135221,1920849
279545,1920849
1160,1920945
192377,1920945
2092886,1920945
662,1921064
15382,1921064
115161,1921064
3229685,1921064
640,1921149
1913734,1921149
412,1922679
496,1922679
4741,1922679
1148573,1922679
141,1922685
438,1922685
1209,1922685
808,1922751
1648,1922751
298168,1924339
316725,1924339
1655880,1924339
3686873,1924339
3851244,1924339
3934670,1924339
4177019,1924339
4447751,1924339
4447906,1924339
661,1924396
1691,1924396
836343,1924396
206257,1924429
564215,1924429
915458,1924435
1443527,1924435
2159926,1924435
2400045,1924435
246,1925431
352,1925431
206257,1925431
241049,1925431
249,1925479
1151,1925479
2332,1925479
4770,1925479
579,1928330
1165,1928330
264579,1928330
465,1928334
6543093,1928334
189200,1928337
1969169,1928337
195439,1928340
754512,1928340
2238815,1928340
2998321,1928340
1427,1929263
2006,1929263
717709,1929263
115161,1929308
148418,1929308
1017334,1929308
1503432,1929308
98378,1930294
1051221,1930294
1128572,1930294
3536375,1930294
166,1930463
5561,1930463
460694,1930463
4154798,1930463
435,1930510
888468,1930510
147,1930546
162,1930546
1289434,1930546
134,1931435
473,1931435
1337,1931435
1086543,1931435
507,1931466
100866,1931466
771493,1931466
1512166,1931466
437,1931533
686,1931533
5377,1931533
268199,1931533
266824,1931602
647634,1931602
209,1932718
569,1932718
749263,1932718
1265802,1932718
194,1932767
2907,1932767
176869,1932767
1160,1933622
202603,1933622
268281,1934195
1314002,1934195
1594,1934205
1641,1934205
1285,1934260
577329,1934260
731286,1934260
745029,1934260
5246,1934397
5576,1934397
543383,1934397
582462,1934397
390253,1934458
888727,1934458
1072959,1934458
4103976,1934458
1682420,1934469
1785081,1934469
477127,1935065
3512758,1935065
299,1935072
448,1935072
457,1935072
643,1935072
193,1935089
285,1935089
1518,1935089
190,1935179
1731,1935179
1019,1935231
1744,1935231
641939,1935231
168,1935859
1132,1935859
1200692,1935859
631877,1935882
759685,1935882
846308,1935882
492,1935897
2254074,1935897
5085683,1935897
29400,1935902
88127,1935902
1017334,1935902
980,1935940
1971,1935940
208426,1937118
717709,1937118
851582,1937118
175916,1937264
266824,1937264
1879,1937340
4554428,1937340
115671,1937388
327072,1937388
1250,1937390
1745,1937390
479471,1937390
20717,1937419
631490,1937419
598,1937449
1287,1937449
225332,1937449
1374980,1937449
194,1939659
234668,1939659
1631269,1939659
1228,1939753
5442,1939753
2101,1941648
639200,1941648
439,1942831
588,1942831
1083,1942831
526985,1942831
741242,1942831
910536,1942831
1003,1942920
5212,1942920
4770,1942971
68338,1942971
40472,1942989
115671,1942989
3244,1945034
194572,1945034
273464,1945034
2332,1945044
1589004,1945044
2034147,1945044
476,1945052
2104193,1945052
666,1945062
1287,1945062
290556,1945062
5517,1945087
540441,1945087
805476,1945087
1472917,1945087
367,1946289
343082,1946289
782561,1946289
515,1946310
1468739,1946310
1472917,1946310
4004372,1946310
337,1946381
5522,1946381
922342,1946381
1544217,1946381
638,1946421
984,1946421
1772,1946421
224,1949605
871,1949605
477127,1949605
288,1950186
354,1950186
1256532,1950186
349,1950235
2215143,1950235
3843467,1950235
5097044,1950235
1285,1951176
2439994,1951176
1618,1951181
182839,1951181
719637,1951181
176869,1951216
1782299,1951216
2167957,1951218
4534098,1951218
58581,1951261
177896,1951261
302108,1951261
1159180,1951261
450,1951264
1242688,1951264
2225369,1951264
2955013,1951264
437,1951265
1242688,1951265
2225369,1951265
2955013,1951265
437,1951266
1242688,1951266
2225369,1951266
2955013,1951266
502015,1954204
722647,1954204
1662,1954341
257613,1954341
735467,1954341
2156591,1954341
799,1954343
66098,1954343
677,1954811
4395,1954811
6669,1954811
834989,1954811
139,1956620
781981,1956620
1117791,1956620
2608689,1956620
481,1956637
1394,1956637
202966,1957867
639200,1957867
581953,1959438
893257,1959438
124,1959490
128,1959490
164,1959490
914612,1959490
605080,1959526
3006818,1959526
168,1959563
198,1959563
5351,1959563
474,1961175
5125,1961175
2018237,1961175
103,1961279
581365,1961279
4051,1963768
40586,1963768
123,1964418
491402,1964418
1429380,1964418
407,1964618
673563,1964618
218,1964624
524528,1964624
5556,1964777
397110,1964777
898597,1964777
379072,1964795
1249052,1964795
722,1964972
285357,1964972
861771,1964972
1832975,1964972
245705,1965057
887670,1965057
34309,1965065
135221,1965065
916406,1965065
1555340,1965065
276,1965162
668139,1965162
112374,1965264
3126606,1965264
4200353,1965264
4750394,1965264
335,1966359
5562,1966359
1159180,1966359
701,1967545
982,1967545
163988,1967545
1072959,1967545
134,1967614
362,1967614
4908,1967614
5182,1967614
34733,1967669
2395586,1967669
749263,1969062
757855,1969062
132257,1969166
442207,1969166
104,1971325
429,1971325
1518,1971325
2171898,1971325
413,1971403
588777,1971403
450,1972571
705,1972571
117709,1972571
1046097,1972571
179,1972591
402271,1972591
5188,1972779
1157358,1972779
1882929,1972779
3478396,1972779
3817,1974382
580924,1974382
327,1974393
708,1974393
364583,1974393
206,1974419
376716,1974419
1102577,1974419
4753,1975159
5442,1975159
477127,1975159
1512166,1975159
379,1976000
1557,1976000
79651,1976000
1209966,1976000
564215,1976009
705356,1976009
778831,1976009
1457,1976629
2265157,1976629
1954240,1976989
2955013,1976989
3271473,1976989
274,1977941
115092,1977941
308,1977953
179224,1977953
456,1978512
513,1978512
630,1978512
683467,1978512
479527,1978532
915458,1978532
92,1979172
1037,1979172
1402,1979172
1589,1979172
117709,1979320
487884,1979320
1165110,1979320
1312575,1979320
158,1979376
741,1979376
1633,1979376
355024,1979376
531,1979388
942482,1979388
4455823,1979388
5558187,1979388
797464,1980038
2773059,1980038
242,1980209
1724,1980209
1107001,1980209
1491,1980218
261435,1980218
461136,1980929
749263,1980929
2794962,1980929
307,1981107
1114,1981107
719678,1981107
204,1981115
1745,1981115
1089991,1981115
1165110,1981115
124930,1981128
180411,1981128
487884,1981128
836343,1981128
447695,1981677
811242,1981677
2313103,1981677
2319871,1981677
437,1982854
195982,1982854
575184,1982854
526,1985017
5246,1985017
264579,1985017
5392,1985019
177639,1985019
1367,1985064
202966,1985064
224,1985094
232,1985094
686,1985094
4805,1985170
104373,1985170
575933,1985170
6469522,1985170
748973,1985949
837177,1985949
1144419,1985949
1265802,1985949
439,1985966
267506,1985966
287182,1985966
352778,1985966
5068,1986857
5312,1986857
265492,1986857
139,1987585
291,1987585
332,1987585
792,1987585
4740,1987585
26364,1987585
147825,1987585
173,1987680
186505,1987680
366389,1987680
174,1988781
609,1988781
331577,1988781
146,1989435
51282,1989435
856500,1989435
352,1989475
566,1989475
502,1989485
1256602,1989485
297,1990181
1151,1990181
100068,1990181
215,1990314
239,1990314
1449,1990314
765597,1990314
103038,1993391
549815,1993391
839730,1993391
1075208,1993391
418,1993396
5068,1993396
189144,1995341
1036340,1995341
1059821,1995341
2289780,1995341
336,1995342
1648,1995342
728762,1995477
2312345,1995477
94789,1996223
803397,1996223
310966,1996264
519043,1996264
1601643,1996264
2312345,1996264
427,1996346
5516,1996346
495095,1996346
2718512,1996346
101,1998256
261,1998256
741,1998256
776,1998256
893,1998256
902,1998256
366389,1999192
378245,1999192
1602,1999987
428065,1999987
752407,1999987
4496875,1999987
1062,1999995
811242,1999995
820053,1999995
138700,2002594
379072,2002594
154,2002718
4695,2002718
891786,2002718
397,2002789
3397183,2002789
519486,2004205
1494818,2004205
1435,2004420
126284,2004420
736622,2004420
1374980,2004420
1706767,2005151
1886602,2005151
4735,2005153
171513,2005153
153,2005164
174,2005164
501,2005164
115,2005374
131,2005374
1227814,2005374
293550,2006040
670408,2006040
2496312,2006040
1152,2006088
1629,2006088
342399,2006088
801356,2006088
104,2006295
981,2006295
763928,2006295
1285,2006721
454236,2006721
797464,2006721
1057932,2006721
547,2006753
5048,2006753
6610,2009406
1541272,2009406
4986,2009432
512934,2009432
916617,2009432
1143816,2009432
1523,2009606
4051,2009606
253216,2011130
273464,2011130
4753,2011159
215487,2011159
252961,2011159
378245,2011159
511892,2011953
629855,2011953
2185539,2011953
2766807,2011953
241049,2012011
283945,2012011
1845,2012665
5125,2012665
258402,2012665
1107001,2012665
225,2014202
661,2014202
5007,2014202
626259,2015367
768334,2015367
177896,2015381
695435,2015381
757855,2015381
616,2015503
998,2015503
117,2016335
513,2016335
515,2016335
893257,2016335
279,2017020
439,2017020
1724323,2017020
2953537,2017020
267812,2017486
835016,2017486
689,2017733
1785,2017733
741891,2017733
1153,2022441
1505,2022441
1872,2023453
1256602,2023453
2325393,2023453
182666,2023587
1567113,2023587
867,2024432
1605,2024432
158626,2024432
565250,2024432
194,2024469
553,2024469
1058940,2024469
1890784,2024469
202,2024506
1593,2024506
5561,2024506
93,2024544
252230,2024544
931324,2024544
1055413,2024544
871,2025661
1757,2025661
5006,2025661
729,2025690
4936,2025690
51509,2025690
1517976,2025690
725,2027064
625789,2027064
913460,2027064
1343331,2027064
4829,2027091
949433,2027091
851582,2027140
1082477,2027140
1758,2027154
1221906,2027154
1968873,2027154
616,2027215
184392,2027215
227,2027231
751638,2027231
1670137,2027231
731167,2030320
903677,2030320
630,2032557
662,2032557
5028,2032557
115,2032572
1744,2032572
5048,2032572
1626,2033952
687668,2033952
5377,2034031
461136,2034031
916406,2034031
1631269,2034031
542,2034098
1117,2034098
353,2034800
354,2034800
1836,2035462
6713,2035462
640,2035517
575184,2035517
922671,2035517
700577,2035670
910040,2035670
1546196,2035670
526019,2039338
680983,2039338
2400045,2039338
3584268,2039338
131,2039345
704,2039345
989182,2039345
242,2039393
422,2039393
1448,2039393
488953,2039393
1731,2039412
257969,2039412
899681,2039412
233481,2040367
593664,2040367
922995,2040367
1157358,2040367
242654,2040470
3846494,2040470
4496875,2040470
5337047,2040470
680,2040560
115671,2040560
327,2042449
1057932,2042449
3262742,2042449
422,2042568
1209966,2042568
1330560,2042568
1659547,2042568
782,2043888
170168,2043888
122653,2043893
132257,2043893
135221,2043893
251986,2043933
266824,2043933
765597,2043933
790057,2043933
951148,2043993
1616349,2043993
2179037,2043993
3678876,2043993
195,2044729
221,2044729
5403,2044729
935395,2044729
148964,2047807
733427,2047807
96,2048770
1722,2048770
3198709,2048770
4825013,2048770
331577,2048865
940158,2048865
2055,2049636
4978,2049636
666739,2049636
477,2050633
610459,2050633
1110,2051879
131235,2051879
638824,2051879
1663205,2051879
144133,2051886
808917,2051886
2298507,2051886
2527621,2051886
704,2053423
1209966,2053423
1325419,2053423
2693238,2053423
182839,2053425
774386,2053425
179,2053463
1876,2053463
1475594,2053463
1913734,2053463
603090,2055590
759898,2055590
474,2055709
1157358,2055709
194,2055765
1427,2055765
29400,2055765
2934314,2055765
502,2056692
1520,2056692
1857,2056692
146,2056771
424848,2056771
774386,2056771
842770,2056771
545,2057392
614,2057392
666739,2057392
1122026,2058054
2425105,2058054
3237775,2058054
147,2058107
173,2058107
1745,2058107
1183149,2058673
1954240,2058673
3478396,2058673
616,2058710
1729,2058710
199939,2058710
101005,2059171
916406,2059171
1984458,2059171
2179180,2059171
1757,2059193
364583,2059193
893,2061756
1449,2061756
1626,2061756
129310,2061841
141931,2061841
347957,2061841
2397459,2061841
980,2062622
342488,2062622
526019,2062645
1105038,2062645
1346942,2062645
1558589,2062645
204,2062700
331516,2062700
1055413,2062700
1913734,2062700
96,2062969
2244205,2062969
1100,2063666
1491,2063666
748270,2063666
3571592,2063666
644406,2063781
666739,2063781
935541,2063781
867,2064968
1082,2064968
731634,2064968
1312575,2064968
418,2065898
1295,2065898
347,2065945
448,2065945
276,2066048
347,2066048
68260,2066051
397171,2066051
1315,2066133
665235,2066133
2080328,2066133
4920,2066176
226813,2066176
759898,2069100
784884,2069100
2762049,2069100
4689415,2069100
165101,2069797
859450,2069797
1270009,2069797
232,2069955
708,2069955
63440,2070773
136482,2070773
364977,2070773
1853,2070862
810619,2070862
470981,2071550
1663205,2071550
1971,2071582
30153,2071582
469,2071595
295373,2071595
298271,2071595
3970548,2071595
551,2072233
4937,2072233
5517,2072233
1157358,2072233
15196,2072933
479527,2072933
700577,2072933
342,2073086
991,2073086
1714,2073086
1616,2073121
6669,2073121
1250791,2073121
345,2074464
926,2074464
226,2074488
4763,2074488
870039,2074488
72344,2075318
601376,2075318
956526,2075318
132660,2076346
504762,2076346
1007554,2076346
1221047,2076346
586568,2076822
4043618,2076822
5397459,2076822
549815,2076826
1002664,2076826
1468739,2076826
306,2076992
8892,2076992
3791687,2076992
4195561,2076992
719,2077747
995,2077747
4778,2077747
6969,2077747
276,2077819
335275,2077819
936403,2077819
1406,2077851
24404,2077851
714310,2077851
1898126,2077851
1570,2077866
4981746,2077866
4981750,2077866
4982466,2077866
4051,2078552
79273,2078552
835016,2078552
1291,2078718
593664,2078718
701,2080374
1099,2080374
736622,2080374
1055413,2080374
276,2081167
1767820,2081167
144,2081194
1223,2081194
872,2081252
788370,2081252
924684,2081252
144,2081274
245112,2081274
256121,2081274
407,2081367
616,2081367
1943692,2081367
671980,2081374
1601643,2081374
767,2081435
487254,2081435
619,2081437
611932,2081437
1925239,2081437
281956,2082152
410622,2082152
620,2083231
1553725,2083231
1052,2083271
342970,2083271
637218,2083271
1110321,2083271
4820,2083355
4875,2083355
563,2083362
514810,2083362
2826439,2083362
412,2083379
679,2083379
1845,2083379
167649,2083379
142,2083383
422,2083383
5493,2083383
10736,2083383
328828,2084970
461136,2084970
1212722,2084970
1395602,2084970
40586,2084977
562003,2084977
722629,2084977
1780,2085752
2998321,2085752
1166,2085928
1698,2085928
1883803,2085928
889846,2087989
1005514,2087989
357979,2088903
365988,2088903
502425,2088903
1677477,2088903
1152,2088907
101005,2088907
1063517,2088907
463,2088950
2064,2088950
241049,2088950
2624186,2088950
320762,2088962
1183149,2088962
708,2090447
1711,2090447
2436,2090447
642522,2090447
104,2090465
1667,2090465
5305,2090465
123632,2090494
357979,2090494
366389,2091256
1159180,2091256
1512166,2091325
1544217,2091325
5251,2091427
317725,2091427
2368789,2091427
397,2091455
411,2091455
354,2091473
531,2091473
1358,2091473
1024677,2091473
2142,2091478
5342,2091478
389581,2091478
619,2091935
5377,2091935
447695,2091935
358922,2093270
390285,2093270
273464,2093990
530365,2093990
228,2093991
424216,2093991
788335,2093991
1641117,2093991
4825,2093995
1032567,2093995
1157358,2093995
4625502,2093995
908094,2094018
1270009,2094018
179,2094116
375,2094116
1046097,2094116
205,2094762
89485,2094762
339304,2094762
460,2094766
182839,2094766
322407,2094766
1055413,2094766
1426,2094856
910607,2094856
321,2095568
1722,2095568
665235,2095568
827170,2095568
173,2095649
619,2095649
1449,2095649
120,2096672
1099,2096672
390229,2096672
1443527,2096672
85400,2096673
352778,2096673
688132,2096673
126,2097298
4742,2097298
68338,2097307
155693,2097307
177896,2097307
173,2097331
867,2097331
687694,2097331
1063517,2097331
491,2097333
287182,2097333
707,2098627
1852,2098627
725,2098799
1629,2098799
72344,2098799
794687,2098799
532,2099556
2655177,2099556
4721,2099700
80049,2099700
4908483,2099700
4911881,2099700
1086384,2099759
1880888,2099759
1987331,2099759
2273354,2099759
542677,2101307
870204,2101307
1148573,2101307
1503432,2101307
197714,2101331
541576,2101331
5024,2101341
268199,2101341
636426,2101341
1002641,2101341
204,2101383
288,2101383
949,2101383
1133,2101383
1227814,2101441
1411125,2101441
275417,2101569
1443740,2101569
276,2102496
333982,2102496
2343444,2102496
616,2102497
325707,2102497
1860,2102499
797464,2102499
606,2102505
4937,2102505
420,2103203
956956,2103203
378855,2103204
1370408,2103204
215,2103254
870,2103254
5049,2103254
565250,2103254
169,2103264
289142,2103264
705,2103267
915208,2103267
1882152,2103267
198,2103281
5392,2103281
785227,2103281
2240346,2103281
1426,2104837
2027,2104837
35514,2106361
909768,2106361
915637,2106361
4721,2106392
71275,2106392
195982,2106392
608,2106482
999,2106482
1321,2106482
619,2106550
208426,2106550
197647,2106651
339304,2106651
607865,2106651
499,2108465
1166,2108465
300824,2108465
456,2108546
396924,2108546
410622,2108593
1002664,2108593
1682420,2108593
242,2109248
1804,2109248
350,2110388
543383,2110388
525921,2112096
766837,2112096
1953,2112136
900915,2112136
136,2112152
416,2112152
358922,2112210
543215,2112210
241,2112277
547,2112277
303981,2112326
3934670,2112326
4742,2112883
85312,2112883
511,2113659
1315,2113659
1626,2113659
16141,2113683
29460,2113683
781899,2113683
192505,2114461
1057932,2114461
1065454,2114461
906,2115295
1624,2115295
1102577,2115295
941777,2119532
1940449,2119532
1954240,2119532
3478396,2119532
949,2119543
1492,2119543
85312,2119543
6236783,2119543
1191,2120120
227759,2120120
416673,2120120
1157358,2120120
168,2120176
1939267,2120176
1634,2121286
4700,2121286
4045841,2121286
4150847,2121286
500976,2121304
1249052,2121304
665,2123342
544611,2123342
2943468,2123342
4747,2123884
848554,2123884
582149,2124074
1677477,2124074
4747,2124787
2943468,2124787
1075,2125511
1926,2125511
164,2126235
1426,2126235
396558,2126235
428065,2126235
1303,2126355
1275259,2126355
182,2126357
1852,2126357
1227814,2126357
246585,2130211
1281076,2130211
2907,2131532
2057859,2131532
3014840,2131532
257,2131674
336701,2131674
160,2133196
719678,2133196
5109,2133333
103785,2133333
290556,2133333
1567113,2133333
1505,2134170
540441,2134170
225,2136759
1194,2136759
302108,2137351
652663,2137351
798971,2137351
616,2137381
800,2137381
4109,2137516
451600,2137516
262635,2139555
1157358,2139555
2201555,2139555
235417,2139799
855564,2139799
942711,2139799
1119726,2139799
2057,2139829
202966,2139829
234,2139881
736622,2139881
2053085,2139881
268,2139997
47265,2139997
191,2140037
204,2140037
249291,2140037
763928,2140037
429114,2140189
1828818,2140189
158,2140373
668,2140373
268199,2140373
1426,2140379
5351,2140379
328828,2140379
255,2140479
447695,2140479
799777,2140479
1256532,2140479
532193,2140507
1212722,2140507
4043618,2140507
2253,2140577
515296,2140577
1443740,2140577
2159926,2140577
1221906,2140619
1886602,2140619
3006818,2140619
3264596,2140619
5561,2140629
1144419,2140629
1679669,2140629
70115,2141623
1036340,2141623
5109,2141773
644022,2141773
841910,2141773
1738,2141777
521753,2141777
56770,2141941
529813,2141941
2235173,2141941
195197,2145548
3567018,2145548
4496875,2145548
5080525,2145548
96,2145829
1426,2145829
1097,2147459
341737,2147459
1228,2147537
492342,2147537
735467,2147545
2011714,2147545
4324539,2147545
4433641,2147545
679,2147567
1555,2147567
339304,2147567
347149,2150511
751085,2150511
115671,2158731
170550,2158731
177639,2158731
551,2160105
2254074,2160105
899,2160313
269419,2160313
547,2160331
1848,2160331
199215,2160331
616,2166500
1738,2166500
77720,2166500
115671,2166616
298281,2166616
1650,2166934
1754366,2166934
2233462,2167186
3397183,2167186
160,2167202
685,2167202
293550,2167202
1411125,2167202
1985859,2167266
3485845,2167266
116,2169432
138,2169432
200,2169432
701,2169432
708,2169432
867,2170299
5049,2170299
1063517,2170299
580,2170369
1291974,2170369
98,2170439
867,2170439
206359,2170439
837177,2170439
195,2170593
565250,2170593
915208,2170593
5897057,2170593
1480,2171120
1757,2171120
2336136,2171120
3021924,2171120
1721,2171791
290556,2171791
1312575,2171791
1334869,2171791
29400,2171867
70115,2171867
2955013,2171867
1987,2171881
33505,2171881
305081,2171881
3835203,2171881
59215,2172001
494784,2172001
2391794,2172001
2670679,2172001
616,2172402
644,2172402
1879,2172402
131,2172584
194,2172584
1500155,2172584
1985859,2172584
126,2172934
1567,2172934
1720028,2172934
2794962,2172934
621,2172985
224565,2172985
935395,2172985
411,2175470
708,2175470
543383,2175470
265492,2175669
3038143,2175669
1461,2176051
959113,2176051
123,2177771
195,2177771
354,2177771
949,2177771
59215,2179087
1343254,2179087
644406,2179116
2030779,2179116
2773059,2179116
3538718,2179116
177896,2179136
973177,2179136
1092227,2179136
6518675,2179136
421,2179226
891275,2179226
384423,2179532
4862507,2179532
437,2179536
1926,2179536
366449,2179536
384423,2179536
4140987,2179536
4862507,2179536
7255914,2179536
7447102,2179536
384423,2179560
7255914,2179560
7447102,2179560
5519,2179936
911320,2179936
1840504,2179936
658,2180411
447695,2180411
1289434,2180411
1517976,2180411
1970,2180549
803397,2180549
260,2180994
1439,2180994
2332,2180994
374,2181310
4760,2181310
98709,2181959
462407,2181959
1108,2182175
5078,2182175
4266,2182972
5460,2182972
92961,2184219
278979,2184219
701512,2184219
1376,2184227
785842,2184227
1494072,2184227
619,2184233
4004372,2184233
115161,2184287
1002641,2184287
1405398,2184287
160,2184339
372176,2184339
397,2187137
4920,2187137
408284,2187137
1020345,2188753
2233462,2188753
538,2189978
929609,2189978
1599,2190165
1625,2190165
434,2190193
444786,2190193
1441,2190467
1017334,2190467
1404239,2190467
614,2191082
356017,2191082
159802,2191400
1561982,2191400
1191,2191701
1674,2191701
416673,2191701
366027,2191880
440229,2191880
1880888,2191880
178,2193091
1065229,2193091
5068,2193191
89485,2193191
139,2193215
849,2193215
4851,2193215
1055413,2193215
241,2193265
111013,2193265
1250,2193782
40939,2193782
631490,2194499
1046097,2194499
1727304,2194499
494784,2194628
621348,2194628
1277,2194826
864997,2194826
1982266,2194826
386472,2195548
499223,2195548
748620,2195548
5370274,2195548
540441,2196055
924210,2196055
172,2197936
21835,2197936
899681,2197936
5162,2198191
2090702,2198191
574,2198241
1001,2198241
2436,2198241
265492,2198241
561717,2198281
611407,2198281
698413,2198281
1249826,2198281
247579,2199251
1477070,2199251
352,2199571
438,2199571
553,2199571
68338,2201221
111013,2201221
535502,2201221
1443740,2201221
222,2201251
435,2201251
5179,2201251
578853,2201532
604742,2201532
1726,2202928
588364,2202928
99,2203898
1953,2203898
139,2203939
5182,2203939
182666,2203939
1289173,2204080
1310016,2204080
3480246,2204080
1218,2204379
2057726,2204379
124,2205697
1427,2205697
1822659,2205697
2934314,2205697
834,2205762
1010931,2205762
1490183,2205762
4109045,2205762
216,2205904
620,2205904
2073,2205904
925220,2205904
524528,2207050
933727,2207050
1451,2209706
366389,2209706
136,2209764
151,2209764
356017,2209764
614165,2209764
199939,2209792
583951,2209792
924684,2209792
185,2210463
275913,2210463
271,2210781
420955,2210781
1330560,2210781
1125,2210834
571160,2210834
1101,2210835
5460,2210835
213286,2210835
841460,2210835
1242668,2210835
1302452,2210835
2316358,2210835
5738891,2210835
131,2212008
134,2212008
417,2212008
274,2212778
1218,2212778
4844,2214114
3021924,2214114
1524,2214815
447290,2214815
252230,2215077
628601,2215077
741242,2215077
1376,2215221
2864046,2215221
612,2215285
792,2215285
506405,2215285
1347153,2215285
321,2217859
1376,2217859
251986,2217859
4917921,2217859
107,2217895
420955,2217895
1544217,2217895
2034147,2217895
980,2218003
1354,2218003
51509,2218003
356017,2218003
17343,2219958
1357740,2219958
643,2220544
1074,2220544
799,2221032
280051,2221032
495095,2221362
1165044,2221362
2298507,2221362
498,2221648
914113,2221648
740264,2222042
3725055,2222042
126,2223990
1449,2223990
4950,2223990
1569276,2223990
438,2224004
635330,2224004
182,2224026
188,2224026
1982597,2224026
2355036,2224073
2788999,2224073
3075802,2224073
3800566,2224073
85400,2224509
189144,2224509
2298281,2224509
4025491,2224509
786639,2226321
1002664,2226321
2016345,2226321
1347,2226417
5417,2226417
126284,2226417
933940,2226417
115161,2226519
1544217,2226519
1685408,2226519
1882152,2226519
551,2226597
701,2226597
977,2226597
252961,2226597
836,2229377
388933,2229377
1223023,2229377
194,2229499
1103,2229499
330687,2229499
424060,2229499
1804,2231138
1404408,2231138
5458,2231253
29400,2231253
893257,2231253
1828,2231367
726223,2231367
1705034,2231367
2811852,2231367
15196,2231461
365140,2231461
604742,2231461
218,2231630
809,2231630
128,2233999
342241,2233999
318821,2234003
322407,2234003
717709,2234003
1483369,2234003
1097351,2234025
2159926,2234025
2355635,2234025
1644,2234032
2279940,2234032
681,2234155
5562,2234155
126284,2234155
541902,2234155
112,2234261
668,2234261
1758,2234261
317,2234429
998,2234429
1857,2234550
647638,2234550
566,2235372
1133,2235372
1423955,2235372
364813,2235779
3510471,2235779
477127,2236054
860233,2236054
915989,2236054
446,2236182
839486,2236182
412,2237324
1759,2237324
5527,2237324
881631,2237324
187719,2237914
350079,2237914
1229204,2237914
329,2238032
424216,2238032
291,2238050
5221,2238050
940362,2238050
1200692,2238050
920185,2238420
1064292,2238420
654110,2239822
1982597,2239822
5517,2239832
366389,2239832
1368,2240190
4729,2240190
202966,2240190
241870,2240190
662519,2240190
274721,2241199
557859,2241199
123,2241351
210,2241351
922035,2241351
1925239,2241351
365650,2241475
2339680,2241475
2100,2242174
504267,2242174
14135,2243681
268286,2243681
126284,2244901
580351,2244901
106,2245003
1057,2245003
175916,2245003
1002641,2245003
1035682,2245151
1685408,2245151
1725848,2245151
1963091,2245151
216,2246597
286,2246597
1045,2246597
368,2247476
4821,2247476
442207,2248835
3859710,2248835
1845,2249081
51509,2249081
299,2249119
4760,2249119
1845,2249221
89217,2249221
375,2250912
474,2250912
673,2250912
4043618,2250912
1305,2251281
198804,2251281
243806,2251281
435323,2251281
409,2257284
66586,2257284
1368,2258058
369424,2258058
507212,2258058
98,2258233
182,2258233
572,2258233
172,2258285
950,2258285
995,2258285
1845,2258285
95,2258345
232,2258345
1806,2258345
5527,2258345
800,2258351
56770,2258351
285136,2258351
2059001,2258351
1653,2259858
668271,2259858
1102577,2261287
4675650,2261287
179,2261331
578853,2261331
861915,2261331
1058940,2261331
704,2261469
85312,2261469
1744,2261547
888727,2261547
293509,2262175
1546196,2262175
579,2262227
526019,2262227
757855,2262227
1475594,2262227
1001,2262315
1507857,2262315
1368,2262518
241049,2262518
880181,2262518
725,2262788
2326120,2262788
2459634,2262788
3137804,2262788
232,2263648
412,2263648
322513,2263648
4825,2265050
1034965,2265050
200,2265080
580,2265080
4920,2265080
1412974,2265080
56770,2265279
351055,2265279
479077,2265279
4920282,2265279
447695,2265398
515296,2265398
1312575,2265398
2159926,2265398
68338,2265534
336701,2265534
367176,2265534
771414,2265534
576,2265567
1774,2265567
387987,2267620
865302,2267620
163,2267968
1401,2267968
85312,2267968
186505,2267968
255,2267998
439,2267998
683253,2267998
1347153,2267998
93589,2268016
542133,2268016
735226,2268016
1475594,2268016
616,2268018
1480744,2268018
661,2271563
662,2271563
492,2271671
790057,2271671
292182,2273401
3425494,2273401
290556,2273657
428065,2273657
1706767,2273657
5316,2274570
911320,2274570
1843026,2274570
170,2274648
1092086,2274648
630,2275471
675,2275471
1221,2275471
195982,2275591
541218,2275591
526985,2275629
713389,2275629
545,2275743
5561,2275743
461136,2275743
836343,2275743
5068,2275946
931656,2275946
618,2276095
687914,2276095
511264,2276244
1060641,2276244
413,2276480
719,2276480
1494,2276480
4802218,2276480
1309,2277308
184392,2277308
726223,2277308
1480,2277840
215293,2277840
393953,2277840
891275,2277840
1122,2277860
647698,2277860
146,2278388
719,2278388
4778,2278388
105,2278870
680,2278870
536883,2278870
726180,2278870
947,2278878
4752,2278878
507212,2278878
188,2279339
422,2279339
473,2279339
1159180,2279339
104,2279373
317,2279373
444786,2279373
1062,2281215
40015,2281215
85312,2283362
366389,2283362
2394794,2283362
18,2286596
27323,2286596
477127,2286990
1982266,2286990
725,2287030
750353,2287030
140,2287905
1221,2287905
1852,2287905
761212,2289526
2864046,2289526
3584268,2290553
4534098,2290553
3930,2290709
2466842,2290709
1722,2290739
1343254,2290739
1732,2290829
123488,2290829
656739,2290829
1107178,2292959
1289173,2292959
113,2293640
474,2293640
358316,2293640
708,2293750
2130586,2293750
1084,2294449
644406,2294449
1475594,2294449
1706767,2294449
68338,2294629
1265802,2294629
2676147,2294629
649,2294663
159776,2294663
577329,2294677
1117791,2294677
1128572,2294677
1143861,2294677
867,2294729
4715,2294729
302108,2294729
1354,2295564
1556,2295564
1036181,2295564
568180,2295722
925220,2295722
1520,2295908
347149,2295908
2965079,2295908
136,2296777
564215,2296777
1289434,2296777
1626,2296935
1682420,2296935
13037,2297864
1041023,2297864
1578,2298304
34309,2298304
440229,2298304
771493,2298304
916406,2300975
3512758,2300975
1367,2302701
501210,2302701
605080,2302701
750916,2302701
151,2302755
291,2302755
1173,2302755
124930,2302755
834282,2303110
941708,2303110
252961,2304771
365140,2304771
1631269,2304933
3173395,2304933
168,2304953
730455,2304953
1002641,2304953
368,2305051
451,2305051
702,2305051
401264,2305051
116,2306723
751,2306723
4920,2306723
616,2309762
184392,2309762
5221,2310109
1256602,2310109
949,2310332
5212,2310332
35514,2310332
293509,2310332
1828,2310750
338886,2310750
915989,2310792
1882152,2310792
87109,2311348
194572,2311348
671980,2311776
716490,2311776
861027,2311776
1052141,2311776
680,2312184
341176,2312184
213,2312718
5458,2312718
98378,2312718
290556,2312718
528331,2312890
1063517,2312890
480,2314374
492,2314374
515,2314374
223,2314824
571,2314824
1411125,2314824
1822659,2314824
409,2314886
839486,2314886
534132,2315338
543215,2315338
809049,2315338
578853,2315582
1913734,2315582
4936,2315596
382911,2315596
1082,2316204
1055413,2316204
1144419,2316204
2239702,2316204
618,2316411
350453,2316411
491259,2316411
5377,2316479
272252,2316479
2355635,2316479
4555381,2316479
532193,2316627
852965,2316627
1769728,2316627
1775235,2316627
635330,2316801
2244205,2316801
991,2316810
1136,2316810
4747,2316868
164809,2316868
1208167,2316868
1779870,2316868
1678610,2317484
1918942,2317484
1598,2318092
339304,2318092
1641117,2318092
4753,2318527
1117791,2318527
1221047,2318527
2355036,2318527
283997,2319018
500976,2319018
322407,2319580
684521,2319580
2018237,2319580
407,2319879
42805,2319879
299,2320388
1235,2320388
680,2321195
800,2321195
1228,2321341
5024,2321341
424481,2321341
695860,2321471
804650,2321471
916406,2321502
933988,2321502
1134641,2321502
2189625,2321502
424848,2322441
1946193,2322441
949409,2322517
1209966,2322517
1330560,2322517
2864046,2322517
1367,2323912
247579,2323912
936403,2323912
1518,2325002
4906,2325002
2568364,2325002
3359985,2325002
411,2325853
452288,2325853
173,2325977
1212,2325977
915989,2325977
4140987,2326192
4862507,2326192
171,2326574
501,2326574
1293,2326574
5351,2326612
5454,2326612
206257,2326612
257969,2326612
1491,2327541
472710,2327541
1843026,2327541
227,2328745
551,2328745
524197,2328745
1519680,2328900
3053338,2328900
128657,2330666
1197529,2330666
872,2330852
96608,2330852
415066,2330973
2093766,2330973
227759,2331047
233027,2331047
122653,2331880
122688,2331880
280955,2332573
529432,2332573
653669,2332573
451,2332579
148418,2332579
2927993,2332579
5383638,2332579
603,2332831
570819,2332831
116,2332883
751,2332883
104,2333784
230,2333784
1472,2333784
5458,2333784
667,2333804
910607,2333804
377,2334593
247720,2334593
677139,2334593
1137209,2334593
243806,2334649
818055,2334649
406975,2334733
1334869,2334733
1985859,2334733
3009232,2334733
1394,2334796
494170,2334796
631490,2334796
5563184,2334796
285,2334873
949,2334873
765597,2334873
1020089,2334873
4937,2334879
164809,2334879
350454,2334879
1475594,2334879
4140987,2337838
4862507,2337838
1166,2338088
1232226,2338088
123,2338173
354,2338173
982,2338173
1100,2338424
356017,2338424
542133,2338424
837177,2338424
168,2338454
349,2338454
488953,2338454
925966,2338454
1491,2339064
1633,2339064
565,2340142
616,2340142
836071,2340142
5416,2341664
319843,2341664
609114,2341664
502,2342071
101710,2342071
1918942,2342071
553,2343793
4778,2343793
5109,2343793
1312575,2343793
671,2345112
316079,2345112
1374980,2345112
565569,2345567
634409,2345567
510,2345721
628,2345721
893257,2345721
1602,2345737
275913,2345737
1058940,2345737
1500155,2345737
128,2345759
129,2345759
2245,2346170
864937,2346170
1067699,2346170
2104193,2346170
407,2346406
217936,2346406
532,2347497
6610,2347497
1652433,2347569
3485845,2347569
310,2347782
202966,2347782
5351,2349144
578853,2349144
1629,2349460
219835,2349460
1404488,2349460
353,2350892
369,2350892
5442,2350892
568180,2350892
4978,2352802
3264596,2352802
5085683,2352802
5196,2354329
59946,2354329
865719,2354329
896554,2354329
4876284,2354329
1852,2355495
5454,2355495
799777,2355495
939697,2355495
551,2357129
1305,2357129
5110,2357129
1265802,2357129
937930,2357144
1065454,2357144
1690331,2357144
2174090,2357144
1860,2357263
385644,2357263
412,2357291
4266,2357291
251986,2357291
1318596,2357291
1439,2357453
341737,2357453
147605,2357461
872910,2357461
362,2357770
515,2357770
2240346,2357770
2265157,2357770
8231,2357868
59946,2357868
68167,2357868
71358,2357868
681,2358925
5188,2358925
929489,2358925
2002649,2358925
4365,2359137
642198,2359137
458,2359381
606,2359381
5017,2359381
5049,2359381
299,2361184
2303111,2361184
3170830,2361184
3922475,2361184
255,2361317
322407,2361317
582149,2361317
1102577,2361317
134,2361509
623,2361509
4266,2361509
4991,2361618
254712,2361618
609114,2361618
937930,2361618
253708,2363181
607185,2363181
1577637,2363181
616,2363449
256121,2363449
301381,2363449
185404,2364006
914455,2364006
1738,2364816
1828,2364816
255,2364841
5493,2364841
1107001,2364841
2605345,2364841
656929,2364949
680983,2364949
1058940,2364949
1679669,2364949
649,2365001
2122,2365001
228678,2365001
503627,2365001
401,2365580
949,2365580
339460,2365580
1325419,2365580
376716,2366608
1519680,2366608
390903,2368254
683253,2368254
411,2368553
1334,2368553
327,2368606
514,2368606
5272,2368606
342241,2368606
252961,2368619
717709,2368619
3114649,2368619
1038,2368635
593664,2368635
954704,2368635
1326732,2368635
997,2368908
1367,2368908
185,2369041
12078,2369041
666739,2369135
1002641,2369135
1782299,2369135
3264596,2369135
2332,2369205
4747,2369205
2362713,2369205
239,2369317
4846,2369317
93589,2369317
933940,2369317
89485,2370138
1645304,2370138
1032567,2370230
3239803,2370230
488953,2370248
3239803,2370248
235,2372251
1455681,2372251
2265157,2372251
1434,2372776
1731,2372776
1765,2372776
2683014,2374196
4570282,2374196
874,2374745
341176,2374745
984,2374887
1772,2374887
448,2375005
836,2375005
411,2375443
1194,2375443
703831,2375443
287,2375639
514,2375639
555,2375639
616,2375844
998,2375844
616,2375906
1164,2375906
5162,2375906
237,2376218
1626,2376218
817844,2376218
51509,2377322
1183149,2377322
1601397,2377322
131974,2377752
224565,2377752
951148,2377752
1634944,2377752
437,2378507
488953,2378507
915208,2378507
83795,2379402
1546196,2379402
2959893,2379402
146,2379713
185819,2379713
910607,2379713
2244205,2379713
973,2380307
305558,2380307
312,2380331
1117,2380331
654110,2380331
1025,2380560
1283,2380560
452288,2380560
980,2381111
1519680,2381111
1710309,2381111
1727304,2381111
373,2381181
395,2381181
1496173,2381181
129,2381249
670408,2381249
719637,2381249
551,2381355
5169,2381355
1287,2381931
1505,2381931
5251,2381931
226,2381941
763928,2381941
3053338,2381941
616,2381962
29502,2381962
234,2381991
1165110,2381991
1289434,2381991
1567113,2381991
353,2382009
1250,2382009
1745,2382009
68260,2382009
185819,2382320
2244205,2382320
1250,2382422
99828,2382422
817844,2385119
1310016,2385119
206257,2385255
931324,2385255
90469,2385784
1249052,2385784
1960,2385882
343082,2385882
1746,2386278
1882929,2386278
956,2386285
597388,2386285
719,2386490
949,2386490
1065229,2386490
741378,2387395
2480063,2387395
5392,2387433
357979,2387433
279545,2387499
302108,2387499
358316,2387499
2933757,2387499
681,2387559
695435,2387559
1130627,2387559
532,2387575
579,2387575
398,2387576
640,2387576
1459,2387576
32696,2387576
342045,2387576
406975,2387576
1297015,2387576
1940449,2387576
495095,2388621
940158,2388621
2466842,2388621
729,2388637
4936,2388637
1676649,2388637
1913734,2388637
168262,2388715
2394794,2388715
4154798,2388715
288,2388771
949,2388771
365140,2388771
1212722,2388771
256121,2389182
462712,2389182
668139,2389182
144,2390032
725,2390032
296545,2390237
429069,2390237
1469236,2390237
1483369,2390237
1057,2390361
1254,2390361
1416,2390361
21835,2390426
3127008,2390426
639928,2390630
1503432,2390630
1597268,2390630
4122775,2390630
673,2390994
5377,2390994
324233,2390994
552423,2390994
156,2392326
980,2392326
1107,2392385
1664,2392385
1165044,2392385
667,2392810
2655177,2392810
616,2392846
1764351,2392846
194241,2393825
608012,2393825
684371,2393825
1782153,2393825
670408,2393845
1292661,2393845
1954240,2393845
1293,2393917
652663,2393917
1295,2394003
929609,2394003
241,2395199
779866,2395199
146,2395343
1132,2395343
5212,2395343
375,2395427
262635,2395427
749263,2395427
1165110,2395427
147,2396046
242,2396046
569,2396046
1191,2396046
4851,2396046
164809,2396589
1330560,2396589
1659547,2396589
1269,2396659
1744,2396659
1831,2396659
5502,2396721
226813,2396721
408284,2396721
1556320,2396721
92,2397461
347149,2397461
860380,2397461
3099754,2397461
160,2397535
852965,2397535
922210,2397535
3512758,2397535
643740,2397902
1050671,2397902
169,2398231
1584,2398231
5476,2398231
3501146,2398231
542133,2398241
933988,2398241
1416215,2398241
1442113,2398241
352778,2398249
688132,2398249
748620,2398249
1130627,2398249
4632,2400441
891275,2400441
87109,2400463
401264,2400463
1334869,2400463
1538675,2400463
891895,2401199
953197,2401199
613,2401715
364813,2401715
1605114,2401715
726223,2401789
1057932,2401789
115,2401807
629697,2401807
151654,2401825
955471,2401825
492,2401878
667,2401878
856500,2401912
863816,2401912
71275,2402085
1550948,2402085
1782299,2402085
234,2402101
376716,2402101
396558,2402101
1631269,2402101
179,2402105
65007,2402105
3592338,2402105
112,2402157
810488,2402157
3478396,2402157
285,2402179
864812,2402179
1567113,2402179
1117,2402200
75359,2402200
265492,2402200
249291,2402603
929489,2402603
2541974,2402603
2934306,2402603
949,2402927
151419,2402927
1913734,2402927
670,2402985
295103,2402985
310865,2404163
675521,2404163
1669,2404181
1833,2404181
328828,2404181
1813221,2404181
124930,2404233
182666,2404233
1569276,2404233
4154798,2404233
1455,2404299
5123,2404299
735226,2404299
930053,2404299
134,2404311
201,2404311
545,2404425
5017,2404425
5351,2404425
117709,2404425
160,2404435
243,2404435
352,2404435
695435,2404435
113,2404463
65007,2404463
565250,2404463
5049,2404465
205626,2404465
5085683,2404465
1131,2404469
636562,2404469
147,2404639
391,2404639
1833,2404639
285,2405792
1254,2405792
275486,2405792
580,2406468
624510,2406468
234,2406566
422,2406566
564215,2406566
418,2409418
469103,2409418
4851,2411144
6702,2411144
38572,2411144
720277,2411144
693,2411776
1323,2411776
57217,2412714
646351,2412714
616,2412746
98372,2412746
924684,2412746
1299,2414760
501422,2414760
707,2414886
516215,2414886
630,2417712
5405,2417712
343082,2417712
683467,2417712
616,2419354
364583,2419354
741378,2419354
1864,2420166
2564938,2420166
198804,2420756
256121,2420756
513,2421416
5031,2421416
5049,2421416
163988,2421416
5318,2422276
75359,2422276
6679,2423916
73903,2423916
252961,2423916
400240,2423916
511541,2423916
561480,2423916
1055413,2423916
3801823,2423916
1334,2425466
5443,2425466
3080981,2425466
144812,2427968
314358,2427968
596,2429278
444621,2429278
1132,2431286
1858,2431286
176869,2431286
102,2434688
32304,2434688
2063560,2434688
3054583,2434688
165101,2435458
189200,2435458
2185539,2435458
484541,2436386
4103976,2436386
4722966,2436386
437,2436682
1710309,2436682
2955013,2436682
1287,2437548
1491,2437548
773973,2437548
2319871,2437548
606,2441982
2010,2441982
11038,2442466
275244,2442466
1556,2443822
756083,2443822
933988,2443822
5786768,2443822
1058,2445178
1244,2445178
1833,2445178
463,2446042
553,2446042
1845,2446042
1192254,2446042
134,2446980
177896,2446980
1183149,2446980
2225369,2446980
24188,2447842
583856,2447842
1744,2449638
3080981,2449638
387,2449810
532,2449810
1278,2449810
1617,2449810
616,2450056
1738172,2450056
2007030,2450056
5442,2450334
462712,2450334
1845,2452150
4883,2452150
549505,2452150
191,2452200
2539953,2452200
4154798,2452200
1231899,2452244
2313103,2452244
2955013,2452244
829576,2452254
1631269,2452254
451,2452384
3571592,2452384
748620,2452386
1064292,2452386
1411125,2452386
3587170,2452386
487405,2452470
1292661,2452470
2130586,2452470
1095720,2458988
2057036,2458988
59215,2461030
285913,2461030
880181,2461030
2006006,2461030
5562,2461150
302108,2461150
1325419,2461150
198,2461520
479471,2461520
544718,2461520
2541974,2461520
453,2462202
980,2462202
933727,2463154
1779870,2463154
5188,2463288
6969,2463288
1843026,2463288
995,2463302
524197,2463302
3237775,2463302
602,2463374
1531,2463374
1776,2463374
560,2463512
1602,2463512
1325419,2463512
2794962,2463512
499,2464990
514,2464990
1744,2464990
864892,2464990
505,2465140
5442,2465140
140,2465146
473,2465146
960,2465308
5417,2465308
115,2467046
670,2467046
2216125,2467046
4873,2468498
4535518,2468498
576,2473076
438882,2473076
487998,2473076
101,2473602
205626,2473602
1569276,2473602
1152,2473732
168143,2473732
506991,2473732
544611,2473732
1758,2473794
422234,2473794
447695,2474024
2921091,2474024
7139651,2474024
7139652,2474024
1191,2479478
187719,2479478
306201,2479478
290556,2479800
731075,2479800
5451410,2479800
1409906,2481248
1891501,2481248
2063560,2481248
7339629,2481248
412,2481480
5380,2481480
685856,2481480
3616206,2481480
1374980,2481498
2934314,2481498
5246,2481500
385320,2481500
724757,2481500
633223,2481512
1519680,2481512
1100,2481554
469823,2481554
397212,2482856
608405,2482856
225,2483208
5068,2483208
855045,2483208
1036,2484530
4741,2484530
2059001,2484530
2957696,2484530
933727,2486678
947338,2486678
1880888,2486678
365826,2486880
881672,2486880
937930,2486880
1235530,2486880
1209966,2488496
1727304,2488496
3915784,2488496
5397459,2488496
941777,2488778
1779870,2488778
1950485,2488778
2794962,2488778
4245462,2489736
5795728,2489736
704,2490326
683467,2490326
933988,2490326
1442113,2490326
151,2493486
654110,2493486
197647,2494280
933940,2494280
1159180,2494280
2395937,2494280
621,2494362
289142,2494362
420955,2494362
933940,2494362
124,2494384
491259,2494384
614165,2494384
1326,2495104
1449,2495104
1687,2495104
206257,2495104
185,2497808
5068,2497808
1330276,2497808
5278,2497980
179173,2497980
519043,2497980
2174090,2497980
132757,2498340
565319,2498340
4729,2502518
318821,2502518
2063560,2502518
4250290,2502518
117709,2503944
177896,2503944
1092227,2503944
1249052,2503944
1218,2503954
5048,2503954
448,2504640
243806,2504640
1598,2505294
1429380,2505294
1411,2506748
4365,2506748
1682420,2507238
2007030,2507238
3478396,2507238
287898,2507280
1967673,2507280
645683,2507468
7104583,2507468
7104584,2507468
7104585,2507468
7104586,2507468
7104587,2507468
7104588,2507468
7104589,2507468
7104590,2507468
1245,2509532
892157,2509532
424,2509850
334027,2509850
438,2510028
1496,2510028
519456,2510028
671567,2510028
185,2510268
708,2510268
5068,2510268
862907,2510506
1958388,2510506
1191,2510894
416673,2510894
1411125,2510894
1676221,2510894
1334869,2511428
1404408,2511428
3425494,2511428
4706451,2511428
616,2512236
1456571,2512236
1125,2515030
1227232,2515030
1242688,2515030
576,2515034
849,2515034
252961,2515034
872910,2515034
25745,2515214
1465580,2515214
725,2516304
1617,2516304
1425528,2516304
1682420,2516304
484399,2518788
1055413,2518788
1635856,2518788
2619894,2518788
680,2518848
4729,2518848
1074,2518926
1852,2518926
260632,2520394
1876159,2520394
2366184,2520394
4576260,2520394
675521,2520516
3114649,2520516
3874127,2520516
448,2523096
502015,2523096
377,2525576
418,2525576
1417647,2525576
402,2527336
434,2527336
3915784,2527336
5397459,2527336
3485845,2527338
5397459,2527338
273464,2528166
543547,2528166
893941,2528166
1757,2528814
924684,2528814
344435,2531334
2254074,2531334
5182,2531344
1078479,2531344
640,2534542
1606,2534542
5556,2535084
724460,2535084
1666,2537138
5177,2537138
169819,2537138
8304812,2537138
378,2538130
547,2538130
1567,2538130
11882,2538130
329511,2538204
541218,2538204
564,2538778
800,2538778
1845,2543164
10736,2543164
719637,2543164
836121,2543164
608090,2543336
788335,2543336
2253071,2543336
210,2543472
5562,2543472
5016878,2543472
616,2545936
3605836,2545936
202966,2546764
791968,2546764
1804,2547172
275417,2547172
2057726,2547172
1838,2547584
1055413,2547584
2539953,2547584
101,2547622
255,2547622
136797,2547622
185088,2547622
1235979,2547622
5388579,2547622
579,2548208
2064,2548208
117709,2548396
651159,2548396
654648,2548396
1813221,2548396
1744,2551330
4365,2551330
668,2552394
1015,2552394
65493,2553908
990712,2553908
402271,2554274
1089991,2554274
1567113,2554274
1985859,2554274
555,2554714
2608927,2554714
2093766,2555652
2832695,2555652
1132,2555736
1749,2555736
631490,2555736
195439,2556114
202603,2556114
287,2556676
800,2556676
4245462,2556676
234,2557490
553,2557490
532235,2557490
1086543,2557490
1393,2557952
94789,2557952
17343,2559036
285136,2559036
1744,2559214
1249826,2559214
364977,2559458
427910,2559458
1060641,2559458
2275638,2559458
9368,2559620
378855,2559620
1108,2559658
2055,2559658
155607,2560102
924210,2560102
1021,2561546
26364,2561546
2071,2561572
366389,2561572
1555340,2561572
1939267,2561572
281486,2562146
930226,2562146
474,2562232
1570,2562232
302108,2562232
2057859,2562232
119,2562726
1590,2562726
616,2563562
1729,2563562
199939,2563562
1108,2564978
331577,2564978
136,2567026
307,2567026
4266,2567026
1985859,2567026
1424,2567688
1101713,2567688
578853,2567712
1670029,2567712
1925239,2567712
268,2568862
273,2568862
323,2568862
369,2568862
513,2570224
682071,2570224
4909,2570436
77720,2570436
865302,2570436
310865,2571540
951520,2571540
119541,2572330
541576,2572330
245705,2572632
716490,2572632
514,2574538
430074,2574538
663546,2574538
451234,2574698
1231899,2574698
1001,2576852
5188,2576852
5460,2576852
1631269,2576852
604,2581244
788340,2581244
2201555,2581244
1256532,2582498
1679669,2582498
1782299,2582498
3571592,2582498
1624,2582500
915208,2582500
5016878,2582500
128,2582502
666739,2582502
1086543,2582502
1208167,2582502
147147,2582576
396558,2582576
1334869,2582576
1412974,2582576
364977,2582624
870794,2582624
1174084,2582624
1208725,2582624
313,2582782
4936,2582782
1517976,2582782
4395,2582784
1063517,2582784
3614913,2582784
1663,2582802
799777,2582802
1886602,2582802
2552034,2582802
368,2582846
940362,2582846
1822659,2582846
5052065,2582846
421,2584018
495095,2584018
782,2589070
626259,2589070
1283,2591692
1826,2591692
202966,2591692
170,2592614
5123,2592614
322513,2592614
731575,2592614
226813,2597768
666739,2597768
1663252,2597768
407,2606314
701512,2606314
616,2606614
1550,2606614
5016,2608030
1005514,2608030
708,2608250
2055,2608250
1347153,2609758
1754366,2609758
219,2611626
609,2611626
518,2614400
274704,2614400
1233,2619512
609114,2619512
666,2620590
1151,2620590
5307635,2620590
7149890,2620590
1164,2622294
5162,2622294
865302,2622294
413,2622626
688132,2622626
4303,2622796
413168,2622796
20717,2622988
245705,2622988
245,2624412
834,2624412
644022,2624412
680983,2625810
719678,2625810
939697,2625810
1540404,2625810
2076,2626460
339877,2626460
716490,2626460
1726,2630880
656739,2630880
1295,2630922
1987,2630922
407,2633114
147825,2633114
5544,2633610
148418,2633610
442207,2633610
3313554,2633610
242,2637276
532235,2637276
1086543,2637276
1274797,2637276
4395,2637294
241173,2637294
732497,2637294
1117791,2637294
498,2637378
1303,2637378
1772,2637378
1965,2638142
993242,2638142
1546300,2638662
2439994,2638662
614,2639254
701,2639254
1804,2639254
774386,2639254
1376,2639336
675110,2639336
1631269,2639336
2140860,2639336
547,2639344
673,2639344
1475,2639344
2253071,2639344
391820,2645670
581365,2645670
115,2646218
578949,2646218
788335,2646218
1325169,2646956
1668219,2646956
1922569,2646956
3634777,2646956
379,2649554
249291,2649554
788335,2649554
3485845,2649554
1963091,2651164
1997480,2651164
5277905,2651164
435,2651214
2055,2651214
706,2652118
6812060,2652118
1780,2655734
154226,2655734
3994408,2655734
191688,2657538
779866,2657538
240,2658538
4802,2658538
732497,2658538
1102891,2658538
321,2659190
222922,2659190
704270,2660888
757855,2660888
881631,2660888
1517976,2660888
5094,2663568
625789,2663568
339011,2667918
728762,2667918
1192254,2667918
1676649,2667918
268199,2667960
608090,2667960
1567113,2667960
661,2670882
339460,2670882
1882929,2670882
5994559,2670882
243,2671706
205626,2671706
484541,2674358
941777,2674358
1395602,2674358
3843467,2674358
1097,2674426
5216,2674426
3510471,2674426
3592338,2674426
5125,2674430
5561,2674430
835016,2674430
1669,2674454
4051,2674454
805476,2674454
1745,2675914
4486,2675914
451600,2677046
700869,2677046
136,2677722
1845,2677722
130502,2677722
403947,2677722
995,2678444
1378,2678444
1354,2679042
704270,2679042
1670029,2679042
1718,2689958
342029,2689958
2254074,2689958
1787,2690138
5188,2690138
85312,2690138
1063517,2690138
1527,2690226
4726634,2690226
619,2691734
5454,2691734
165101,2691734
222593,2691734
245,2692250
1774,2692250
5562,2692250
362766,2692904
778831,2692904
1469236,2692904
1143816,2693580
3154303,2693580
396558,2693664
788335,2693664
1102577,2693664
2240346,2693664
657,2698966
1151,2698966
54214,2698966
486728,2698966
1461,2700582
872910,2700582
68338,2702724
227759,2702724
565250,2702724
867,2704998
151419,2704998
1046097,2704998
1279721,2704998
1251,2707810
1718,2707810
1804,2707810
429069,2709692
1212722,2709692
127373,2709768
366389,2709768
832314,2709768
1128572,2709768
349,2710534
353,2710534
116436,2710534
5522059,2710534
5630218,2710534
1117,2712758
1634832,2712758
93,2713180
479471,2713180
503567,2713180
671567,2713180
6669,2714410
640344,2714410
1567,2716382
779084,2716382
205626,2717822
1165110,2717822
274,2717870
1443368,2717870
448,2718314
1177286,2718314
579,2718440
342488,2718440
307621,2719448
444786,2719448
532235,2719448
6425476,2719448
586568,2720680
604742,2720680
1200692,2720680
2111,2722106
264579,2722106
418,2722504
748973,2722504
407,2723358
115092,2723358
1227232,2723576
3571592,2723576
286,2723678
156345,2723678
568169,2723678
1598,2724236
5134,2724236
893257,2724236
2332,2724532
3922475,2724532
175262,2725962
683253,2725962
387987,2726408
608405,2726408
4754,2726552
440229,2726552
933940,2726552
257,2726560
1429380,2726560
616,2735292
4873,2735292
59215,2735292
5665029,2735292
321,2735996
452860,2735996
461,2736858
903677,2736858
113,2737304
518,2737304
5218990,2737304
92,2740630
416,2740630
1037,2740630
1402,2740630
5216,2741564
271165,2741564
540441,2741564
832380,2741564
50156,2741724
54397,2741724
610,2749282
613,2749282
5286,2751310
802876,2751310
3172776,2751310
4448022,2751310
27402,2752758
1472917,2752758
1101,2756032
5253,2756032
243233,2756032
6686435,2756032
302,2758890
367,2758890
129538,2758890
616,2759098
707,2759098
799,2759098
460,2762662
4742,2762662
3006818,2762662
465,2762772
59946,2762772
5256067,2762772
5381364,2762772
191,2763304
1015,2763304
1538,2763304
1971,2763304
924154,2766004
1058940,2766004
799,2766268
1212,2766268
3458761,2766268
4700,2767880
128657,2767880
543383,2767880
914612,2771200
1265802,2771200
1405398,2771200
1812656,2771200
68338,2771372
170186,2771372
1886602,2776878
3771184,2776878
262543,2782834
519043,2782834
382216,2782868
1002664,2782868
1674,2784678
5517,2784678
206257,2784678
366389,2784678
247579,2786780
608405,2786780
799,2787388
27323,2787388
2076,2788556
524528,2788556
2605345,2788556
135221,2788710
290556,2788710
736622,2788710
4747,2788716
4802,2788716
5188,2788716
1325419,2788716
602,2788732
397171,2788732
4625502,2788732
4802218,2788732
1065229,2790182
1092086,2790182
298168,2793490
781913,2793490
3012273,2793490
4211652,2793490
2546,2796678
836176,2796678
204,2798920
492,2798920
938950,2798920
899,2800340
543547,2800340
790057,2800400
1494818,2800400
1337,2802136
933940,2802136
4068901,2802136
147,2802144
168,2802144
323,2802144
106844,2803940
1057932,2803940
756083,2805676
1896336,2805676
1409,2806878
7814,2806878
504267,2806878
102,2807548
126,2807548
142,2807548
151,2807548
130492,2807548
185088,2807548
314088,2807548
367,2814362
554,2814362
619,2814362
1770,2814362
322,2814628
920992,2814628
4747,2815966
5416,2815966
65007,2818640
709204,2818640
5458,2820852
908094,2820852
5561,2822672
85400,2822672
799777,2822672
366,2822742
1250,2822742
557859,2822742
447695,2823054
1374980,2823054
2201555,2823054
5068,2823574
1162399,2823574
598,2825596
4051,2825596
290556,2825596
1017334,2825596
616,2825924
98372,2825924
924684,2825924
103804,2827024
248404,2827024
532235,2827024
601822,2827024
532,2827058
331577,2827058
514,2828022
1586,2828022
452,2828884
911320,2828884
158,2831414
658,2831414
702,2831414
532,2832482
1018,2832482
5416,2832482
119,2833580
299,2833580
1250,2833598
40939,2833598
4747,2837336
98378,2837336
418,2837574
602,2837574
651,2837574
729,2837574
299,2842938
4760,2842938
566869,2842938
1416,2845578
1426,2845578
24188,2845578
447695,2848292
811242,2848292
2313103,2848292
2794962,2848292
1162,2848324
1441,2848324
5017,2848324
456186,2848324
115,2850386
5351,2850386
993507,2850386
1297015,2850386
5231,2850480
180411,2850480
127373,2852316
180984,2852316
472710,2852316
949433,2852316
4682935,2852406
5647582,2852406
5647588,2852406
5647594,2852406
1283,2854894
63440,2854894
167649,2854894
358316,2854926
719637,2854926
1159180,2854926
2159926,2854926
1144474,2866010
1146662,2866010
1370599,2866010
1427,2866708
4051,2866708
752407,2866708
3538718,2866708
973,2869728
1084,2869728
366389,2869728
1754366,2869728
5028,2870708
103785,2870708
1428821,2870708
147,2870756
1315,2870756
512934,2870756
1297015,2870756
111013,2870808
1015262,2870808
1843026,2870808
502,2871776
528331,2871776
5210,2872518
593664,2872518
818055,2872518
941777,2872518
200,2872718
623,2872718
350453,2872718
1653,2872724
5454,2872724
5466,2872724
151,2872732
424060,2872732
1137,2873214
2087739,2873214
2943468,2873214
4496875,2873214
1648,2873282
249291,2873282
774386,2873282
2225369,2873282
56770,2876428
709204,2876428
778204,2876428
2946712,2876428
828980,2879202
861915,2879202
112871,2882854
936403,2882854
126,2883434
818055,2883434
1107001,2883434
1843026,2883434
163,2883512
375,2883512
269463,2883512
424060,2883512
182839,2884018
1055413,2884018
685856,2884206
1779870,2884206
3081796,2884206
317,2891174
368,2891174
788335,2891174
1940449,2891174
335,2891456
1383,2891456
633223,2891456
704270,2891456
1165660,2891456
85400,2893134
1885286,2893134
199,2893490
456,2893490
582149,2893490
188,2896176
5323,2896176
286,2897102
616,2897102
1757,2897102
410622,2900822
565569,2900822
1424,2903186
100460,2903186
307531,2903346
593474,2903346
1183205,2903346
5077468,2903346
1368,2904690
117420,2904690
741378,2904690
908914,2904690
607185,2905082
1194672,2905082
2394794,2905082
300824,2905674
489436,2905674
936403,2905674
1025,2906280
101005,2906280
708,2908090
59215,2908090
741378,2908090
908914,2908090
701,2908446
940362,2908446
3772243,2908446
5052065,2908446
177,2908856
218,2908856
1749,2908856
185,2909476
5068,2909476
1087183,2909476
451,2910274
2809577,2910274
3821405,2910274
401,2910814
4154798,2910814
701,2910904
1114,2910904
915989,2910904
2955013,2910904
206,2911666
353,2911666
638824,2911666
779084,2911674
2546012,2911674
4534098,2911674
1828,2912120
539651,2912120
1269329,2912120
4726634,2912120
499,2913562
167850,2913562
164,2917388
477127,2917388
836343,2917388
941777,2917388
92961,2918436
243233,2918436
1312575,2918436
1404239,2918436
491,2918606
933940,2918606
1211488,2918606
349,2920086
5315,2920086
686098,2920086
2416762,2920086
5294,2920330
257613,2920330
877928,2920330
1356528,2920330
450,2920808
1806,2920808
376716,2920808
420955,2920808
687914,2922440
3114649,2922440
4778,2923316
108287,2923316
159789,2923316
507073,2923780
2057859,2923780
253035,2924392
272173,2924392
491,2925552
124257,2925552
134647,2925552
897692,2925552
435,2925664
792,2925664
5535,2925664
205,2925768
121559,2925768
233027,2925768
2201555,2925768
1295,2925992
1987,2925992
5350,2926164
841910,2926164
390285,2926924
1546300,2926924
5561,2927212
524197,2927212
1882929,2927212
2265157,2927212
167850,2931140
179224,2931140
1806863,2932226
5480169,2932226
546,2932536
601553,2932536
1404137,2932536
2322853,2932536
151,2933544
473,2933544
633223,2933544
774386,2935476
790688,2935476
1659547,2935476
93,2935510
169,2935510
661,2935510
1550948,2935510
1035,2936978
645683,2936978
1140345,2936978
4555381,2936978
1223023,2937254
3821405,2937254
4395,2937366
1431940,2937366
6346864,2937366
8336199,2937366
3614913,2937696
4554428,2937696
5273,2937898
654648,2937898
1209966,2937898
1567113,2937898
1507,2939114
750353,2939114
167,2940280
367,2940280
1474,2940482
751638,2940482
171513,2943910
2239702,2943910
50156,2944198
132757,2944198
649,2947064
261724,2947064
397,2948160
442,2948160
532,2948160
1117,2948160
153,2948266
415,2948266
12948,2948266
307531,2948266
867,2948356
252961,2948356
329481,2948356
2809577,2948356
4937,2948372
275486,2948372
246638,2948472
289856,2948472
407,2948606
499,2948606
1744,2948606
560,2948790
5179,2948790
683253,2948790
2057036,2948790
538,2949296
2073,2949296
368,2950052
4742,2950052
241049,2950052
779866,2950052
470292,2950214
734558,2950214
469823,2950236
1552693,2950236
2439994,2950236
247579,2950418
568180,2950418
662981,2950418
2181,2953182
305558,2953182
1026,2954474
279545,2954474
609845,2954474
1843026,2954474
1491,2955096
447695,2955096
916406,2955096
2501633,2955096
3704942,2955096
5047403,2955096
6646183,2955096
538,2955304
92961,2955304
153,2958172
12948,2958172
220735,2958172
4290398,2958172
949,2960450
462407,2960450
470981,2960450
1208167,2960450
4051,2962726
164929,2962726
1598,2962876
2368789,2962876
708,2962932
59215,2962932
1057932,2962932
4002186,2962932
5078,2962984
644022,2962984
848554,2962984
2101,2965384
167850,2965384
2536,2965412
519043,2965412
529432,2966560
695860,2966560
206257,2966754
502425,2966754
1954240,2966754
295,2967008
117709,2967008
702,2967224
5527,2967224
131,2968804
5048,2968804
554,2971128
626362,2971128
4886,2972098
290556,2972098
864812,2972098
5134,2974918
519043,2974918
342029,2975578
1472917,2975578
255,2975590
10736,2975590
147147,2975590
251986,2975590
467,2977090
582149,2977090
935541,2977090
1035682,2977090
200,2978102
681,2978102
2794962,2978102
151,2978462
171,2978462
1997480,2978462
158,2980210
924210,2980210
4025491,2980210
379,2980332
4266,2980332
65007,2980332
177933,2980332
931329,2980332
1567113,2980332
5405,2980472
226813,2980472
1880888,2980472
77720,2980556
442207,2980556
601376,2980592
1405398,2980592
2140860,2980592
545,2980648
3114649,2980648
438,2980706
100866,2980706
176981,2980706
299,2983922
4760,2983922
1732403,2983922
2965079,2983922
105,2984576
608405,2984576
865302,2984576
3397183,2984576
252961,2990126
2605345,2990126
107,2991768
1347,2991768
685156,2992538
940158,2992538
1777,2994948
48273,2994948
4988,2998406
154226,2998406
1265771,2998406
1555340,2998406
678,3000308
541082,3000308
2921091,3000308
2103,3004644
887670,3004644
107,3004746
1780,3004746
362955,3005384
4625502,3005384
6552202,3005384
580,3006826
486728,3006826
448,3007132
835001,3007132
128,3007512
2541974,3007512
782,3009068
451600,3009068
347149,3009070
817339,3009070
334324,3009530
3771184,3009530
293509,3009772
1072555,3009772
1851981,3009772
3821405,3009772
95,3011874
268,3011874
199,3011960
811242,3011960
881631,3011960
1725848,3011960
1165,3012526
4700,3012526
606,3013588
302105,3013588
115161,3014078
2093766,3014078
2230865,3014078
2240326,3014078
329,3014284
35488,3014284
2002649,3014284
126,3014866
198,3014866
5351,3014866
2933757,3014866
104,3014910
391,3014910
1428821,3018070
2655177,3018070
322977,3018374
467451,3018374
1757,3020226
1785,3020226
116,3020814
701,3020814
254760,3021360
340973,3021360
650702,3021360
935541,3021360
222643,3026144
290556,3026144
625789,3026144
668,3026488
117709,3026488
322407,3026488
1034965,3027644
1443368,3027644
1744,3027716
889846,3027716
328828,3029476
396812,3029476
3771184,3029476
899,3031762
144812,3031762
1664,3032282
1546300,3032282
1676649,3032282
2057726,3032282
114,3034316
5576,3034316
95478,3034316
206257,3034316
5068,3036676
59215,3036676
75650,3037028
500976,3037028
1108,3038734
272474,3038734
1221906,3038734
387987,3040224
608405,3040224
195,3040964
1426,3040964
252961,3040964
275,3042626
560,3042626
1269983,3042626
136,3045616
191,3045616
569,3045616
1601397,3045616
222922,3053860
954704,3053860
232,3056858
707728,3056858
1249052,3056858
21835,3057572
167850,3057572
254712,3057572
1550948,3057572
2076,3058548
429363,3058548
99,3059816
24188,3059816
1434,3060390
1005514,3060390
2536,3060492
159900,3060492
913587,3060492
3262742,3060492
442207,3061222
608405,3061222
158,3062096
4936,3062096
428065,3062096
451234,3062096
1426,3062976
165101,3062976
3501146,3062976
474520,3063072
865302,3063072
832792,3064298
910040,3064298
1128572,3064298
1239499,3064298
267812,3065204
640323,3065204
933940,3065204
4068901,3065204
144,3066808
385,3066808
551,3066808
355910,3066808
295,3068194
1721,3068194
1882152,3068194
119541,3070488
194136,3070488
131647,3070502
6190902,3070502
6664705,3070502
6664706,3070502
6664707,3070502
6664708,3070502
619,3072482
1663205,3072482
250,3072876
302108,3072876
725,3073884
133882,3073884
1117,3073898
128657,3073898
137329,3073898
894690,3073898
95478,3074546
453115,3074546
472710,3074546
2395937,3074546
211,3074578
276,3074578
140,3074780
230,3074780
5188,3076510
206257,3076510
277213,3076510
307,3077214
658,3077214
1659547,3077214
420,3078296
72768,3078296
998941,3078296
1491,3079016
374865,3079016
509937,3079016
704270,3079016
3244,3079222
2957696,3079222
179,3079380
5458,3079380
126284,3079380
565250,3079380
287,3079568
608405,3079568
2130586,3079568
998,3081268
5068,3081268
496,3082826
1732,3082826
4103976,3082826
241,3082898
1176985,3082898
1152,3082920
1169428,3082920
4936,3083008
1483369,3083008
799,3088670
1233,3088670
5162,3088670
268026,3088670
268286,3088670
614916,3088670
1132,3089630
1265802,3089630
2186865,3089630
421822,3090670
453492,3090670
881672,3090670
65235,3091258
133882,3091258
465,3091534
5430,3091534
397212,3092520
864997,3092520
160,3093522
170,3093522
438,3093522
491,3093522
596,3093546
5253,3093546
5403,3093546
1269983,3093546
1235,3094252
197647,3094252
256121,3094252
2140860,3094252
925,3095268
631792,3095268
244,3095356
757855,3095356
941777,3095356
1318596,3095356
1608,3095734
3994408,3095734
35605,3096344
1801240,3096344
430005,3097716
942875,3097716
2101,3099300
1828818,3099300
616,3099370
344603,3099370
5286,3099498
519043,3099498
662981,3099498
1270009,3099498
1368,3100052
1757,3100052
1714,3100274
4778,3100274
1744,3102924
431895,3102924
555,3103412
1744,3103412
461,3104304
63440,3104304
1376,3104572
201669,3104572
638824,3104572
706,3104988
2090422,3104988
1288,3105662
340067,3105662
383422,3105662
3250161,3105662
364583,3106120
410622,3106120
1305,3106730
2934314,3106730
125148,3106898
741388,3106898
254712,3107166
1391252,3107166
1551130,3107166
5190,3107168
832626,3107168
1459974,3107168
3847199,3107168
853079,3109188
2998321,3109188
1542,3110770
4805,3110770
4979,3110770
5177,3110770
437,3110958
251986,3110958
749263,3110958
2002649,3110958
321,3111426
752407,3111426
935921,3111426
194136,3111612
229733,3111612
4425740,3111612
5866732,3111612
390285,3112206
891275,3112206
754,3112900
366509,3112900
1567113,3112900
16141,3113836
559869,3113836
792209,3113836
864997,3113836
616,3115694
59215,3115694
418,3116438
1530,3116438
12948,3116678
168568,3116678
564530,3116678
848182,3116678
1041479,3116678
1363595,3116678
2466457,3116678
2559754,3116678
2633389,3116678
150,3118874
502,3118874
511892,3119360
635262,3119360
4753,3120054
197453,3120054
2365811,3120054
5114093,3120054
836,3120434
1062,3120434
103804,3120434
448,3120944
583951,3120944
435,3120960
514,3120960
616,3120960
620,3120960
11758,3121332
146146,3121332
1325419,3121332
2928364,3121332
254712,3122216
502015,3122216
189200,3122842
771493,3122842
2564938,3122842
2832695,3122842
378,3125324
418,3125324
1676649,3125324
1813221,3125324
353,3125652
1249052,3125652
1987,3126064
136482,3126064
1346160,3126902
2235173,3126902
1229204,3127016
1752221,3127016
607865,3127022
631490,3127022
5017,3128900
5443,3128900
197647,3128900
612534,3128900
119,3130082
502,3130082
565569,3130594
1468739,3130594
4477836,3130594
578766,3130776
732309,3130776
792,3132422
147312,3132422
4965,3133722
1843026,3133722
2243554,3135424
3543880,3135424
6820,3138024
731575,3138024
855045,3138024
2036232,3138024
342029,3138122
603413,3138122
853079,3138122
2093766,3138122
771414,3139538
913587,3139538
1821298,3139538
4140727,3139538
1468739,3139682
1682420,3139682
308,3142060
336,3142060
357979,3142366
771493,3142366
799,3147284
800,3147284
1744,3147284
305558,3147312
604742,3147312
144,3147336
227,3147336
1634832,3147336
256121,3148552
344196,3148552
932112,3148552
66144,3149890
751638,3149890
1057932,3149890
1516976,3149900
1577637,3149900
301178,3150574
722221,3150574
925,3150966
265492,3150966
12948,3151690
564530,3151690
1041479,3151690
1551598,3151690
1697560,3151690
2559367,3151690
2566169,3151690
64769,3151710
2552034,3151710
242,3152592
1374980,3152592
1752221,3152592
5085683,3152592
352778,3152624
488953,3152624
5272,3154310
1417647,3154310
6670,3154342
1102891,3154342
545,3154822
2081,3154822
564500,3154822
616,3161382
1041023,3161382
287,3161566
1617,3161566
502813,3162148
696531,3162148
1289281,3162148
1632130,3162148
692634,3163336
701512,3163336
92,3164244
915208,3164244
195,3164256
246,3164256
221046,3164256
5647588,3164256
5190,3165082
512939,3165082
2366957,3165082
3594755,3165082
6375442,3165082
6375443,3165082
6375446,3165082
299,3165282
4760,3165282
837177,3165612
1555340,3165612
1760272,3165612
1994167,3165612
152,3165630
48414,3165630
266824,3165630
3772243,3165630
1473,3168230
5212,3168230
322977,3168926
467451,3168926
102522,3168940
1384769,3168940
47,3169638
493,3169638
175916,3169706
631490,3169706
922035,3169706
527852,3169710
756203,3169710
187724,3170832
488953,3170832
5016878,3170832
584020,3171764
626259,3171764
1669,3171832
1239499,3171832
2907,3172532
5221,3172532
1325419,3172532
1272,3174376
5048,3174376
98378,3174376
5016878,3174376
97,3174922
1698,3174922
5059,3174922
761052,3174922
2349292,3174922
2395937,3174922
828,3176776
1313,3176776
366866,3176776
674781,3176776
321,3177086
175814,3177086
810397,3177086
4950,3179568
1679669,3179568
3239803,3179568
5052065,3179568
217,3180122
230,3180122
205,3180912
2253,3180912
134244,3181098
195982,3181098
1507,3181400
215487,3181400
151,3181776
700856,3181776
182,3181822
155693,3181822
179173,3181822
4554428,3181822
594898,3181920
913460,3181920
654,3182620
1608,3182620
283945,3183660
2239702,3183660
675521,3184934
1326732,3184934
496,3186318
666739,3186318
448,3186552
616,3186552
276,3186992
322513,3186992
597388,3186992
296,3187022
112871,3187022
219,3187378
925220,3187378
701561,3188048
2943385,3188048
1648,3190158
704270,3190158
557859,3194410
954704,3194410
111,3194590
1404408,3194590
112374,3196598
3056857,3196598
320762,3198638
824373,3198638
135221,3201640
671567,3201640
882,3202098
756203,3202098
110507,3202374
222922,3202374
4825,3202408
243620,3202408
1326732,3202408
2176554,3202408
487254,3202670
856500,3202670
131,3202890
202,3202890
178,3203606
545,3203606
127373,3203606
186505,3203606
114,3203616
1191,3203616
541218,3203616
176869,3203620
4055138,3203620
330,3203890
1377561,3203890
1410318,3203890
275244,3204632
4122775,3204632
1653,3208026
915989,3208026
5569,3208936
1782153,3208936
751,3209066
893,3209066
792,3210602
756089,3210602
114430,3212026
756083,3212026
2189625,3212026
237,3212232
5221,3212232
870794,3212232
565569,3213222
2683203,3213222
1567,3214248
668139,3214248
859824,3214248
1838070,3214248
1173,3216348
396924,3216348
1503432,3216348
3458761,3216348
1802,3217994
211087,3217994
272474,3221480
498247,3221480
951471,3221480
5979621,3221480
290556,3224036
728762,3224036
158,3224458
1441,3224458
722629,3224458
85400,3225948
170306,3225948
407,3226430
639200,3226430
1233,3226786
243806,3226786
5519,3227442
1685408,3227442
1772,3228088
4754,3228088
5476,3228088
668,3228774
835016,3228774
1297015,3228774
113,3228928
140,3228928
559,3228928
2006,3230660
5024,3230660
2933542,3230660
1212,3231054
193295,3231054
278752,3231054
130,3233418
673,3233418
520064,3233418
618,3233904
5162,3233904
2008,3234082
2032,3234082
1663,3234084
5460,3234084
1128572,3234084
1159180,3234084
1507857,3235888
2140860,3235888
385,3236120
1100,3236120
15196,3236120
771414,3236120
413,3236274
442207,3236274
1661894,3236274
936403,3238730
2174090,3238730
5016,3239154
1767820,3239154
198,3239932
401,3239932
5568,3239932
354,3241146
510731,3241146
685290,3241146
4754,3244446
541082,3244446
1346230,3244446
1725848,3244446
104,3244786
3244,3244786
1110629,3244786
1152,3246908
1428821,3246908
2325393,3246908
3237775,3246908
112,3247714
170,3247714
1518,3247714
4696880,3247714
1772,3249304
5212,3249304
413168,3249304
4740,3253232
5245,3253232
1229204,3253232
155,3254796
171,3254796
933940,3254796
1166,3254930
1698,3254930
153738,3254930
1289173,3254930
1748,3255590
2093766,3255590
1821,3256148
867051,3256148
1453959,3256148
396812,3256226
1107001,3256226
155693,3257550
1711114,3257550
1166,3257990
1692270,3257990
532,3259178
665,3259178
327020,3259178
298281,3262022
543383,3262022
4487976,3262022
158,3263904
1173,3263904
1473,3263904
536723,3263904
368,3263946
1925239,3263946
2007030,3263946
657,3266284
1416,3266284
1631269,3266284
5052065,3266284
690,3266322
756083,3266322
1108,3266724
1600,3266724
293,3266948
792,3266948
519456,3266948
211,3268668
544718,3268668
654648,3268668
931324,3268668
1337,3270108
245112,3270108
3014840,3270108
42006,3271220
692634,3271220
452860,3273932
2189625,3273932
134,3276924
98378,3276924
604742,3276924
1176985,3276924
161,3278330
604,3278330
429363,3278330
936403,3279176
993507,3279176
12948,3281506
166359,3281506
204797,3281506
3191813,3281506
658,3281548
914612,3281548
3154303,3281548
6073955,3281548
98709,3282484
891895,3282484
1162,3285740
1287,3285740
1664,3286052
731075,3286052
2215143,3286052
234,3286560
849,3286560
1337,3289712
256599,3289712
929489,3289712
3501146,3289712
396558,3289728
829576,3289728
4051,3289956
386472,3289956
1166041,3289956
364348,3291148
386472,3291148
428765,3291148
1064292,3291148
4742,3292080
531808,3292080
3480246,3292080
792,3293174
1705,3293174
2122,3294732
701512,3294732
285,3294746
389,3294746
540441,3294746
2279940,3294746
245112,3295180
973177,3295180
2012635,3295180
663,3295354
800,3295354
164809,3296908
683253,3296908
1925239,3296908
160,3297330
2368789,3297330
378,3297382
342029,3297382
1455681,3297382
1334,3297554
2810287,3297554
151,3300542
291,3300542
1173,3300542
124930,3300542
448,3300572
4286,3300572
286,3300712
1757,3300712
518,3300874
355024,3300874
406975,3300874
763928,3300874
1450,3301004
1749,3301004
244630,3302654
2106801,3302654
163,3302706
870,3302706
847439,3303446
945322,3303446
322407,3305308
1055413,3305308
1203457,3305308
6852420,3305308
5417,3305388
179224,3305388
1177286,3305388
933987,3305844
1160472,3305844
574,3311988
460900,3311988
546797,3311988
2106801,3311988
172,3312180
159789,3312180
502813,3312180
2059001,3312180
172,3312830
323,3312830
404,3312830
1838,3312830
209850,3312936
431895,3312936
1248373,3312936
3584477,3312936
257917,3313066
1089991,3313066
407,3314584
514,3314584
184392,3314584
274,3315310
499,3315310
1772,3315342
413168,3315342
2933542,3315342
261724,3316122
301381,3316122
491,3316948
251986,3316948
829576,3316948
194,3316960
285,3316960
98378,3316960
829576,3316960
1543,3317208
1832,3317208
829576,3317208
608,3317776
364931,3317776
5346,3317874
387987,3317874
608405,3317874
126284,3318750
134072,3318750
570364,3318750
290556,3319158
736622,3319158
147,3319730
667,3319730
1838,3319730
160,3319920
667,3319920
914612,3319920
278752,3321300
3229685,3321300
226,3322364
285,3322364
1556,3322364
331577,3323638
806002,3323638
940158,3323638
99828,3324286
687914,3324286
5094,3326096
278752,3326096
668139,3326096
1621,3326350
129538,3326350
1235,3326880
1744,3326880
616,3327432
663,3327432
1047329,3327624
1292661,3327624
537648,3328716
941777,3328716
4590837,3328716
6537560,3328716
1406,3328924
786639,3328924
1577637,3330764
3012273,3330764
275,3330948
4883,3330948
413168,3332064
1330560,3332064
1913734,3332064
672,3333870
1721,3333870
5169,3333870
916406,3333870
1334,3334418
5272,3334418
6669,3334418
546816,3336368
746896,3336368
852965,3336368
2240346,3336368
1034965,3339354
1165660,3339354
362955,3339534
2791093,3339534
947338,3339674
1275259,3339674
2230865,3339674
1151,3339680
313534,3339680
1691,3340446
2541974,3340446
7567974,3340446
2029,3342032
626202,3342032
604,3343784
1541272,3343784
1913734,3344694
3772243,3344694
561809,3344922
3485845,3344922
377,3346224
372176,3346224
933940,3346224
707,3347782
800,3347782
1953,3348102
900915,3348102
285,3349772
514,3349772
1711,3349772
1609,3352034
1848,3352034
654648,3352034
491,3353060
817027,3353060
1710309,3353060
342970,3354486
1328560,3354486
449,3355510
640,3355510
2546,3355510
571537,3359868
920992,3359868
297,3359872
616,3359872
1530,3359872
77720,3361068
247579,3361068
538,3361792
1394,3361792
396558,3361792
2934314,3361792
616,3367294
1629,3367294
1410318,3367294
1108,3367686
1418,3367686
261,3369350
930053,3369350
2006,3369806
334179,3369806
164,3371366
242,3371366
241049,3371366
1555,3380368
272474,3380368
835016,3381008
2313103,3381008
396558,3385516
564215,3385516
1055413,3385516
2225369,3385516
604,3385524
176869,3385524
3616206,3385524
74847,3385874
698413,3385874
1262079,3385874
202603,3387266
654648,3387266
683253,3387266
1165,3393070
362429,3393070
925220,3393070
129,3393786
388038,3393786
460694,3393786
1130627,3393786
138700,3395184
1086384,3395184
2339680,3395184
3758734,3395184
374,3395648
951471,3395648
95478,3396208
894690,3396208
2216125,3396208
4245462,3396208
160,3397754
607865,3397754
2794962,3397754
982,3397884
1125,3397884
1256532,3397884
1289434,3397884
327,3398066
864997,3398066
1250,3399024
1082477,3399024
201669,3399054
487254,3399054
1084,3401882
206359,3401882
376716,3401882
605079,3401882
110,3402236
353,3402236
1132,3402236
4851,3402236
1099,3410834
915208,3410834
940362,3410834
3772243,3410834
134072,3411444
1078479,3411444
515,3411808
1562,3411808
1685408,3411808
4743,3412784
1002664,3412784
1128780,3412784
2564938,3415358
3887625,3415358
1058,3415992
172604,3415992
626259,3415992
681975,3415992
244,3416532
428065,3416532
1025139,3416536
1710309,3416536
2140860,3416536
3154303,3416536
2254074,3416674
2614237,3416674
1043,3416744
251986,3416744
336701,3416744
781981,3416744
491,3416828
1459,3416828
5380,3416828
616,3417316
707,3417316
800,3417316
507,3417854
608,3417854
1699,3420392
813961,3420392
158,3420504
240,3420504
2655177,3420504
182839,3422078
343082,3422078
734000,3422078
17343,3422094
1370408,3422094
1758,3430548
528462,3430548
1017334,3430548
613,3431016
641244,3431016
882,3433632
675521,3433632
725,3434122
133882,3434122
817027,3434122
1316767,3434122
286,3441366
514,3441366
616,3441366
4912,3441366
1128120,3441366
98,3442006
56770,3442006
447695,3442006
941777,3442006
4760,3442126
1057932,3442126
182,3442990
205626,3442990
924154,3442990
1663252,3442990
306,3443150
48643,3443150
48744,3443150
113593,3443150
122767,3443150
122769,3443150
166018,3443150
1806863,3443150
5428199,3443150
60561,3444616
191504,3444616
621,3445270
276062,3445270
836,3445408
103804,3445408
5095,3447462
827735,3447462
932,3448854
206257,3448854
1840504,3448854
36553,3449588
205657,3449588
347149,3449588
641172,3449588
416673,3450650
2263115,3450650
190,3450900
913822,3450900
915208,3450900
437,3450958
1872,3450958
465269,3450958
785227,3450958
514,3453008
799,3453008
2974069,3453008
8339391,3453008
489,3454574
1696,3454574
847439,3455204
945322,3455204
704,3455740
717709,3455740
1488,3456206
64769,3456206
2439994,3456206
298691,3457380
1630931,3457380
1638,3457508
1667,3457508
620981,3457508
1880888,3457508
1423955,3458510
3381295,3458510
5377144,3458510
168,3460252
492,3460252
621,3460252
199939,3462696
784884,3462696
1337,3462710
206257,3462710
836176,3462710
334324,3463106
680983,3463106
2534167,3463106
4187130,3463106
1838,3464902
268199,3464902
1469236,3464902
1875238,3464902
502,3465074
410622,3465074
89217,3466476
131235,3466476
554,3467914
611932,3467914
1166041,3467914
324409,3468352
893941,3468352
136797,3469046
1325419,3469046
190,3470600
702,3470600
424060,3470600
532235,3470600
257,3470880
291,3470880
160,3471098
194,3471098
748973,3471098
1283,3473172
942875,3473172
4109,3475862
451600,3475862
874,3477172
4886,3477172
387987,3480446
608405,3480446
246,3480796
628,3480796
5048,3480796
375,3480822
424060,3480822
1092086,3480822
6073955,3480822
1711,3480942
70115,3480942
407,3481000
722647,3481000
286,3481210
418,3481210
435,3481210
514,3481210
115,3481634
153,3481634
1764351,3481634
9274239,3481634
27401,3484576
6237035,3484576
6237036,3484576
546,3484800
931404,3484800
1852,3485800
581365,3485800
4715,3486626
134072,3486626
748973,3486626
442207,3486826
3748536,3486826
449466,3487994
469823,3487994
1156,3488184
5403,3488184
11758,3488184
4576260,3488184
330687,3488710
3114649,3488710
1744,3496372
6610,3496372
342399,3497328
431895,3497328
341176,3498590
4535518,3498590
375,3498820
262635,3498820
424060,3498820
1659221,3498820
837177,3499096
4150847,3499096
1108,3499176
331577,3499176
448,3500724
532,3500724
202966,3500724
104,3501112
1426,3501112
1087183,3501112
2553987,3501112
212,3501590
1731,3501590
512934,3501590
2614237,3501590
949,3501632
749263,3501632
1089991,3501632
1165110,3501632
206,3503406
250,3503406
1813221,3503406
2773059,3503406
219,3503840
217320,3503840
542677,3503840
6475171,3503840
925,3505116
6259163,3505116
114,3505712
152,3505712
540441,3505712
404307,3505754
929609,3505754
219835,3505812
924684,3505812
328709,3507138
712368,3507138
1108,3509702
397212,3509702
1389064,3509702
1218,3509978
822155,3509978
1323,3511442
4721,3511442
6061,3511442
191,3513054
1354,3513054
957909,3513054
569336,3513382
612027,3513382
2170856,3513382
6259163,3513382
4715,3513498
6969,3513498
695435,3513498
1840504,3513498
5377,3513548
358316,3513548
1312575,3513548
3616206,3513548
1744,3515632
59215,3515632
5253,3517044
818055,3517044
2933542,3517044
218810,3517776
2466842,3517776
1152,3518176
342241,3518176
813887,3518176
2499064,3518176
204797,3518988
1363595,3518988
290556,3519772
502425,3519772
620,3520290
477127,3520290
290556,3521126
310966,3521126
736622,3521126
2002649,3521126
169,3522806
706,3522806
4695,3522806
5458,3522806
1703,3523040
2145,3523040
360,3524506
1346,3524506
1703,3524506
6800,3524506
737,3524532
1703,3524532
929489,3525168
2902567,3525168
1409,3525584
756203,3525584
1439,3526470
584020,3526470
199118,3528764
751638,3528764
1520,3529344
202603,3529344
603413,3529344
610,3529656
5253,3529656
5561,3529656
1312575,3529656
135221,3530002
330687,3530002
736622,3530002
3255459,3530002
35514,3531202
1256532,3531202
4043618,3531202
731075,3531824
1851028,3531824
2002649,3531824
2007030,3531824
129,3532216
1727304,3532216
4695,3533916
5048,3533916
657760,3533916
1143816,3533916
5377,3534282
752407,3534282
1144419,3534282
1318596,3534282
95,3538730
117709,3538730
586565,3542188
1561982,3542188
157,3543258
581365,3543258
1223023,3543258
2216125,3543258
1648,3544082
920185,3544082
318821,3544112
448204,3544112
514,3546678
616,3546678
1092,3546678
358316,3548028
704270,3548028
2809577,3548028
417,3550078
209289,3550078
407,3550902
499,3550902
663,3550902
5068,3550902
286,3551042
514,3551042
1732403,3551042
1744,3551172
202966,3551172
583951,3551172
145,3551400
1295,3551400
1664,3551400
138007,3551400
101005,3551840
304000,3551840
569226,3551840
144,3553378
1828,3553378
404307,3553378
597388,3553378
547,3553442
275486,3553442
293509,3553442
3053338,3553442
1557,3553976
1126657,3553976
305081,3558642
851113,3558642
1092,3560658
1852,3560658
90469,3561348
583856,3561348
117673,3562572
880813,3562572
514,3562852
209289,3562852
86205,3563342
1148573,3563342
1764351,3563342
1767820,3563342
119922,3564200
821836,3564200
855564,3564200
934008,3564200
586,3564472
1451,3564472
356021,3564472
1840504,3564472
491259,3564574
851582,3564574
644406,3564794
973177,3564794
1221047,3564794
1880888,3564794
1698,3564858
5294,3564858
483,3565406
56763,3565406
320969,3565406
1567,3567666
1002641,3567666
3271473,3567666
616,3568380
741378,3568380
494,3568998
491402,3568998
115161,3569230
362766,3569230
2167957,3569230
335275,3569374
657760,3569374
117,3570768
1045,3570768
724784,3570820
930254,3570820
6328718,3570820
6328720,3570820
6328721,3570820
6328722,3570820
6328723,3570820
6328724,3570820
6599772,3570820
35866,3573600
328098,3573600
331,3574822
1417647,3574822
5272,3576728
15382,3576728
209,3577624
1125,3577624
4675650,3581652
5052065,3581652
299,3583186
45485,3583186
1546300,3583186
1794282,3583186
599,3587066
4743,3587066
230,3588588
546,3588588
1148573,3588588
4554428,3588588
351,3589144
159072,3589144
792209,3589144
3772755,3589144
500976,3592172
2176554,3592172
241049,3593046
1211488,3593046
444,3593666
513,3593666
811242,3593666
1367,3596060
5417,3596060
1075,3597448
4743,3597448
1367,3605262
724757,3605262
913460,3605262
206,3605418
4448022,3605418
245112,3606726
403947,3606726
5562,3606752
177933,3606752
277213,3606752
160,3608930
237,3608930
59215,3610576
155992,3610576
5921266,3610576
6372349,3610576
5417,3612126
158626,3612126
2057859,3612126
2365811,3612126
890232,3612320
1229204,3612320
3929195,3612320
89485,3616292
371342,3616292
184392,3616894
344603,3616894
1117,3619070
1274797,3619070
734558,3622332
4534098,3622332
177,3623726
658,3623726
336701,3623726
1659221,3623726
649,3625136
454236,3625136
1806,3625354
956956,3625354
331,3627780
1711,3627780
401264,3628574
788335,3628574
1812656,3628574
2239702,3628574
1084,3628584
26364,3628584
356021,3628584
1073992,3628584
1629,3630652
358922,3630652
1428821,3630652
275,3632440
767,3632440
339877,3632440
1334,3635666
366866,3635666
618,3638396
1162399,3638396
1711,3639656
87109,3639656
124481,3640140
451376,3640140
93,3640424
182839,3640424
364813,3640424
1038,3640682
798971,3640682
3228287,3640682
6305375,3640682
1679,3643544
340973,3643544
545,3644778
626259,3644778
640,3644790
651,3644790
283997,3645154
527852,3645154
154,3647498
526019,3647498
662981,3647498
3929195,3647498
121605,3651804
170550,3651804
601376,3651804
911320,3651804
351521,3652862
732497,3652862
3231562,3652862
6192976,3652862
301381,3652978
3359985,3652978
170186,3653650
565569,3653650
499,3655288
1712,3655288
25309,3655288
457,3655680
1469236,3655680
725,3657420
85312,3657420
164,3658772
199,3658772
241049,3658772
1404408,3658772
354,3659388
544718,3659388
1325419,3659388
1567113,3659388
146,3661210
1035,3661210
1659547,3661210
4141252,3661210
161,3661298
4778,3661298
13037,3661298
545,3661394
1401,3661394
5377,3661394
186505,3661394
686,3662066
307726,3662066
512934,3662066
1720028,3662066
1370408,3662308
1693588,3662308
202603,3662778
307726,3662778
1334,3663020
5569,3663020
1151,3663040
1780,3663040
103,3663718
853231,3663718
1889973,3663718
836,3668260
1062,3668260
103804,3668260
555,3671052
649,3671052
2073,3671052
151250,3671752
827170,3671752
579,3672120
339460,3672120
376716,3672120
788335,3672120
131,3672840
329,3672840
4778,3672840
448,3673732
641097,3673732
406975,3675204
1017334,3675204
1507857,3675204
5451410,3675204
514,3677366
1760272,3677366
956956,3682192
1110629,3682192
158,3682448
257,3682448
752407,3682448
123632,3683398
2189625,3683398
1143861,3685236
1843026,3685236
4662098,3685236
9864675,3685236
286,3685480
707,3685480
1235,3685480
619,3685622
2946712,3685622
221046,3687304
370035,3687304
790057,3687304
947338,3687304
685856,3687310
1405398,3687310
3571592,3687310
775,3687316
1082,3687316
1449,3687316
5316,3687316
115,3687398
1228,3687398
1567,3687398
117,3689484
1507857,3689484
1782299,3689484
1705,3691706
241049,3691706
532,3692600
1158,3692600
113593,3692600
102,3696140
115,3696140
369,3696140
1001,3696140
1496,3696610
2064,3696610
452,3700364
2436,3700364
786136,3700364
1057,3700456
402032,3700456
1034965,3700804
1512166,3700804
2861251,3700804
179224,3701460
791723,3701460
4747,3701714
1544217,3701714
5438,3702652
915637,3702652
1772,3703148
385644,3703148
1417647,3703148
268,3703674
150362,3703674
401,3703908
5048,3703908
1445,3704050
1626,3704050
386472,3704298
1710309,3704298
2368789,3704298
3614913,3704298
89217,3704416
488953,3704416
1679669,3704416
2159926,3704416
5251,3704700
35514,3704700
1631269,3704700
93,3707106
1401,3707106
491259,3707106
693799,3707106
2907,3708886
671567,3708886
3772243,3708886
641,3710778
2332,3710778
588,3710966
1289173,3710966
3206118,3710966
3862996,3710966
290556,3713030
704270,3713030
731075,3713030
3083350,3713030
206359,3714720
420955,3714720
447695,3714720
1663205,3714720
1151,3715296
283945,3715296
205,3715320
1618,3715320
1297015,3715320
1376,3716530
75650,3716530
452,3717016
234668,3717016
343082,3717016
636562,3717016
1744,3717088
340973,3717088
295,3717252
3772243,3717252
677,3719896
1173,3719896
92961,3719896
313534,3719948
2998321,3719948
4590837,3719948
842770,3720712
1089991,3720712
1985859,3720712
205626,3720788
564215,3720788
1567113,3720788
3616206,3720788
160,3721954
741388,3721954
1020089,3721954
234,3721964
249291,3721964
628601,3721964
654648,3721964
980,3722070
1749,3722070
4729,3722234
780678,3722234
2076,3722614
1195855,3722614
461,3722884
1997,3722884
381,3726704
765597,3726704
237,3727202
4743,3727202
98378,3727202
12078,3727690
199939,3727690
6669,3727982
2016345,3727982
2106801,3727982
1305,3729800
327020,3729800
1468061,3729800
2449252,3729800
796676,3729914
1828818,3729914
205626,3729920
352778,3729920
564215,3729920
1567113,3729920
206257,3730510
350079,3730510
794896,3730510
168,3731562
604,3731562
488953,3731562
1089991,3731562
1416,3731580
947338,3731580
3239803,3731580
290556,3733614
301715,3733614
515,3733678
2965079,3733678
115,3733774
704,3733774
115,3733778
274704,3733778
915637,3733778
1378,3734354
973177,3734354
407,3735398
1165,3735398
502442,3735810
924552,3735810
707,3737420
799,3737420
847439,3737650
945322,3737650
104373,3738128
996669,3738128
209289,3741316
2106801,3741316
545,3741632
661,3741632
597223,3741632
1605114,3741632
151419,3741700
267812,3741700
913822,3741700
173,3741834
1913734,3741834
5432,3741860
451600,3741860
201669,3744684
1326732,3744684
5273,3745058
424216,3745058
578766,3745058
629855,3745058
1303,3748172
339304,3748172
428065,3748528
526019,3748528
442207,3748588
452288,3748588
638,3748918
608405,3748918
936403,3748918
1072555,3748918
225,3750872
335,3750872
596,3750872
5251,3754976
339304,3754976
115,3758162
973,3758162
2764521,3758162
7885187,3758162
1634,3758314
3959274,3758314
6155553,3758314
7819257,3758314
649,3758564
4949,3758564
1885,3758632
899121,3758632
1698,3760820
5046725,3760820
479527,3763866
683467,3763866
1002664,3763866
289098,3764122
853079,3764122
243,3766354
4730,3766354
398,3766394
339011,3766394
377,3767278
421,3767278
463,3767278
515,3770426
192505,3770426
330687,3774114
502425,3774114
704270,3774114
940362,3774114
620,3774466
731075,3774466
798971,3774466
1822659,3774466
176981,3774790
746125,3774790
1616,3774802
629697,3774802
701512,3774802
86205,3775918
319739,3775918
870794,3775918
1614,3778010
1963,3778010
103038,3778010
2439994,3778010
437,3778644
3592338,3778644
185,3779300
620,3779300
331577,3779300
4729,3779414
549815,3779414
79273,3780500
3510471,3780500
276,3781616
418,3781616
5068,3781616
59215,3781616
227,3783510
1494,3783510
926165,3783510
1634832,3783510
331516,3783958
799777,3783958
1297015,3783958
1679669,3783958
4747,3787590
1374980,3787590
1589279,3787590
4103976,3787590
588364,3788052
677139,3788052
5280,3791268
601619,3791268
120,3794354
5188,3794354
568180,3794354
1754366,3794354
404,3797468
443,3797468
511,3797468
698,3797468
1325419,3797512
1946193,3797512
907548,3797868
1192254,3797868
1275259,3797868
1954240,3797868
128,3799694
93589,3799694
331516,3799694
3886028,3799694
511264,3800796
534132,3800796
1248373,3800796
981,3801372
4825,3801372
588364,3801372
728762,3801372
1330276,3809960
4535518,3809960
102,3813310
924154,3813310
1653,3813920
832380,3813920
5046725,3813920
5471940,3813920
516215,3814566
689237,3814566
515,3816458
582462,3816458
651441,3816458
870535,3816458
853079,3816614
2130586,3816614
171513,3817830
248404,3817830
364280,3822630
836176,3822630
1552693,3822630
150,3823672
410622,3823672
610,3824412
1602,3824412
180984,3824412
1130627,3824412
276,3824722
40015,3824722
64769,3824722
671980,3826866
1552693,3826866
1738172,3826866
4932304,3826866
1194,3827684
1235,3827684
6669,3827684
574,3828858
2683203,3828858
2874462,3828858
5277905,3828858
1221047,3829266
2933542,3829266
5016878,3829266
5218990,3829266
124,3829920
313,3829920
982,3829920
1886602,3829920
2018,3830664
455682,3830664
1633085,3830664
893,3831344
254760,3831344
894690,3831344
89217,3833480
2655177,3833480
5490799,3833480
463,3833520
1455681,3833520
460,3837842
980,3837842
2539953,3837842
555,3838634
41281,3838634
2312345,3838634
136,3838992
111013,3838992
273464,3841866
893941,3841866
977,3842684
2933542,3842684
2105,3844362
4395,3844362
5403,3844362
2279940,3844362
555,3846182
1889973,3846182
671,3846736
1330276,3846736
514,3849370
649,3849370
609,3849692
59215,3849692
331577,3849692
619,3850496
1128780,3850496
2810287,3850496
1057,3850590
4395,3850590
462712,3850590
1117,3853806
1744,3853806
454236,3856300
1534700,3856300
598,3859076
602,3859076
949,3859076
5253,3859076
105,3859138
1698,3859138
243806,3859272
3381295,3859272
6552202,3859272
170550,3859304
1851981,3859304
4726634,3859304
173,3859310
1102577,3859310
362,3861390
474,3861390
268199,3861390
1200692,3861390
222643,3862176
253708,3862176
502015,3862176
4820,3862750
5125,3862750
1013003,3862750
2062,3862762
3082,3862762
48414,3862762
1581522,3862762
2974069,3863484
4055138,3863484
675,3863632
1416,3863632
719678,3863632
173,3864056
942482,3864056
4625502,3864056
5052065,3864056
92,3872778
416,3872778
1385,3872778
1402,3872778
114,3874544
285,3874544
1435,3874544
929,3875548
429250,3875548
514,3877434
261724,3877434
448,3877590
112871,3877590
121559,3877590
321,3878654
893,3878654
418,3881680
1194672,3881680
1669,3881784
350453,3881784
1137209,3881784
51469,3883282
295103,3883282
160,3885524
316079,3885524
2215447,3885524
316271,3886508
1212722,3886508
690,3886604
4965,3886604
1880888,3886604
3006818,3886604
663,3887812
726223,3887812
555,3887868
616,3887868
358316,3890160
1256532,3890160
2555462,3890160
5052065,3890160
269419,3890914
316271,3890914
678,3891338
4920,3891338
664175,3891338
954225,3891338
1295,3891720
132757,3891720
347149,3891720
541576,3891720
649,3892618
1020345,3892618
1624,3893280
15196,3893280
1405398,3893280
154226,3893664
788335,3893664
1468739,3893664
90469,3894190
273827,3894190
502813,3894190
563686,3894190
616,3894558
184392,3894558
260,3895658
754,3895658
2062,3895658
36269,3895658
108066,3895658
170550,3895658
293461,3895658
301715,3895658
695435,3896198
757855,3896198
1176985,3896198
77720,3902044
387987,3902044
608405,3902044
112374,3904186
7348892,3904186
7716935,3904186
7716936,3904186
1278,3904278
1578,3904278
35488,3905662
342970,3905662
1102577,3907584
1221047,3907584
3381295,3907584
4722966,3907584
101005,3908598
4802218,3908598
6669,3908826
301381,3908826
495095,3910154
1032567,3910154
101,3910602
775,3910602
1191,3910602
644022,3910602
5017,3910814
454236,3910814
2901344,3910814
6843400,3910814
342241,3911058
756089,3911058
796676,3912040
2527621,3912040
177,3914332
5460,3914332
1843026,3914332
20717,3917118
611932,3917118
1487,3917318
4187130,3917318
476,3918774
616,3918774
410622,3919218
809049,3919218
82450,3919248
570912,3919248
2501633,3919248
1427,3920820
388038,3920820
554,3922816
1691,3922816
198,3922818
1303,3922818
1429380,3922818
639774,3923004
2343444,3923004
564901,3923662
779084,3923662
132757,3946032
933987,3946032
222643,3946960
1165044,3946960
1473,3949660
4715,3949660
1083271,3949660
1347153,3949660
580,3950488
1117,3950488
101952,3951186
1330276,3951186
1676649,3951186
1795268,3951186
4600123,3951186
6697143,3951186
5203,3953626
1123709,3953626
1782299,3953626
4496875,3953626
206,3954450
2501633,3954450
153,3956336
297,3956336
542,3956336
202966,3956336
42006,3957914
2053085,3957914
348152,3958780
700856,3958780
798971,3960412
1676221,3960412
275,3960584
340973,3960584
524528,3960938
2176554,3960938
818,3962984
2076,3962984
246,3963816
4978,3963816
5221,3963816
1176985,3963816
631490,3967356
1659547,3967356
1218,3967826
2466842,3967826
200452,3967856
350453,3967856
842770,3967856
1960,3969522
530365,3969522
608,3970280
1367,3970280
1738,3970280
792209,3970280
17343,3970854
1370408,3970854
714147,3975510
2215143,3975510
3154303,3975510
465,3975810
3859710,3975810
756083,3975966
1883803,3975966
799,3978152
2663,3978152
318,3982912
416,3982912
140,3983894
277,3983894
298,3983894
95478,3983996
726180,3983996
726223,3983996
120,3984388
125,3984388
126,3984388
129,3984388
782,3984388
2008,3984388
302108,3986532
798971,3986532
1693588,3986820
1918140,3986820
666739,3991412
1946193,3991412
4805,3992752
51469,3992752
261435,3992752
2074204,3992752
5253,3993894
297578,3993894
2239702,3993894
5169,4000870
57217,4000870
339460,4000870
1167794,4000870
593664,4000936
746896,4000936
453115,4000956
1843026,4000956
1901220,4000956
1720,4002136
397555,4002136
235,4003440
369,4003440
4486,4003440
117709,4005402
638824,4005402
914612,4005402
191412,4009278
3605836,4009278
4477836,4009278
131647,4009460
229544,4009460
725811,4009460
3955339,4009460
368,4015500
175814,4015500
728762,4015500
4456120,4015500
561809,4016306
3817466,4016306
283997,4017052
1249052,4017052
206,4019560
227,4019560
1520,4019560
96,4020156
4936,4020156
3063849,4020304
3137804,4020304
72344,4022252
799777,4022252
448,4026562
932112,4026562
1143861,4027504
1291068,4027504
3154566,4027504
4953884,4027504
287,4033204
374,4033204
147312,4033204
729,4034228
151419,4034228
931329,4034228
200452,4034354
705356,4034354
935541,4034354
7708571,4034354
1457,4038806
275244,4038806
818285,4038806
649,4040072
460694,4040072
177,4040090
1378,4040090
6969,4041372
1242688,4041372
2225369,4041372
204,4042818
215,4042818
358922,4042818
5016878,4042818
2064,4046784
2546012,4046784
177933,4048168
2901344,4048168
973177,4048668
2868110,4048668
20717,4050596
1052141,4050596
115,4054654
353,4054654
227,4056738
276,4056738
891786,4056738
339159,4058122
449466,4058122
219,4060866
1729,4060866
751638,4060866
164,4061010
501,4061010
5466,4061010
479527,4061424
715915,4061424
750353,4061424
1772,4062536
790057,4062536
947338,4062536
1782299,4062536
206,4062616
217,4062616
116,4062624
206,4062624
670,4063178
1664,4063178
888727,4064912
953882,4064912
740535,4066836
788340,4066836
261,4068586
1010931,4068586
1597,4072326
1249052,4072326
4682935,4072326
17343,4072352
527002,4072352
601553,4073790
925966,4073790
509937,4073936
651159,4073936
454,4074960
593474,4074960
1313,4076756
1370599,4076756
4741,4076760
63440,4076760
546,4076926
290556,4076926
817844,4076926
1001,4076980
164929,4076980
1829,4079332
1882152,4079332
208426,4080768
527852,4080768
112,4083572
154226,4083572
2230865,4083572
1409,4083850
627245,4083850
102153,4084600
2094206,4084600
2355036,4084600
5247016,4084600
774386,4085084
1208167,4085084
5519,4086018
1416215,4086018
5251,4086032
396812,4086032
1882152,4086032
342029,4094724
932112,4094724
1928515,4094724
356021,4104022
1318596,4104022
1790970,4104022
1269,4104354
1757,4104354
5342,4106306
500976,4106306
1208167,4106306
217936,4111956
707476,4111956
1229204,4111956
3688576,4111956
302105,4114456
872910,4114456
1249052,4114456
654,4114630
397110,4114630
602941,4114630
916073,4114630
146,4116284
4715,4116284
148418,4116284
206257,4116284
367,4120210
1376,4120210
136,4123430
283945,4123430
2239702,4123430
461,4123650
1889973,4123650
367,4124980
638,4124980
668271,4124980
6848184,4124980
707,4126394
275244,4126394
154226,4126694
2265157,4126694
2319871,4126694
102,4128724
421776,4128724
2991877,4128724
6852212,4128724
1720,4128834
941708,4128834
124930,4131496
611932,4131496
630,4131800
155693,4131800
671567,4131800
1289434,4131800
424,4136084
658,4136084
374865,4136084
541218,4139124
1221047,4139124
1443502,4139124
1840504,4139124
586568,4139588
935395,4139588
1227814,4139588
1527,4145304
1130627,4145304
524839,4147452
3264596,4147452
247579,4151198
736263,4151198
155,4151800
435,4151800
124930,4151800
290556,4151800
526019,4151800
680983,4151800
1083271,4151800
1424,4152950
1885,4152950
353,4153828
701,4153828
168,4154664
179,4154664
488953,4154664
578853,4154664
375,4154756
262635,4154756
749263,4154756
1165110,4154756
375,4154796
262635,4154796
749263,4154796
1165110,4154796
206,4154916
651159,4154916
1404408,4154916
362,4155534
5212,4155534
1024677,4155534
1289434,4155534
1617,4157144
5231,4157144
3147751,4157144
151,4157458
418,4157458
331577,4157728
347423,4157728
4157570,4157728
7961340,4157728
488953,4158096
614165,4158096
1663205,4158096
2309517,4158096
418877,4158594
608405,4158594
215,4158624
4883,4158624
915208,4158624
1102577,4158624
788340,4158876
925966,4158876
2654829,4158876
2332,4160708
3994408,4160708
105,4163020
930226,4163020
4410693,4163020
7043418,4163020
998,4163224
168143,4163224
734000,4163636
1671512,4163636
1527,4163960
111013,4163960
1192254,4163960
2499064,4163960
352,4168084
546,4168084
397124,4168084
331577,4168932
513964,4168932
639200,4168932
1828818,4168932
195,4171692
457,4171692
207218,4171692
842770,4171692
197647,4172430
219292,4172430
1024677,4172430
1032567,4172430
215,4173614
578766,4173614
1664,4177822
5068,4177822
5535,4177822
92,4177856
1737,4177856
1072555,4177856
1242688,4177856
867,4178092
249291,4178092
356017,4178092
211,4180556
301,4180556
4978,4180556
99,4180560
291,4180560
5031,4180560
388933,4180560
51509,4181052
267812,4181052
531808,4181052
13037,4181270
644897,4181270
680983,4181270
1041023,4181270
276,4183692
685,4183692
1367,4183692
420937,4184744
2080328,4184744
35488,4189494
339460,4189494
614165,4190530
1946193,4190530
155693,4191054
445903,4191054
748973,4191054
939697,4191054
532,4191486
277213,4191486
114,4191702
152,4191702
790688,4191702
47265,4192148
132257,4192148
1326,4192652
131235,4192652
2555462,4192652
428765,4192896
6906829,4192896
668,4193072
700577,4193072
2788156,4193072
675,4194054
949433,4194054
1664,4194558
12078,4194558
502,4194608
3357856,4194608
6908597,4194608
9065728,4194608
542,4196450
355097,4196450
1676649,4196450
2309517,4196450
387987,4196576
442207,4196576
169,4196776
354,4196776
2539953,4196776
552,4196848
1523,4196848
1429380,4196848
1882152,4196848
705356,4199898
5145655,4199898
51469,4200634
2868110,4200634
616,4205896
620,4205896
1474,4205896
25745,4208506
273464,4208506
599,4209174
365650,4209174
1756,4209374
7029,4209374
269463,4209374
1089427,4209374
1091289,4209374
1091958,4209374
1092076,4209374
6526271,4209374
126,4209788
148418,4209788
252961,4209788
1567113,4209788
4742,4210080
654110,4210080
864997,4210080
5897057,4210080
627,4211312
931404,4211312
105,4212984
8813,4212984
6032512,4212984
6417632,4212984
205626,4218572
4456120,4218572
1078479,4218696
1821298,4218696
620,4224754
663546,4224754
5277,4228146
652663,4228146
809,4228810
462407,4228810
606,4232610
1166528,4232610
809,4246850
75710,4246850
1744,4247828
489436,4247828
990442,4250984
3126606,4250984
97,4254562
2957696,4254562
781899,4262174
6552202,4262174
1367,4264610
1826,4264610
486728,4264610
1315,4270516
5499,4270516
339460,4270516
474,4276820
2253,4276820
4802,4276820
644406,4276820
304092,4280456
451600,4280456
1399243,4280456
449299,4283414
799777,4283414
299,4284084
23929,4284084
1064744,4284084
1918140,4284084
2029106,4284084
2243554,4284084
3466040,4284084
3543880,4284084
960,4286432
5278,4286432
2965079,4286432
479527,4287234
3006818,4287234
158,4287320
914612,4287320
3915784,4287320
448,4287470
865302,4287470
1002664,4287470
515296,4288636
633223,4288636
3264596,4288636
3571592,4288636
36553,4288674
7149890,4288674
345,4292254
362,4292254
899,4292420
124481,4292420
4150847,4295258
4570282,4295258
1334,4298966
891786,4298966
146,4302938
190,4302938
234,4302938
502,4303340
292182,4303340
649,4308652
184392,4308652
1041023,4308652
99,4323370
215,4323370
818,4323504
451234,4323504
706787,4323504
1864,4323568
75359,4323568
495095,4323568
4805,4324916
2615347,4324916
7736686,4324916
7736688,4324916
202966,4329242
258402,4329242
5007,4329806
5576,4329806
168,4329810
492,4329810
1233,4329810
1208167,4329810
27957,4332232
941777,4332232
1143816,4332232
9931333,4332232
693799,4333408
993242,4333408
206,4334266
597388,4334266
98378,4337690
159789,4337690
1879,4338138
389581,4338138
4730,4338322
339159,4338322
2008,4351504
358710,4351504
823592,4351504
265668,4354756
281107,4354756
519043,4354756
2316016,4354756
285,4355574
298,4355574
35488,4355574
596,4356480
306201,4356480
198,4357394
2140860,4357394
4534098,4357394
1794,4361050
714147,4361050
5568,4363250
746125,4363250
370035,4364194
424848,4364194
479471,4364194
610459,4372390
1710309,4372390
476,4374864
5417,4374864
998,4375268
2397459,4375268
1001,4377938
429250,4377938
97,4378628
376716,4378628
1461,4379180
933727,4379180
2957696,4379180
153,4382376
707,4382376
1494,4382376
2416847,4382376
115,4382824
1258970,4382824
246,4382872
665,4382872
1553725,4382872
228,4383594
4950,4383594
385644,4383594
272173,4385462
343472,4385462
677139,4385462
906,4385888
1082,4385888
1102577,4385888
654,4388494
966,4388494
1470,4388494
1765,4388494
376110,4388494
1494818,4392770
1637961,4392770
2624186,4392770
4496875,4392770
253708,4393190
2265157,4393190
781913,4396584
4726634,4396584
673391,4400028
893941,4400028
597,4400994
834,4400994
1228,4400994
5413616,4400994
5017,4411584
5278,4411584
524197,4411584
922927,4411584
1838,4411596
322513,4411596
3510471,4411596
352,4411618
290556,4411618
1411125,4411618
1822659,4411618
684521,4412528
1137209,4412528
206,4425200
1249052,4425200
285,4426464
1378,4426464
290556,4426464
719637,4426464
168,4428398
706,4428398
148418,4428398
153,4429160
911320,4429160
1631269,4429160
3510471,4429160
178,4429194
285,4429194
5442,4433970
429069,4433970
933940,4433970
1211488,4433970
232,4435082
281107,4435082
126284,4438848
736622,4438848
1374980,4438848
1631269,4438848
167649,4439102
517844,4439102
1844,4441098
163748,4441098
1577637,4441098
274704,4441150
305558,4441150
788335,4441150
380,4442130
290556,4442130
211,4443838
1404488,4443838
1425528,4443838
1468739,4443838
1648,4444732
2998321,4444732
184392,4453560
3605836,4453560
317,4454078
518,4454078
1192254,4454078
708,4457678
860233,4457678
307,4459156
1787,4459156
5476,4459156
1616,4460572
1544217,4460572
571,4460854
636562,4460854
2057036,4460854
5390,4462332
551908,4462332
644897,4462332
680983,4462332
1137209,4462332
196,4463816
2077,4463816
670408,4463816
3053338,4463816
168,4463894
356021,4463894
424848,4465564
1946193,4465564
376716,4465572
666739,4465572
1092227,4465572
368,4468634
1457,4468634
829576,4468634
931329,4468634
424,4468740
924210,4468740
1020089,4468740
465,4470288
532,4470288
247579,4470288
1354,4476736
1095324,4476736
1212722,4476736
424848,4477536
1946193,4477536
273464,4480494
673391,4480494
700229,4480494
4742,4481066
5795728,4481066
262635,4481414
818055,4481414
5085683,4481414
2071,4481514
688132,4481514
387,4483220
2174090,4483220
767,4485178
2864046,4485178
164809,4486986
515116,4486986
763928,4488744
3159825,4488744
387987,4488836
608405,4488836
1376,4494706
933727,4494706
1691,4494718
1724,4494718
856500,4494718
2309517,4494718
12948,4497142
233481,4497142
449299,4497142
1289445,4497142
822155,4499572
2106801,4499572
147825,4501244
290556,4501244
3614913,4501244
215,4501454
126284,4501454
799777,4501454
1136,4501740
4743,4501740
272173,4504044
2279940,4504044
286,4504136
929,4504136
1727943,4504136
663,4508932
1117,4508932
1530,4508932
185,4510398
407,4510398
136797,4513674
251986,4513674
515116,4513674
829576,4513674
195,4513678
1633,4513678
748620,4513678
6016511,4513678
499,4515698
442207,4515698
68338,4520988
728762,4520988
939697,4520988
2676147,4520988
518,4523530
1326,4523530
319843,4523910
378855,4523910
616,4530316
1025,4530316
134,4532038
235,4532038
686,4532038
1225406,4532038
2663,4532818
553269,4532818
629855,4532818
1686317,4532818
4937,4532826
578853,4532826
2016723,4532826
1047329,4536768
1553725,4536768
190,4537896
492,4537896
1416,4538016
2023,4538016
2193120,4538016
1758,4538916
525921,4538916
1429,4539136
632664,4539136
835016,4540710
836121,4540710
1567113,4540710
1813221,4540710
1028,4541116
1821,4541116
147962,4541116
7207194,4541116
41744,4546778
823546,4546778
2280561,4546778
2994080,4546778
757855,4547194
1782299,4547194
4068901,4547194
5460,4547938
257969,4547938
134,4548534
187042,4548534
10736,4550098
350453,4550098
788335,4550098
117709,4552298
1782299,4552298
206257,4553542
2058109,4553542
7223948,4553542
9391463,4553542
198,4555426
218,4555426
578853,4555426
4141252,4555426
185,4556370
612,4556370
162,4557208
648,4557208
1616349,4557208
187719,4557846
520064,4557846
1241244,4557846
775,4557956
1727304,4557956
797464,4558040
2791093,4558040
5048,4558200
472710,4558200
242,4560436
518,4560436
1659348,4560436
350,4562728
2215447,4562728
1228,4563294
1757,4563294
929,4566282
736263,4566282
84,4566758
1472,4566758
275244,4567486
818285,4567486
242,4572514
422,4572514
799777,4572514
1157358,4572514
798971,4572792
915208,4572792
5016878,4572792
5897057,4572792
670408,4572820
757855,4572820
881631,4572820
1517976,4572820
616,4575782
929,4575782
1724,4575930
205626,4575930
659363,4575930
1503432,4575930
616,4577974
290556,4577974
1625,4578084
272173,4578084
1780,4578118
4821,4578118
636426,4578118
216,4581576
1058940,4581576
1192254,4581576
447,4584718
893,4584718
2090702,4584718
1326,4585910
290556,4585910
1242688,4585910
119,4586626
680,4586626
1221047,4587656
1752221,4587656
3081796,4587656
5262775,4587656
276,4587780
154226,4587780
2177528,4587780
125653,4591226
893970,4591226
2063560,4591226
2124360,4591226
291,4594834
648,4594834
134244,4594834
565250,4595882
920185,4595882
1567,4602066
269419,4602066
748620,4602066
929489,4602066
408284,4605028
893247,4605028
5154,4606588
196654,4606588
4883,4607722
242654,4607722
582149,4607722
791723,4607722
5389,4608696
258360,4608696
39162,4610748
893257,4610748
2076,4615318
512283,4615318
1670137,4615318
3480246,4615318
948267,4616802
2439994,4616802
2933542,4616802
725,4621736
929609,4621736
340973,4621782
859921,4621782
136797,4622512
798971,4622512
1297015,4622512
2057859,4622512
1083271,4622682
1880888,4622682
1303,4623856
788335,4623856
616,4624104
4365,4624104
98,4624424
1288,4624424
1676221,4624424
1089,4625334
1137209,4625334
176869,4627352
2057859,4627352
428086,4629636
429363,4629636
144,4630444
996669,4630444
1256602,4630444
3538718,4630444
89485,4633662
1229204,4633662
182666,4633690
1128572,4633690
1165044,4633690
1256532,4633690
991810,4633694
2159926,4633694
2794962,4633694
100068,4638246
818166,4638246
202966,4641828
246004,4641828
202966,4641882
246004,4641882
260846,4643580
1410318,4643580
1758,4645330
1838,4645330
778831,4645330
929489,4645330
182839,4645368
2244205,4645368
809,4647784
1953,4647784
269419,4647784
785842,4647784
418,4649416
4898,4649416
253708,4649416
594898,4649416
147,4649466
835016,4649466
1475594,4649466
246,4651410
1231,4651410
4971,4651410
7481674,4651410
242,4651466
641,4651466
775,4651520
5109,4651520
68338,4651520
1063517,4651520
287,4651960
1051,4651960
347149,4652532
1176985,4652532
1057,4652650
266824,4652650
1404408,4652650
24188,4653202
164929,4653202
626202,4653202
469,4653310
1450,4653310
1038,4653586
1525,4653586
5466,4653586
2240326,4653586
462712,4654016
926165,4654016
442,4656810
483,4656810
514,4656810
1036,4656810
344894,4659056
586565,4659056
122688,4660172
355024,4660172
2319871,4660172
325707,4662420
386472,4662420
799777,4662420
3006818,4662420
179173,4663548
179224,4663548
357979,4664042
836121,4664042
355910,4666726
356017,4666726
504832,4666726
258402,4667094
929609,4667094
997,4668790
5555161,4668790
332,4669186
932,4669186
366389,4669186
1159180,4669186
603,4669252
906,4669252
910607,4669252
502,4669278
1002664,4669278
191412,4669296
1710309,4669296
5451410,4669296
616,4669408
936403,4669408
1832,4669788
428065,4669788
2309517,4669788
546,4669974
4729,4669974
249291,4669986
1550948,4669986
968405,4670016
1556320,4670016
379,4677924
245141,4677924
1561982,4677924
3771184,4677924
4266,4680182
625789,4680182
837177,4680182
3271473,4680182
1812267,4680568
1882152,4680568
551,4680980
180411,4680980
519043,4680980
7380180,4680980
1518,4682780
298281,4682780
3849842,4682780
226,4682786
701,4682786
1570,4682786
671567,4682786
849,4682788
4851,4682788
765597,4682788
2207582,4682788
204,4682804
358316,4682804
1405398,4682804
235,4685806
619,4685806
470981,4685940
1229204,4685940
1577637,4685940
4545813,4685940
541218,4686108
996669,4686108
114,4686844
1787,4686844
2057859,4686844
276,4687276
638,4687276
202966,4687276
321,4687410
5253,4687410
4286,4687464
2215447,4687464
286,4693418
287,4693418
429,4693418
1705,4693418
528331,4693418
781899,4693418
800,4693464
1001,4693464
1265,4693826
1657,4693826
4365,4693826
246,4694544
422,4694544
597388,4694544
1601,4694594
233481,4694594
249291,4695012
3571592,4695012
1078479,4701182
2794962,4701182
1758,4701724
1089991,4701724
1057,4702826
328828,4702826
68260,4703048
180411,4703048
835016,4703048
1657,4703696
867588,4703696
111,4712086
907548,4712086
297,4717208
925220,4717208
811242,4720702
1176985,4720702
1626,4721124
2541974,4721124
4141252,4721124
418,4721404
1525,4721404
710829,4723724
1057932,4723724
349,4729430
5403,4729430
429069,4729430
799777,4729430
465,4732794
261724,4732794
1389064,4732794
1151,4733536
341176,4733536
1663,4733624
5569,4733624
366389,4733624
1589004,4733736
2213431,4733736
272173,4738174
420937,4738174
5119,4739168
1183205,4739168
1599,4746102
154226,4746102
1192254,4746102
2140860,4746102
93,4758646
1710309,4758646
404,4762486
5499,4762486
982,4762824
1058940,4762824
1144419,4762824
7718664,4762824
185,4763168
4740,4763168
6820,4763168
356017,4764974
1812656,4764974
4379365,4764974
443,4765138
3078932,4765138
5072010,4765240
7149890,4765240
447695,4765284
811242,4765284
2313103,4765284
2319871,4765284
1191,4769836
1063517,4769836
1745736,4769836
620,4776564
1744,4776564
288,4776998
319843,4776998
1209966,4776998
3114649,4776998
201,4777008
1401,4777008
1102577,4777008
502813,4777660
1166528,4777660
437,4778988
492,4778988
420955,4778988
1525,4779344
226813,4779344
5458,4779682
193295,4779682
508356,4779682
933988,4779682
3067,4780578
2316016,4780578
1057,4781612
504832,4781612
705356,4781612
870794,4781612
4742,4786282
121605,4786282
1954240,4786282
5145655,4786282
1409,4788720
145880,4788720
487254,4788720
1218,4788744
50156,4788744
217645,4789290
468772,4789290
427,4792524
871,4792524
1341,4792524
1662,4792524
1491,4794754
235652,4794754
2106801,4794754
677139,4795062
894690,4795062
3246893,4795062
3442411,4795062
161,4795124
507,4795124
487254,4796568
504267,4796568
185,4797160
929,4797160
424060,4799050
2368789,4799050
1722914,4799058
3425494,4799058
791723,4799066
1443527,4799066
2200639,4799066
2254074,4799066
5129,4799686
20354,4799686
162,4807408
5377,4807408
378245,4807408
922342,4814760
3046705,4814760
997,4818168
864997,4818168
608,4819738
377947,4819738
628,4820296
5535,4820296
894690,4823538
1357740,4823538
1408453,4823538
1410318,4823538
317,4823776
5377144,4823776
98,4824302
210,4824302
5028,4824302
837177,4824302
582462,4824308
924684,4824308
1209,4824316
4554428,4824316
457,4826674
538,4826674
1758,4826674
383603,4826674
71275,4827558
1500155,4827558
666739,4827922
935541,4827922
1058940,4827922
1783534,4827922
980,4827986
1648,4827986
910040,4827986
1890784,4827986
3244,4829436
1357740,4829436
4771,4830668
713378,4830668
1696,4831810
1998498,4831810
616,4837090
663,4837090
616,4837396
1530,4837396
582149,4838534
817844,4838534
616,4839118
1744,4839118
35488,4840666
363641,4840666
502425,4842646
1017334,4842646
416,4843040
1589,4843040
662981,4843208
809793,4843208
435,4843750
649,4843750
396558,4844140
1126657,4844140
492,4846232
1500155,4846232
126,4846340
378245,4846340
818055,4846340
418,4847454
1089,4847454
1963091,4847454
750852,4847546
930226,4847546
434,4853102
936403,4853102
253216,4857878
529813,4857878
421822,4859168
2400045,4859168
1313,4867110
1997480,4867110
1491,4872078
728762,4872078
29400,4876096
310966,4876096
2564938,4876096
267506,4877122
748973,4877122
98,4878482
3843467,4878482
4359664,4878482
397171,4881806
695435,4881806
515,4882548
190744,4882548
267812,4882548
5016878,4882548
929,4887224
581365,4887224
134916,4898000
170168,4898000
441377,4898726
619185,4898726
420,4898888
316271,4898888
2691468,4898888
544718,4899370
925966,4899370
72768,4901356
1110629,4901356
413,4902012
6969,4902012
85438,4902012
177896,4902012
4965,4902716
469823,4902716
1764351,4902716
708,4911876
101710,4911876
920992,4911996
3887625,4911996
129,4912910
609,4912910
147147,4912910
670408,4912910
1288,4915672
508356,4915672
1553725,4915672
4937,4916630
488953,4916630
153,4917224
155,4917224
221,4917224
350079,4917224
306,4917554
758,4917554
429207,4917554
867694,4917554
12183,4920262
890154,4920262
2805298,4920262
5569160,4920262
916406,4922524
5483400,4922524
179224,4923846
1489978,4923846
504832,4925292
1519680,4925292
767,4926026
310865,4926026
310865,4926822
627245,4926822
469,4928270
2496800,4928270
7504599,4928270
7507568,4928270
7507569,4928270
254,4928704
635262,4928704
256121,4935372
898546,4935372
4825013,4935372
553,4939066
340973,4939066
213671,4941354
215581,4941354
546765,4941354
861771,4941354
1326,4943322
1426,4943322
401264,4943322
2623492,4943322
1698,4945764
908914,4945764
616,4946336
1744,4946336
639200,4946336
5129,4948040
701512,4948040
219,4949290
331577,4949290
774386,4951982
2244205,4951982
430,4952388
502015,4952388
3988069,4952388
7528190,4952388
847439,4954660
945322,4954660
5221,4955566
5286,4955566
383603,4955566
3843467,4955566
268281,4958094
509622,4958094
1075492,4958094
1139798,4958094
1443527,4958094
4180602,4958094
1208725,4960764
2200639,4960764
849,4964788
4851,4964788
273464,4964788
604,4971344
1618,4971344
350453,4971344
1221047,4972062
1589811,4972062
1843026,4972062
1898126,4972062
564215,4972582
4726634,4972582
365140,4975722
991810,4975722
5218990,4975722
1530,4975904
209289,4975904
101,4976984
40472,4976984
1919342,4976984
7640212,4976984
133,4978710
2193120,4978710
929489,4986098
941777,4986098
2279940,4986098
228,4986134
204706,4986134
396558,4986134
442207,4986280
3859710,4986280
111013,4986754
403947,4986754
479527,4986754
1032567,4986754
151250,4994564
281424,4994564
5253,4995790
922035,4995790
56770,4997822
2195187,4997822
1136,4999290
4051,4999290
347149,4999290
741242,5001718
3538718,5001718
2332,5001754
226813,5001754
597388,5001754
1489978,5001754
362766,5013056
7887725,5013056
1644,5013782
1826,5013782
5024,5013984
179173,5013984
1720028,5013984
4055138,5013984
27323,5020444
674101,5020444
1828,5020488
544611,5020488
674101,5020488
1828,5020744
121605,5020744
1553111,5020744
4487976,5020744
511,5023260
755603,5023260
1086543,5023260
7975619,5023260
437,5027774
531,5027774
5377,5027774
2655177,5027774
607865,5028340
924210,5028340
1289434,5028340
1491,5030402
4802218,5030402
2860220,5031650
3066649,5031650
922927,5033018
1677477,5033018
2295293,5033018
473162,5033722
814162,5033722
6969,5033998
829576,5033998
3510471,5033998
4305463,5033998
1589279,5034122
1724319,5034122
404,5034266
602,5034266
339460,5034266
774386,5034266
1439,5034474
1724,5034474
2907,5034838
2555462,5034838
3725055,5034838
161,5037840
285,5037840
542133,5037840
184392,5039720
935498,5039720
5571,5040108
1404137,5040108
299,5044656
1667,5044656
1544217,5044656
1787921,5044656
1218,5050200
1744,5050200
2332,5050200
1416,5052448
925966,5052448
982,5052474
1125,5052474
5097044,5052474
771414,5052524
926165,5052524
2907,5057140
197647,5057140
942482,5057140
662504,5058014
3817466,5058014
56770,5059224
145102,5059224
1129670,5059224
2302082,5059224
7452538,5059224
7766991,5059224
1250,5061360
99828,5061360
201669,5061360
335,5066056
378,5066056
518,5066056
1772,5066056
1411,5066616
1370599,5066616
256,5068162
631490,5068162
2564938,5070062
3425494,5070062
180984,5072154
234791,5072154
882,5072406
222922,5072406
115,5073642
613,5073642
1045,5073642
993242,5078204
1082477,5078204
123553,5080076
202966,5080076
499,5081618
514,5081618
1838,5083738
396558,5083738
1297015,5083738
1469236,5083738
680,5084204
2216125,5084204
239,5085924
374,5085924
922927,5089534
1455681,5089534
4122775,5089534
1057,5091014
5096350,5091014
4286,5091530
114430,5091530
265457,5093026
402271,5093026
4412040,5093026
4986118,5093026
146,5094390
424819,5094390
671567,5095030
748620,5095030
1431940,5095030
511,5097410
352778,5097410
447695,5097410
2813994,5097410
456,5101878
547,5101878
1724,5101878
1295,5103904
1456571,5103904
2495590,5103904
3745451,5103904
837,5104604
1570,5104604
186505,5104604
1467,5108870
364813,5108870
201,5109784
438,5109784
849,5109784
2225369,5109784
874086,5110282
911933,5110282
362955,5112578
2253071,5112578
148,5113040
366389,5113040
652663,5113040
832314,5113040
1844,5113250
87109,5113250
246585,5113250
980,5114840
1132,5114840
195439,5114840
472710,5115546
519043,5115546
1417647,5115546
982,5116896
1144474,5116896
1146662,5116896
1370599,5116896
1117,5118964
170306,5118964
473,5125894
922927,5125894
199,5126922
429,5126922
1404239,5126922
661490,5127182
724784,5127182
1523482,5127182
1756153,5127182
1945991,5127182
4048736,5127182
5878822,5127182
345,5136700
5059,5136700
483,5139362
2029,5139362
1439,5140878
1584,5140878
339159,5140878
2332,5143890
797464,5143890
59215,5145662
864997,5145662
1166,5146612
437283,5146612
364348,5149490
428765,5149490
473,5153236
322407,5153236
3584268,5153236
302,5153288
1426,5153288
933987,5153288
3772243,5153288
185,5153860
1829217,5153860
562003,5153952
828980,5153952
1487,5154076
530365,5154076
1938,5154280
66877,5154280
202970,5154280
227155,5154280
261435,5154280
307531,5154280
1128600,5154280
602,5155780
5460,5155780
781981,5155780
5359238,5155780
2245,5156532
95478,5156532
200,5160928
4563869,5160928
1721,5160938
829576,5160938
249,5161658
1303,5161658
1390614,5161658
2018237,5161658
613,5164184
1589279,5164184
4534098,5164184
113,5164214
949,5164214
4266,5164214
1969169,5164412
2030779,5164412
4950,5164432
241049,5164432
3538718,5164432
345,5171724
26364,5171724
569226,5171724
1013003,5171724
518,5174640
1047252,5174640
83487,5174992
549815,5174992
178,5175450
553,5175450
1282,5175450
190744,5175450
649,5175636
1445,5175636
788340,5176580
1443368,5176580
1541272,5176580
465,5176832
4535518,5176832
235652,5179398
5483400,5179398
228,5179598
731075,5179598
5052065,5179598
297538,5182590
923366,5182590
27957,5193784
164929,5193784
4950,5195412
186505,5195412
768,5198136
1811,5198136
201,5198670
662,5198670
920185,5198796
3147751,5198796
3887625,5198796
4496875,5198796
222643,5201246
495095,5201246
924552,5201246
3634777,5202538
6289340,5202538
7730798,5202538
7730799,5202538
456,5205210
167649,5205210
286,5206170
125847,5206170
81449,5207158
322977,5207158
194,5208216
931329,5208216
4625502,5208216
1426,5208252
491259,5208252
1209966,5208252
2443797,5208252
465,5215606
969,5215606
1724,5216022
424216,5216022
1822659,5216022
655,5219972
1136,5219972
155693,5219972
1711114,5219972
1191,5220122
416673,5220122
1411125,5220122
1676221,5220122
1621,5220252
758760,5220252
182666,5222578
2171898,5222578
653669,5222918
899476,5222918
206,5228262
4950,5228262
5017,5228262
925966,5228262
1884,5238496
590796,5238496
116,5241760
751,5241760
99,5243796
85312,5243796
1034965,5244974
5120390,5244974
662519,5246700
3772243,5246700
148418,5247026
3157887,5247026
3434305,5247026
6112290,5247026
290556,5249200
429069,5249200
674782,5253282
799777,5253282
3843467,5253282
112,5254610
1176985,5254610
7455038,5254610
852,5254886
1324,5254886
65966,5254886
1958388,5254886
1434,5255524
1744,5255524
25709,5255560
366449,5255560
4109,5255932
6762,5255932
673,5258128
257969,5258128
648249,5258128
4055138,5258128
616,5259598
1744,5259598
160,5259822
1492,5259822
2016723,5259822
3046705,5259822
1172285,5259966
1410318,5259966
276,5265898
792,5265898
748620,5270464
1652212,5270464
1136,5270948
164809,5270948
544718,5270948
1159180,5270948
2090422,5273720
2439994,5273720
499,5274150
300824,5274150
105,5275866
5131,5275866
25309,5275866
92,5277030
6812060,5277030
367,5287852
782561,5287852
502425,5291792
1183149,5291792
1390614,5292624
2030779,5292624
4722966,5292624
483,5293310
616,5293310
162,5294198
224,5294198
644897,5294198
666,5294518
717709,5294518
6339026,5294518
1330560,5294522
3053338,5294522
242,5294550
1626,5294550
931329,5294550
5028,5301662
1250791,5301662
1265802,5301662
1569276,5301662
227,5304664
1698,5304664
4875,5304992
5154,5304992
1412974,5304992
3614913,5304992
197647,5304996
1310016,5304996
175916,5314118
2092886,5314118
307,5314190
367,5314190
503567,5314190
1845,5314450
2128,5314450
1330560,5314450
2057859,5314450
636426,5316540
3187984,5316540
3386634,5316540
4563869,5316540
371342,5316682
641244,5316682
799,5318156
268026,5318156
556041,5318156
705118,5318156
429,5321174
685,5321174
1001,5321174
479077,5321942
643740,5321942
202,5322012
1428821,5322012
724,5322168
1453,5322168
1974,5325030
2501633,5325030
2077,5327170
245705,5327170
1427,5328006
607865,5328006
925966,5328006
662,5334704
1389,5334704
262602,5334704
454278,5334704
1117,5338770
439170,5338770
185,5338774
1449,5338774
114,5340300
1541272,5340300
4055138,5340300
942482,5342090
1782299,5342090
2655177,5342090
915208,5342950
1710309,5342950
461,5345298
687443,5345298
799,5347158
1938,5347158
206257,5347158
200057,5351458
328828,5351458
751085,5351458
182839,5351818
500976,5351818
293,5352846
5203,5352846
430,5360150
629697,5360150
1711114,5360232
2901344,5360232
408591,5360952
477127,5360952
1192254,5360952
1618,5360996
252230,5360996
1913734,5360996
667,5362940
1020089,5362940
719637,5362988
1247407,5362988
2080328,5362988
3897067,5362988
153,5390066
356017,5390066
1405398,5390066
2957696,5390066
1107001,5390504
3915784,5390504
53,5397218
1175,5397218
1229,5397218
1486,5397218
390267,5397218
647970,5397218
731772,5397218
1166,5419664
360745,5419664
597,5420886
93589,5420886
2614237,5420886
331,5424228
352778,5424228
166,5427194
458,5427194
3912822,5427194
3929195,5427194
2142,5428090
58581,5428090
339304,5428090
547,5431284
996669,5431284
1157358,5431284
5647588,5431284
449,5431600
2943385,5431600
146,5431890
328828,5431890
461136,5431890
234,5433138
545,5433138
1516,5434898
138354,5434898
306696,5434898
1119726,5436228
1567113,5436228
2106801,5436228
461136,5437928
922035,5437928
185819,5439796
1475594,5439796
3485845,5439796
103038,5441464
781913,5441464
5351,5442430
350453,5442430
160,5442456
442,5442456
2167957,5442456
629855,5447816
2425789,5447816
3402769,5447816
4943371,5447816
1744,5451640
429114,5451640
489436,5451640
510,5457078
1483369,5457078
301,5459382
1075,5459382
4051,5459382
368,5460522
829576,5460522
836343,5460522
1208167,5460522
115,5460530
679,5460530
404307,5460530
176869,5460880
748620,5460880
451600,5461944
2309517,5461944
605079,5461956
1086543,5461956
1159180,5461956
456,5462602
5380,5462602
1443740,5462602
301178,5462906
455767,5462906
982,5463162
5351,5463162
1072555,5463162
219,5470222
5568,5470222
1592,5471472
5442,5471472
543383,5471472
2090702,5471472
726223,5475468
2439994,5475468
616,5478746
1744,5478746
532,5478918
2101,5478918
582462,5481404
870535,5481404
407,5485482
114256,5485482
722647,5485482
925220,5485482
1095036,5492608
1209489,5492608
2860220,5492608
3066649,5492608
3247266,5492608
8382309,5492608
1283,5493516
4700,5493516
341737,5495040
860233,5495040
344,5497458
128657,5497458
1346230,5497458
297,5503472
448,5503472
182,5503686
5466,5503686
2090422,5503686
227,5503688
1326,5503688
305558,5504810
1465580,5504810
226,5519340
249291,5519340
636426,5519340
1183149,5519340
151,5523010
545,5523010
461136,5523010
3237775,5523010
148,5532610
402,5532610
434,5532610
104,5533370
285,5533370
2029,5533370
177896,5535276
1659547,5535276
5216,5536316
27957,5536316
922035,5536316
316079,5536610
1063517,5536610
163,5536736
1191,5536736
649,5537140
1001,5537140
1434,5537140
1445,5537140
5403,5538568
2501633,5538568
2551886,5538568
3713920,5538568
5403,5539052
85312,5539052
2809577,5539052
700856,5540194
2902567,5540194
169,5540992
437,5540992
5188,5540992
1218,5544224
724460,5544224
397,5546270
168143,5546270
741378,5546270
726223,5547910
2466842,5547910
158626,5562070
2090422,5562070
4136296,5562070
6812060,5562070
59974,5562190
152035,5562190
545,5563334
5212,5563334
708,5564336
1244,5564336
1287,5565254
1520,5565254
1107001,5565254
427,5572232
981,5572232
1732,5572232
476,5573596
925,5573596
1445,5573596
652663,5574372
748620,5574372
2177528,5574372
2868110,5574372
5569,5577494
771493,5577494
5416,5577742
822155,5577742
274,5578150
820053,5578150
608,5579982
5442,5579982
1404488,5579982
2553987,5579982
5049,5580036
629855,5580036
1659221,5580036
3053338,5580036
4741,5580252
290556,5580252
356021,5580266
395203,5580266
1107001,5580266
788335,5580390
818055,5580390
1020089,5580390
115,5580536
131,5580536
628,5580536
4978,5580536
105,5580688
112871,5580688
859921,5580688
2104193,5580688
418,5581752
1424,5581752
1671512,5581752
4763,5588850
4937,5588850
98378,5591666
4420495,5591666
173,5592248
379,5592248
268199,5592248
1102577,5592248
339460,5592796
837177,5592796
1195855,5592796
3929195,5592796
293,5595168
372176,5595168
666739,5595168
671980,5596104
2623492,5596104
4187130,5596104
8993571,5596104
504267,5598110
3114649,5598110
792,5604232
170306,5604232
1885286,5604232
1367,5604902
2130586,5604902
1738,5605076
454236,5605076
191,5606664
5016878,5606664
126284,5607096
1483369,5607096
234,5610554
515296,5610554
4496875,5610554
8313926,5610554
719678,5613402
1782299,5613402
112,5616294
378,5616294
1602,5616294
3381295,5616294
565319,5618692
717383,5618692
565250,5619332
909768,5619332
185,5622412
241,5622412
786639,5622520
2106801,5622520
87109,5630752
1034965,5630752
101799,5633450
1343331,5633450
1534700,5633450
1744,5634336
3859710,5634336
1324,5635086
428121,5635086
893,5635970
636694,5635970
532,5636312
874,5636312
173194,5636922
755308,5636922
244,5637536
610,5637536
706,5637536
2332,5637536
193295,5637536
757855,5637536
941777,5637536
1318596,5637536
93589,5639446
165101,5639446
5052065,5639446
476,5641542
1404137,5641542
1530,5647100
261724,5647100
817027,5649108
947338,5649108
353,5649144
7737419,5649144
5346,5651572
2466842,5651572
276,5651952
1136,5651952
1309,5651952
1425528,5651952
334324,5653514
528462,5653514
132257,5654710
387987,5654710
385,5655222
644406,5655222
1269983,5655222
654,5657280
293550,5657280
578123,5657280
7455038,5657280
601553,5657712
799777,5657712
1659221,5657712
2140860,5657712
154,5657846
242,5657846
1475,5657846
2071,5657846
467,5657856
681,5657856
1424,5657856
1358539,5657856
2018,5658672
780485,5658672
337,5659816
209289,5659816
469823,5659816
2240326,5659816
185,5662550
913460,5662550
1295,5664222
1292661,5664222
1085,5665256
644406,5665256
740535,5665256
771414,5665256
5049,5665452
29400,5665452
607185,5665452
2552034,5665452
1555340,5666304
2002649,5666304
2177528,5666304
2201555,5666304
50156,5667052
256121,5667052
298168,5667052
3012273,5667052
1760,5667482
911933,5667482
1209,5670152
331577,5670152
1745736,5670152
5159424,5670152
274,5670364
7237,5670364
929,5672568
981,5672568
354,5676698
1099,5676698
252230,5676698
544718,5676698
1567113,5676698
134,5677450
460,5677450
553,5677450
1653,5677450
701298,5677450
555,5679402
167649,5679402
321,5685652
837,5685652
502,5686062
1626,5686062
267812,5686062
1250,5687040
182839,5687040
1758,5687270
164929,5687270
3510471,5687270
571,5687814
115161,5687814
1143816,5687814
301,5688068
3592338,5688068
1165044,5688932
3147751,5688932
597,5689632
1378,5689632
1556,5689632
5466,5689632
654110,5690810
915208,5690810
5397459,5690810
1804,5691024
4715,5691024
5169,5691024
524839,5691024
369,5696326
5236,5696326
1132,5697572
5212,5697572
252961,5697572
2313103,5697572
1097,5698320
1648,5698320
1200692,5698320
2539953,5698320
1491,5699060
1758,5699060
1860,5699180
5442,5699180
290556,5699180
4906,5701718
1507857,5701718
152,5706370
227759,5706370
925966,5706370
254402,5706876
462712,5706876
448,5709846
302446,5709846
2312345,5710042
2624186,5710042
906,5711148
68260,5711148
186469,5711148
799,5713960
4920,5713960
1666,5714458
424216,5714458
323,5714470
1401,5714470
1408543,5714470
1813221,5714470
603,5715828
613,5715828
1667,5715828
1940449,5716464
1968873,5716464
1233,5717492
182666,5717492
662504,5717492
460,5718046
546,5718046
1599,5718046
298,5719700
702,5719700
790688,5719700
368,5719748
553,5719748
1002664,5719748
6183410,5719748
151,5721088
169,5721088
623,5721088
1592,5721088
226813,5723286
342029,5723286
924154,5723286
2965079,5723286
368,5725908
374,5725908
836121,5726616
2309517,5726616
3154303,5726616
1191,5727208
307812,5727208
5809538,5727208
9681752,5727208
1745,5727282
479471,5727282
1724,5730832
551908,5730832
726492,5730832
290556,5737536
1760272,5737536
1549503,5737582
3012273,5737582
1806,5737862
2809577,5737862
1418,5739478
5277107,5739478
462712,5740852
607185,5740852
2394794,5740852
2810287,5740852
652783,5740868
707476,5740868
756114,5740868
1117791,5740868
1618,5742374
731286,5742374
240,5748392
707,5748392
1233,5751998
26364,5751998
370035,5751998
818055,5751998
564901,5752606
2534167,5752606
792,5757874
1738,5757874
670,5758802
519043,5758802
1102891,5758802
1130627,5758802
241,5767628
744,5767628
1780,5767628
194572,5768026
527002,5768026
700,5770620
1828,5770620
318821,5770620
504832,5770620
1411,5770864
1589004,5770864
1618,5773402
1913734,5773402
829576,5774060
3725055,5774060
358,5776858
544334,5776858
608,5777708
616,5777708
489436,5777708
657,5779372
4991,5779372
4154798,5779372
323,5779540
1293,5779540
5017,5779540
3843467,5779540
1705,5779650
444786,5779650
267511,5789944
1057932,5789944
323,5789976
980,5789976
1851,5792124
546765,5792124
115,5792656
4753,5792656
369513,5792656
721376,5792656
158626,5795086
2368789,5795086
204,5795282
312,5795282
1567113,5795282
1631269,5795282
505,5796838
991810,5796838
44535,5799362
488477,5799362
799,5801302
1480744,5801302
1690674,5801302
2728720,5801302
1757,5804314
736263,5804314
2010,5804948
959113,5804948
434,5805752
909768,5805752
424216,5806204
431918,5806204
565,5806558
1136,5806558
2240326,5806558
933988,5812150
8352195,5812150
8352196,5812150
8352197,5812150
8352198,5812150
526,5813010
1018,5813010
202966,5813010
516800,5813010
226,5814534
578853,5814534
2394794,5814534
4043618,5814534
218,5814592
1758,5814592
4486,5814592
165101,5814592
35488,5816374
261435,5816374
1543,5816566
625789,5816566
5273,5817022
1017334,5817022
5253,5822564
565250,5822564
1727304,5822564
1840504,5822564
366,5825052
1208167,5825052
701,5825380
5493,5825380
1017334,5825380
1478447,5825380
638824,5827916
774386,5827916
301381,5829032
364583,5829032
1057,5829040
788340,5829040
1051221,5829040
1117,5833186
1287,5833186
1598,5833186
149,5834262
1176985,5834262
1250791,5834262
198,5834854
607865,5834854
331,5836316
608,5836316
241173,5836316
1736769,5836316
369,5836706
560,5836706
607865,5836706
301,5841344
5098,5841344
131,5843780
4875,5843780
520064,5843780
1292661,5843780
932,5843850
185819,5843850
4045841,5843850
604,5848272
378245,5848272
798971,5848272
2933757,5848272
3082,5848416
701512,5848416
612,5848714
1136,5848714
1228,5848986
512934,5848986
603413,5848986
794687,5848986
1457,5849266
362955,5849266
12078,5851014
1047252,5851014
1087183,5851014
3634777,5851014
463649,5851692
632473,5851692
151,5852632
344894,5852632
933727,5852632
893,5859238
1765,5859238
515296,5859238
618,5859882
2605345,5859882
4456120,5859882
151,5862166
237,5862166
409,5862166
463,5862166
104,5865326
198,5865326
290556,5866708
1015262,5866708
197647,5867314
740535,5867314
424216,5867600
940173,5867600
708,5869188
1136,5869188
202966,5869188
933310,5869188
2062,5874752
2122,5874752
5788466,5874752
5992558,5874752
75650,5876352
856500,5876352
233,5878346
237,5878346
515,5878346
1233,5878346
1500155,5881528
1985859,5881528
599,5881892
15382,5881892
5351,5884052
631490,5884052
1774,5884230
278979,5884230
790688,5884230
246,5884234
159789,5884234
174,5884784
1005514,5884784
2106801,5884784
144,5890998
891786,5890998
1641,5893264
782561,5893264
1200692,5893264
1191,5893332
416673,5893332
874,5898630
1617,5898630
665,5903088
969,5903088
2174090,5903088
4979,5903926
5501,5903926
3118048,5903926
7005977,5903926
449,5910170
603413,5910170
1767820,5910170
2394103,5910170
995,5910344
644406,5910344
243233,5912454
347656,5912454
502813,5917958
600169,5917958
1494072,5917958
5077317,5917958
155,5918104
1283,5918104
134244,5918104
1166,5918136
1698,5918136
438,5922124
4286,5922124
1468739,5922124
358922,5923662
2957696,5923662
744107,5923806
872910,5923806
1987,5926778
1247407,5926778
370035,5926990
502425,5926990
161,5929750
1475,5929750
350453,5929754
1659547,5929754
4590837,5929754
138,5929776
327944,5929776
2559634,5929776
3993798,5929776
154,5932728
576,5932728
366389,5934714
605079,5934714
179224,5943466
435218,5943466
417,5952138
1275259,5952138
1659221,5952138
1136,5952594
774386,5952594
322513,5954556
372176,5954556
498,5960020
335275,5960020
864997,5960020
179,5960374
204,5960374
647634,5962210
2201555,5962210
1305,5963314
1765,5963314
1727943,5963314
4549987,5963314
422,5968394
267812,5968394
779866,5969180
1036340,5969180
500976,5969846
2176554,5969846
2864046,5969846
618291,5970928
900915,5970928
366,5972780
367,5972780
148418,5973364
339460,5973364
1443368,5973364
1843026,5973364
1562,5974050
2062,5974050
1746665,5974050
5737977,5974050
164809,5977276
461136,5977276
544718,5978724
680983,5978724
1541272,5978724
6339026,5978724
722,5982192
2103,5982192
234541,5982192
428086,5982192
40015,5985672
75359,5985672
3511937,5988966
3911517,5988966
5016835,5988966
6906829,5988966
906,5989218
1597,5989218
1209966,5989218
1312575,5989218
1483369,5990342
1790970,5990342
3147751,5990342
1451,5990444
222643,5990444
258402,5990444
1939267,5990444
205,5990474
405,5990474
158626,5990474
4726634,5990474
1156,5990772
1714,5990772
271165,5990772
243,6000478
268199,6000478
32304,6001478
7575773,6001478
8389415,6001478
8389423,6001478
224,6003368
779866,6003368
191,6010628
429069,6010628
2244205,6010628
3772243,6010628
1209,6012244
5490799,6012244
553,6012380
544334,6012380
264579,6012446
1225406,6012446
1383,6015388
1926,6015388
683253,6017756
2902567,6017756
598,6017942
2368789,6017942
401,6018306
136797,6018306
186505,6018306
235,6019206
407,6019206
514,6019206
1016,6019206
100889,6019206
237838,6019206
1424,6021482
176981,6021482
168,6021960
275,6021960
427,6021960
1233,6021960
374,6023242
1616,6023242
1209,6032328
1143816,6032328
668,6040662
1804,6040662
7887725,6040662
578853,6043072
1946193,6043072
68260,6043142
4359664,6043142
172,6045466
1057,6045466
194,6046314
462407,6046314
913822,6046314
287,6047374
514,6047374
158,6048922
223,6048922
828980,6051312
835916,6051312
105,6051424
77720,6051424
291463,6051424
1389064,6051424
2233462,6051424
2480063,6051424
2943385,6051424
1744,6052748
385320,6052748
160,6053438
147825,6053438
1086543,6053438
612,6053472
59215,6053472
1367,6054650
429114,6054650
525702,6054846
2239702,6054846
79651,6059142
281424,6059142
629855,6062774
2030779,6062774
729,6063090
5253,6063090
101005,6063090
1367,6064520
5006,6064520
53384,6069126
1002641,6069126
2605345,6069126
250,6069162
302,6069162
572,6069162
48932,6069162
657734,6069264
728762,6069264
401,6071092
5246,6071092
489,6071970
641509,6071970
3244,6074358
529813,6074358
1166528,6074358
1465580,6074358
166,6079516
855103,6079516
1166741,6079652
2063560,6079652
2161732,6079652
3069997,6079652
3316992,6079652
3748536,6079652
3859710,6079652
4535518,6079652
115,6083648
677,6083648
89456,6083648
608,6086094
33586,6086094
7309678,6086094
8459268,6086094
830556,6086614
842770,6086614
195,6087434
1712454,6087434
1721172,6087434
3626896,6087434
982,6093580
2295052,6093580
8506763,6093580
8584164,6093580
5460,6093618
1143861,6093618
2230865,6093618
2366201,6093618
352778,6095472
428656,6095472
837177,6095472
1265802,6095472
1480,6096194
68187,6096194
2241512,6096194
5422737,6096194
111013,6098380
565319,6098380
1468739,6098380
252230,6105098
461498,6105098
736622,6105098
616,6105774
1757,6105774
98372,6105774
668,6107548
1475,6107548
199215,6107548
1838,6108178
5273,6108178
1046097,6108178
1285,6109168
256890,6109168
161,6110226
439,6110226
299028,6110226
1231899,6110226
1314546,6110226
194,6111574
198,6111574
10736,6111574
136,6111980
297,6111980
353,6111980
202966,6111980
1159,6113488
1233,6113488
159776,6113488
59215,6118340
1896336,6118340
2006006,6118340
3173395,6118340
176869,6119856
401264,6119856
1813221,6119856
3985937,6119856
2073,6120354
5346,6120354
731075,6127004
2555462,6127004
4359664,6127004
5377144,6127004
5212,6127326
53384,6127326
302,6131450
463,6131450
579,6131450
356017,6133130
1812656,6133130
164929,6138628
2394794,6138628
226,6139732
3092471,6139732
4305463,6139732
4565815,6139732
363699,6141886
1767820,6141886
2002649,6142496
3434305,6142496
115,6143568
511264,6143568
707,6143798
1028,6143798
429207,6143798
131,6143850
207,6143850
281956,6143850
788370,6143850
206,6146586
401,6146586
932,6146586
616,6148152
429114,6148152
489436,6148152
136,6149154
1500155,6149154
960,6149768
147312,6149768
1441,6150942
2546,6150942
283945,6150942
27402,6150962
82450,6150962
241173,6150962
509425,6150962
447,6162716
929,6162716
1117,6162892
207218,6162892
498,6163142
4883,6163142
1556320,6163142
83795,6164762
614165,6164762
778831,6164762
131647,6167132
582390,6167132
745294,6167132
990442,6167132
1620433,6167132
4683577,6167132
8163155,6167132
8524528,6167132
8524529,6167132
232,6169622
321,6169622
1250,6169694
227759,6169694
316079,6169694
1102577,6169694
705356,6170506
1032567,6170506
3501146,6170506
1780,6170804
154226,6170804
859450,6170804
5350,6172666
5442,6172666
345,6173484
2355635,6173484
3501146,6173484
476,6174226
184392,6174226
228678,6175486
344196,6175486
158,6182460
200,6182460
1608,6182460
428065,6182460
996669,6182908
1475594,6182908
5443,6185692
2187603,6185692
3887625,6185692
257,6186232
5055,6186232
117,6186940
176869,6186940
509937,6186940
59215,6187620
956526,6187620
124930,6189022
396812,6189022
99,6192982
178229,6192982
206257,6192982
7265330,6192982
7728708,6192982
8540288,6192982
8540289,6192982
134244,6193470
3929195,6193470
171499,6194540
954704,6194540
402,6195756
1357683,6195756
4836100,6195756
8609647,6195756
353,6195904
44430,6195904
12948,6196406
381329,6196406
1661894,6196406
1994167,6196406
2907,6196936
1822659,6196936
1744,6197400
5068,6197400
5148,6197494
1577637,6197494
579,6198246
708,6198246
555,6201302
1194,6201302
104,6204340
518,6204340
4778,6204340
191412,6204340
164929,6210996
717709,6210996
1812656,6210996
3128129,6210996
510,6212136
512934,6212136
2016723,6212136
2240326,6212136
701715,6213294
891895,6213294
2253,6213952
5491,6213952
93589,6213952
5048,6214928
662504,6214928
747114,6215208
939697,6215208
3071592,6215208
3817466,6215208
182839,6217926
374865,6217926
3485845,6217926
329,6218010
2076,6218010
1195855,6219314
2394794,6219314
4805,6220290
12948,6220290
3355329,6220290
8562922,6220290
546816,6225520
1405398,6225520
649,6236198
59215,6236198
583951,6236198
3611879,6236198
663,6236780
1530,6236780
1601,6237612
12078,6237612
2230865,6237612
329,6238896
602,6238896
799777,6241390
1428821,6241390
198,6242230
235,6242230
396643,6243370
741378,6243370
546,6246534
1853,6246534
333318,6246534
692013,6246534
925,6246928
1132,6246928
1394,6246928
1157048,6251024
3994408,6251024
4154798,6251024
2105,6251390
909768,6251390
1143861,6251390
1169428,6251390
285,6256978
1038,6256978
935921,6256978
1072555,6256978
125013,6257174
791723,6257174
1631269,6257174
719,6259198
4724,6259198
216,6263642
7455038,6263642
301381,6264182
865302,6264182
1458,6264260
5176,6264260
429250,6264260
5351,6264654
1475594,6264654
323,6264954
493341,6264954
729,6265828
1913734,6265828
288,6266538
5377,6266538
10736,6266538
136797,6266538
2279940,6268882
3109964,6268882
526,6269368
1518,6269368
2295293,6269368
4055138,6269368
707,6273924
2365811,6273924
461,6284256
1182008,6284256
21835,6285672
5490799,6285672
168,6285944
505,6285944
396558,6285944
1107001,6285944
1618,6288124
85312,6288124
1706767,6288124
1913734,6288124
104,6288694
881631,6288694
891895,6288694
1772,6290122
546816,6290122
35514,6290584
117709,6290584
1151,6290736
1434,6290736
96,6290798
3480246,6290798
1429,6293042
632664,6293042
158,6294822
658,6294822
644022,6294822
2023,6294892
4753,6294892
132757,6294892
922342,6294892
940362,6306064
3510471,6306064
50250,6313010
196654,6313010
80049,6314468
972784,6314468
2973271,6314468
3180877,6314468
1745,6315872
803889,6315872
2539953,6315872
786806,6317180
1428821,6317180
168,6320628
673,6320628
350453,6320628
4043618,6320628
145,6328734
936403,6328734
155588,6329716
2303111,6329716
1600,6330132
794687,6330132
252961,6334354
3053338,6334354
1136,6334884
1434,6334884
1292661,6334884
437,6338476
5562,6338476
705356,6338476
803397,6341086
3231562,6341086
1194,6341108
4555381,6341108
45209,6342110
493279,6342110
711805,6342110
916406,6342110
579,6345894
1235,6345894
95478,6345894
685856,6345894
5451410,6348410
6543093,6348410
297,6349302
708,6349302
524197,6353036
784884,6353036
1561982,6353036
5109,6359956
68338,6359956
1063517,6359956
115,6372694
1782299,6372694
1718,6378710
803889,6378710
2140860,6378710
275,6383494
1001,6383494
1667,6383494
390903,6383494
690,6385768
1133,6385768
799777,6385768
407,6387150
489436,6387150
2466842,6387150
215,6388074
93589,6388074
606690,6388074
173,6394270
234,6394270
607185,6394270
3053338,6394270
1749,6398184
328828,6398184
1890784,6398184
1507,6399296
6610,6399296
8465226,6399296
9090080,6399296
1528,6400316
2245,6400316
155607,6400316
644897,6400316
396558,6408226
396812,6408226
515,6411590
4821,6411590
1512166,6411590
2073,6411748
404307,6411748
317,6412452
625789,6412452
1180243,6412452
1389064,6413038
2233462,6413038
657,6418778
5501,6418778
1813221,6418778
6637938,6418778
197647,6418918
456186,6418918
4141252,6418918
378245,6421110
568180,6421110
1130627,6421118
3038143,6421118
1592,6423886
2355635,6423886
4950,6428676
860380,6428676
625,6432868
640,6432868
539651,6432868
330687,6436726
2521682,6436726
3492494,6436726
6974700,6436726
579,6438840
1062,6438840
491402,6439020
842770,6439020
924210,6439020
357979,6443294
790057,6443294
799,6446550
343472,6446550
406975,6446550
290556,6449258
1483369,6449258
1409,6449336
627245,6449336
157,6450804
216,6450804
411,6450804
4496875,6450804
89485,6455992
1416900,6455992
523,6459302
1282,6459302
541576,6459302
809,6462462
451875,6462462
3874127,6462462
6875292,6462462
204797,6463956
482851,6463956
270445,6466332
322977,6466332
190,6467266
702,6467266
424060,6467266
285,6469960
1301,6469960
131974,6469960
1092227,6469960
227,6470522
1457,6470522
2030779,6472976
4726634,6472976
2073,6473542
329511,6473542
160,6474040
382216,6474040
636426,6474040
835016,6474040
3244,6474920
502813,6474920
170,6475714
579,6475714
328709,6475714
1546300,6475714
178,6476140
190,6476140
4266,6476140
164809,6476140
76082,6487690
870794,6487690
438,6490532
1496,6490532
154,6491178
681,6491178
457796,6491178
925220,6491178
1938,6495526
66877,6495526
77720,6496598
387987,6496598
608405,6496598
1334869,6499752
1980534,6499752
2114889,6499752
2177933,6499752
641354,6504538
779866,6504538
114,6509058
491,6509058
235652,6509058
2057859,6509058
3244,6511676
253216,6511676
190,6511932
279545,6511932
2901344,6511932
681,6513120
372176,6513120
6073955,6513120
230,6513656
582462,6513656
1176985,6513656
44535,6515342
1082477,6515342
631490,6515910
1443740,6515910
2057859,6515910
2655177,6515910
1985859,6516314
3571592,6516314
460,6517392
701298,6517392
386472,6518270
1318596,6518270
1546196,6518270
2201555,6518270
281956,6521776
318498,6521776
855045,6521776
7149890,6521776
255,6521876
1165110,6521876
2552034,6521876
1136,6523526
5315,6523526
543383,6523526
2090702,6523526
1725,6529942
51509,6529942
1426,6533240
1804,6533240
147147,6533240
1275259,6533240
640,6533972
889846,6533972
1346230,6533972
1151,6539992
265668,6539992
714147,6539992
5795728,6539992
526,6547044
348152,6547044
246,6547170
628,6547170
342029,6547170
6669,6550978
48273,6550978
4722966,6556576
5307635,6556576
452,6557704
645785,6557704
491,6560128
56770,6560128
579489,6560128
4456790,6560128
396558,6565702
564215,6565702
1055413,6565702
2225369,6565702
440229,6566830
3417385,6566830
5569,6567234
80049,6567234
1833,6572702
296545,6572702
663,6580394
1600,6580394
5377,6587640
447695,6587640
1946193,6587640
3417385,6587640
421,6598238
505,6598238
1535523,6598238
1744,6603700
639200,6603700
346,6612946
1293,6612946
3417385,6612946
404307,6613952
1292661,6613952
4999,6613958
574535,6613958
202966,6615224
662519,6615224
925220,6615224
799,6621440
1181407,6621440
313,6628394
358316,6628394
424848,6628394
679,6641582
1698,6641582
1759,6641582
1024677,6644200
1289434,6644200
7415871,6644200
444,6644632
893,6644632
5417,6647564
39162,6647564
170550,6647564
242,6654210
252230,6654210
751,6659482
1125,6659482
1100,6662736
1233,6662736
5476,6662736
788335,6662736
375,6673612
790688,6673612
2976580,6673612
4043618,6673612
434,6675400
800,6675400
1735,6675400
29400,6676028
731075,6676028
226820,6679794
1517976,6679794
670,6680312
629855,6680312
704270,6680312
246,6684714
39162,6684714
369513,6684714
1525948,6684714
566,6684884
3886028,6684884
153,6688022
673,6688022
2140860,6688022
644022,6688216
909768,6688216
233,6695662
237,6695662
5316,6705860
551908,6705860
3821405,6705860
496,6706616
565569,6706616
555,6716912
680,6716912
1732403,6716912
6,6720536
880521,6720536
598,6722030
328709,6722030
1013003,6722030
1500155,6723592
4456120,6723592
175814,6739796
827663,6739796
6670,6740544
1894655,6740544
809,6741368
1461,6741368
951520,6741368
9521992,6741368
670408,6744360
1017334,6744360
1275259,6744360
338886,6745550
2943385,6745550
785842,6748466
1249052,6748466
237,6749318
922995,6749318
935395,6749318
991,6752398
163748,6752398
732,6755892
800,6755892
4851,6760876
305558,6760876
1183149,6760876
115,6763730
149,6763730
1159,6763730
1711114,6769280
3849842,6769280
230,6772804
1176985,6772804
1265067,6772804
266723,6776300
3159825,6776300
146,6777306
668,6777306
366389,6781982
539082,6781982
1443527,6781982
1840504,6781982
560,6782276
619,6782276
350079,6782276
931329,6791096
1589279,6791096
177896,6791350
1176985,6791350
2394794,6791350
4456120,6791350
424216,6794450
1706767,6794450
469,6802400
552,6802400
648,6802400
25309,6802400
799,6803170
486728,6803170
547,6803212
654648,6803212
932112,6803212
3109964,6803212
5458,6806448
252961,6806448
227,6807324
4700,6807324
7145,6808310
791231,6808310
216,6812404
230,6812404
708,6812404
1520,6812404
114,6821012
1191,6821012
1674,6821012
237222,6821012
1648,6823148
933727,6823148
168,6823368
246,6823368
564215,6823368
960,6827388
1021,6827388
765597,6828390
3584268,6828390
666739,6829180
1249052,6829180
1589279,6829180
76082,6833964
1370408,6833964
960,6843446
925220,6843446
65966,6846238
1239499,6846238
36553,6846664
1940449,6846664
1940449,6847810
4574630,6847810
4875,6848602
948272,6848602
1212071,6848602
2679753,6848602
4950,6850820
651159,6850820
1303,6852872
1354,6852872
328828,6856242
2605345,6856242
298,6857166
404,6857166
473,6857166
5460,6857166
218,6858020
933727,6858020
616,6858948
358922,6858948
356021,6859352
4726634,6859352
499,6864090
1744,6864090
136,6865690
396812,6865690
1679669,6865690
161,6866224
2907,6866224
251986,6866224
784884,6873546
2059001,6873546
1001,6874254
165101,6874254
429363,6874254
329,6879446
1078479,6879446
1561982,6879446
132,6884200
818055,6884200
1231899,6884200
15196,6886080
355024,6886080
924154,6886080
1882929,6886080
344,6895284
1117,6895284
362,6899026
206359,6899026
568390,6899026
647698,6899026
1097351,6899026
407,6899068
5346,6899068
158626,6900448
196654,6900448
293342,6900448
356017,6900448
194,6902696
1806,6902696
148418,6902696
328709,6905402
1165044,6905402
670408,6905696
790688,6905696
3053338,6905696
92961,6910006
370035,6910006
503567,6910006
619,6910282
1985859,6910282
333,6911608
658,6911608
1086543,6911608
4141252,6911608
350079,6913168
1082477,6913168
438,6914122
251986,6914122
993242,6914122
1183149,6914122
391,6916348
1394,6916348
562003,6916348
581953,6923858
809793,6923858
437,6924650
933940,6924650
1812656,6924650
4534098,6924650
781899,6927880
926086,6927880
219292,6933454
451234,6933454
531808,6933454
353,6938828
586568,6938828
1209966,6938828
1670029,6938828
537648,6943854
546816,6943854
746896,6943854
562003,6945932
1875238,6945932
1285,6950112
1699,6950112
2242,6950112
344,6952166
205657,6952166
305558,6952960
350454,6952960
732,6957966
159789,6957966
551908,6957966
731075,6957966
790057,6958014
926165,6958014
2186865,6958014
366,6961808
557859,6961808
1696,6962204
2076,6962204
4825,6964844
100068,6964844
870794,6964844
1557,6966692
4802,6966692
991810,6966692
1724319,6966692
1520,6975598
5278,6975598
1051221,6975598
616,6977726
184392,6977726
144812,6980960
343082,6980960
415066,6980962
534132,6980962
3846494,6980962
950867,6981634
1693588,6981634
1527,6983418
297578,6983418
206,6987770
213,6987770
1209,6992230
167649,6992230
674782,6992230
115,6998518
2057859,6998518
128,7008872
173,7008872
249291,7008872
1698,7014430
936198,7014430
41281,7017502
4554428,7017502
286,7030194
261724,7030194
131974,7038516
420747,7038516
447695,7040874
515116,7040874
1015262,7042838
1822659,7042838
2541974,7042838
385,7042862
515296,7042862
2624186,7042862
623,7043012
350453,7043012
130,7049542
1754366,7049542
306,7052244
1496173,7052244
3964231,7052244
7455038,7052244
636426,7058080
1812656,7058080
5361962,7058080
7567974,7058080
1794,7066546
1852,7066546
1367,7068878
1617,7068878
31077,7068942
331577,7068942
1519543,7068942
10467134,7068942
267812,7069210
933940,7069210
1024390,7073518
4456120,7073518
267812,7074886
413168,7074886
799777,7074886
447695,7078658
730428,7078658
7708062,7078658
8463983,7078658
1772,7080422
383603,7080422
428065,7080422
5405,7089628
1211485,7089628
2057036,7089628
105,7094374
936403,7094374
956526,7094374
606,7095476
1244,7095476
1378,7095476
437,7097896
362766,7097896
365140,7097896
931329,7097896
155,7104950
638,7104950
1774,7104950
1183205,7104950
378161,7112784
940173,7112784
1059821,7112784
3255459,7112784
420,7120532
316271,7120532
5093,7125860
4150847,7125860
705,7126948
1567,7126948
1517976,7126948
2933757,7126948
124481,7128822
564901,7128822
93,7131622
138,7131622
386472,7131622
3053338,7131622
671567,7133686
837177,7133686
1024677,7133686
179,7134096
515116,7134096
1250791,7134096
173,7137380
1137209,7137380
1659221,7137380
5517,7137846
121605,7137846
179,7139936
1102577,7139936
1411125,7139936
3154303,7139936
12948,7141148
1163641,7141148
2130586,7141148
2744192,7141148
2792064,7141890
3634777,7141890
4524991,7141890
5429730,7141890
220976,7146578
933727,7146578
695435,7146812
818055,7146812
4043618,7146812
241870,7149916
460694,7149916
174,7153134
297,7153134
612,7153134
115671,7155576
1577637,7155576
1057,7158430
1100,7158430
644406,7158430
363699,7165212
898597,7165212
339304,7167630
1358539,7167630
5278,7167686
5381,7167686
264579,7167686
933988,7167686
5443,7178640
134072,7178640
565250,7178640
519043,7187768
771493,7187768
1542,7188014
726223,7188014
4999,7191910
175814,7191910
92998,7212992
577329,7212992
771414,7212992
2832695,7212992
120,7214762
362,7214762
172,7216068
2553987,7216068
420,7216918
527852,7216918
612,7218564
5129,7218564
1828,7233106
218810,7233106
574,7241654
267511,7241654
797464,7241654
5490799,7241654
1593,7241926
101710,7241926
417,7248248
2400045,7248248
3478396,7248248
5294,7251692
1080974,7251692
728,7259638
1970,7259638
117673,7259638
2399345,7259638
4908,7260048
2355635,7260048
3239803,7260048
1721,7262384
1806,7262384
2016723,7262384
5897057,7262384
706,7262882
1176985,7262882
4816,7263040
635330,7263040
126284,7264080
127373,7264080
206359,7264080
1631269,7264080
208426,7265272
756203,7265272
465,7269184
616,7269184
1629,7281538
2810287,7281538
469823,7282278
3313554,7282278
767242,7284204
1179677,7284204
1428821,7284204
5451410,7284204
134,7286456
1618,7286456
175814,7286456
616,7287680
4535518,7287680
435,7294696
1557,7294696
4839,7296564
24188,7296564
297,7302054
977,7302054
59946,7302054
6596279,7302054
1035,7303530
1953,7303530
7887725,7303530
491,7310916
1952,7310916
1469236,7313348
3239803,7313348
1584,7315484
1804,7315484
2215143,7315484
376716,7317324
2319871,7317324
468772,7326320
741378,7326320
161946,7331976
473162,7331976
529432,7331976
663,7332120
741378,7332120
5273,7339248
251986,7339248
1782299,7339248
224,7347846
35514,7347846
5897057,7347846
1326,7349896
1760272,7349896
352778,7349950
564215,7349950
1567113,7349950
608,7356476
87109,7356476
347149,7356476
677139,7356476
1132,7363336
1749,7363336
40586,7363336
687506,7363336
205,7364522
421822,7364522
865626,7364522
1182008,7364522
519456,7365604
1227814,7365604
2400045,7365604
369,7374926
1200692,7374926
5346,7375304
59215,7375304
775455,7375304
908914,7375304
579,7375578
771414,7375578
321,7381444
292182,7381444
1110629,7382726
2691468,7382726
222922,7382828
320762,7382828
342029,7390646
365140,7390646
1169428,7390646
115,7394816
463,7394816
243806,7394816
803889,7395114
1500155,7395114
4043618,7395114
2376,7396534
422234,7396534
712562,7396534
242,7401588
126284,7401588
4851894,7401588
5097044,7401588
1710309,7420342
2955013,7420342
331,7427356
377,7427356
510,7427356
2177528,7427356
154226,7428820
3006818,7428820
924154,7434324
2614237,7434324
5277107,7434324
5897057,7434324
1598,7439064
281107,7439064
12078,7448180
474520,7448180
865302,7448180
545,7456310
614165,7456310
1812656,7456310
7712734,7456310
255,7456312
353,7456312
4266,7456312
429363,7456312
720277,7459182
893941,7459182
4887,7461200
254760,7461200
1840504,7461200
105,7466496
397555,7466496
941708,7466496
2608066,7466496
799,7467926
400194,7467926
566478,7467926
894690,7467926
148,7504726
925966,7504726
1405398,7504726
2394794,7504726
155211,7505148
155607,7505148
1172,7510224
193657,7510224
2259542,7510346
4496875,7510346
6016511,7510346
7737419,7510346
265457,7511368
1258970,7511368
447695,7519410
1065229,7519410
2953537,7519410
639200,7520980
865302,7520980
118289,7526508
467478,7526508
470292,7526508
472654,7526508
529432,7526508
804650,7526508
862683,7526508
954162,7526508
10787555,7526508
969,7527912
5576,7527912
296545,7531096
631490,7531096
1812656,7531096
2605345,7531096
5177,7540966
6756559,7540966
1185,7541720
5028,7541720
1502434,7541720
4675650,7541720
1542,7542576
627893,7542576
935541,7542576
5820134,7542576
1965,7543930
500976,7543930
1022,7544820
136797,7544820
170306,7544820
161,7545266
126284,7545266
1840504,7545266
519456,7547410
671567,7547410
5097044,7547410
1172285,7549776
1410318,7549776
250,7549996
1722,7549996
2976580,7549996
23133,7558302
577329,7558302
1589279,7558302
3772243,7558302
4883,7579446
1256602,7579446
1235,7584702
1667,7584702
948272,7584702
2106801,7587282
7887725,7587282
514,7587874
612,7587874
906,7587876
631490,7587876
603,7590074
1758,7590074
454236,7596220
646351,7596220
2400045,7596680
4565815,7596680
309,7598892
619185,7598892
757098,7598892
227,7599146
298281,7599146
554,7600382
1954240,7600382
98,7601518
148,7601518
799,7601518
1320626,7601518
3904475,7601518
136,7604980
1081,7604980
1099,7604980
973425,7604980
2076,7606636
53384,7606636
510,7608534
3821405,7608534
189144,7612378
290990,7612378
733427,7612378
1101712,7612378
119,7615722
434,7615722
1853,7615722
619,7616148
818055,7616148
915208,7616148
171,7616798
3381295,7616798
603413,7620746
2213431,7620746
3063849,7620746
7314181,7620746
299,7632274
1408453,7632274
378245,7634968
1553725,7634968
154,7638348
706,7638348
915208,7638348
862916,7640222
1221299,7640222
3037366,7640222
3671709,7640222
3765590,7640222
4508291,7640222
6099545,7640222
5048074,7641174
7824975,7641174
9425201,7641174
9425205,7641174
607865,7647840
609114,7647840
1822659,7647840
448,7650198
1757,7650198
908914,7650198
368,7653254
424060,7653254
3485845,7653254
1571,7654476
1693,7654476
849,7654710
6702,7654710
367,7654872
809,7654872
281107,7656570
780678,7656570
5417,7657364
608405,7657364
110,7657566
2309517,7657566
2933757,7657566
367,7664096
2010,7664096
5226,7668870
158626,7668870
4334711,7668870
8045046,7668870
242177,7671064
1113773,7671064
3255459,7671064
465,7677184
442207,7677184
1985,7681970
1279296,7681970
2063560,7681970
2108904,7681970
11758,7686448
2060375,7686448
3039930,7686448
3732209,7686448
404,7689958
602,7689958
732309,7698468
1065664,7698468
313,7704060
893,7704060
191,7713068
810619,7713068
935541,7713068
3053338,7713068
296545,7715070
1064292,7715070
4454223,7715070
1530,7716880
1744,7716880
2055,7716880
70115,7716880
2181,7724494
315767,7724494
574,7730102
1617,7730102
1924767,7730102
2324912,7730102
227,7734218
1176985,7734218
72768,7735502
1249052,7735502
289,7737640
496,7737640
5049,7737640
5109,7737640
1295,7740510
5392,7740510
148,7742108
285,7742108
313,7742108
404,7742108
602,7742108
658,7742108
134072,7743120
342029,7743120
915208,7743120
1892960,7748426
2278522,7748426
131647,7751038
990442,7751038
1726854,7751038
6969,7752126
219292,7752126
502,7763324
662,7763324
1036,7764804
1424,7764804
420,7765120
1424,7765120
954704,7766886
1326732,7766886
4886,7770184
611707,7770184
599,7776050
1732403,7776050
232,7781354
242,7781354
667,7783322
546816,7783322
321,7784604
1057,7784604
543547,7791188
891895,7791188
603,7795396
784884,7795396
1089,7798634
111013,7798634
1812267,7798644
1985859,7798644
675521,7801894
954704,7801894
253216,7818580
273464,7818580
35731,7820280
131647,7820280
5196976,7820280
9524516,7820280
1744,7831374
267511,7831374
1003,7839524
922210,7839524
929,7841262
5301,7841262
1062,7841536
204797,7841536
296,7842682
302,7842682
307,7846844
147147,7846844
3510471,7846844
5078,7854302
293550,7854302
1419440,7857374
2167957,7857374
380,7861644
948267,7861644
276,7868082
1288,7868082
301381,7868082
502,7888964
1567,7888964
261413,7888964
644022,7888964
377,7890550
272173,7890550
701,7890826
124930,7890826
680983,7890826
1083271,7890826
1376,7893416
693799,7893416
640,7894510
5286,7894510
98378,7894510
1032567,7894510
5416,7895904
1225406,7895904
1209,7897102
942482,7897102
2933542,7897102
546,7915464
1072959,7915464
3112508,7915464
4120909,7915464
137849,7916276
3911517,7916276
7578928,7916276
8415865,7916276
448,7923920
1089427,7923920
1021,7935392
700856,7935392
2174090,7935392
667,7939766
1057,7939766
2976580,7939766
899,7942736
1426,7942736
5253,7942742
1405398,7942742
31679,7945440
765597,7945440
1428821,7945440
156,7950334
2193120,7950334
496,7958736
818055,7958736
102751,7959520
643740,7959520
222593,7962932
3678876,7962932
106,7970348
852466,7970348
1652433,7970348
2608689,7970348
35488,7974564
41744,7974564
3039930,7974564
9611813,7974564
85312,7975244
2394794,7975244
701,7983894
428121,7983894
1519680,7983894
4574630,7983894
353,7984734
1500155,7984734
249291,7984766
578853,7984766
1500155,7984766
3154303,7984766
194,7985692
1082,7985692
931329,7985692
5351,7991608
2933757,7991608
31679,8000718
293509,8000718
1208167,8000718
4440460,8000718
973177,8009906
4554428,8009906
155588,8031554
1413739,8031554
242,8036174
26364,8036174
1630931,8036174
7844852,8036174
368,8041270
554,8041270
397171,8041270
695435,8041270
5380,8041276
243233,8041276
2546,8046498
933988,8046498
6244013,8046498
7887725,8046498
1376,8054066
75650,8054066
690,8055896
179224,8055896
267511,8055896
424216,8058874
1275259,8058874
4487976,8058874
5277107,8058874
134244,8068678
1630931,8068678
811242,8075260
1752221,8075260
3147751,8075260
77720,8075402
387987,8075402
553,8079920
1519680,8079920
849,8096876
54214,8096876
1165044,8097306
1754366,8097306
1840504,8097306
5351,8106534
491259,8106534
5273,8110232
267812,8110232
1256532,8110232
355910,8110640
940158,8110640
2933542,8110640
647638,8110988
1954240,8110988
5046725,8118726
5471940,8118726
20354,8123658
452288,8123658
1249052,8134358
1443368,8134358
179782,8137788
687443,8137788
700,8143990
420955,8143990
939697,8143990
1752221,8143990
479471,8151874
7415871,8151874
237222,8169446
688132,8169446
748973,8169446
187719,8170298
524839,8170298
1194,8179740
865302,8179740
1136,8191620
519486,8191620
1181086,8191620
2235173,8191620
476,8195518
661293,8195518
155,8200998
474,8200998
1475,8200998
182839,8201404
500976,8201404
5049,8206668
413168,8206668
1104789,8209898
1443527,8209898
1652212,8209898
1676624,8209898
3712483,8209898
4541270,8209898
5183900,8209898
776,8218940
1074,8218940
386472,8226892
889846,8226892
2057036,8226892
4477836,8226892
906,8236336
358316,8236336
3485845,8236336
969,8241876
5346,8241876
421822,8242084
1102891,8242084
1176985,8242084
1227,8262686
339304,8262686
1285,8269140
1884,8269140
314358,8271188
1249052,8271188
439170,8296164
614916,8296164
820053,8299768
2998321,8299768
1891,8308934
308161,8308934
929,8310924
724245,8310924
160,8323120
366,8323120
4729,8323778
5556,8323778
347149,8325880
1126657,8325880
4261807,8325880
4454223,8325880
145,8332454
1550,8332454
1598,8332666
1468739,8332666
614165,8332922
1289434,8332922
7415871,8332922
785842,8335880
1249052,8335880
1103,8337158
4715,8337158
187719,8337158
577329,8337158
2355635,8337158
5555161,8337158
6543093,8337158
856500,8338930
1166528,8338930
661,8342680
4456120,8342680
267812,8350360
933940,8350360
5085683,8350360
420,8351646
785842,8351646
5417,8353934
583951,8353934
909620,8354582
3912822,8354582
4851,8356942
1208167,8356942
1567113,8356942
954704,8359840
2244205,8359840
171499,8359842
305558,8359842
1828,8361028
1113773,8361028
4917921,8361028
5483400,8361028
799,8361136
1285,8361136
543383,8363508
1036181,8363508
4805,8363914
695101,8363914
5266811,8363914
5458588,8363914
1608,8364368
2546012,8364368
193,8366502
1159180,8366502
1790970,8366502
202966,8367184
2319871,8367184
190,8367814
402271,8367814
834989,8367814
1890784,8367814
202,8368294
774386,8368294
2140860,8368294
96,8368394
302108,8368394
2809577,8368394
251986,8368406
1782299,8368406
291,8368408
1303,8368408
372176,8368408
2394794,8368408
1212722,8368512
2976580,8368512
1507857,8372094
2140860,8372094
2193120,8372094
641354,8372298
3271473,8372298
126284,8376234
1727304,8376234
3053338,8376234
4456120,8376234
151,8385148
161,8385148
168,8385148
5351,8385148
598,8385474
1265802,8385474
396924,8386898
3092471,8386898
319843,8399288
842770,8399288
281107,8400758
1769728,8400758
1758,8400856
1780,8400856
164,8404614
596,8404614
1763,8415352
2546,8415352
115671,8415352
543383,8415352
667,8419594
289098,8419594
4141252,8419594
215,8429474
5897057,8429474
5253,8430598
503567,8430598
836121,8430598
15196,8431078
852132,8431078
993507,8431078
1036,8439922
1424,8439922
1505,8443874
836071,8443874
649,8448496
5246,8448496
366389,8448496
799777,8456190
1102891,8456190
1663205,8456190
549505,8484012
1143861,8484012
3255459,8484012
4723712,8484012
701,8484160
1231,8484160
322513,8484160
3237775,8484160
84,8499638
643885,8499638
32304,8515132
1488620,8515132
6302687,8515132
11057946,8515132
11057947,8515132
11057948,8515132
11057949,8515132
11057950,8515132
11057951,8515132
829576,8522006
4496875,8522006
552,8526872
648,8526872
1221047,8526872
2240346,8526872
255,8531366
186505,8531366
115,8535180
170186,8535180
477127,8535180
98733,8549744
3012000,8549744
3118974,8549744
7911907,8549744
5007,8563452
88127,8563452
1292661,8563452
404307,8564600
1764351,8564600
534132,8569578
634409,8569578
579,8574186
626259,8574186
778831,8579674
835016,8579674
1212722,8579674
236,8582056
792,8582056
1458,8582056
815370,8582056
1287,8584722
4563869,8584722
893,8585080
268286,8585080
1457,8586088
1963,8586088
416,8591046
596,8591046
3485845,8591046
153,8593904
25745,8593904
910607,8593904
163,8594376
785842,8594376
269419,8615136
314358,8615136
421822,8615822
607325,8615822
92,8619854
546,8619854
1394,8619854
870204,8619854
668,8623904
706,8623904
3592338,8623904
242,8629748
131974,8629748
549505,8629748
940158,8629748
4286,8633464
268199,8633464
4726634,8633464
111,8633560
5049,8633560
553269,8633560
408591,8635092
1279721,8635092
339460,8647310
717383,8647310
2541974,8647310
3614913,8647310
1542,8648640
331577,8648640
3634777,8648640
7824975,8648640
579,8652584
342029,8652584
1408543,8652584
2081,8653640
53384,8653640
434,8663516
1513,8663516
2201555,8663516
3109964,8663516
308,8672196
961,8672196
146,8672516
494549,8672516
573406,8672516
645683,8672516
2590784,8672516
2873163,8672516
5667579,8672516
202966,8688634
799777,8688634
1092227,8688634
2018237,8688634
195,8695030
1721,8695030
1823,8695030
3485845,8695030
1746,8704802
692634,8704802
499,8710116
4286,8710116
2322853,8710116
402271,8710596
469823,8710596
1875238,8710596
1925239,8710596
215,8717446
554,8717446
701,8717446
1985859,8717446
1367,8722080
6820,8722080
1721,8722346
940158,8722346
226813,8750570
639928,8750570
663,8760550
1744,8760550
929,8766120
1458,8766120
1100,8769848
1475,8769848
147689,8769848
1051221,8769848
315767,8774962
316271,8774962
1136,8781414
386472,8781414
661825,8781414
1468739,8781414
837177,8797000
3020280,8797000
4873713,8797000
7103252,8797000
246,8809652
4821,8809652
704,8816194
565569,8816194
201669,8826496
3874127,8826496
1293,8834440
176981,8834440
937756,8835700
937930,8835700
10044425,8835700
10044426,8835700
10044427,8835700
10044428,8835700
10044429,8835700
10044430,8835700
10044431,8835700
12078,8836988
265492,8836988
602941,8836988
1538,8838452
996669,8838452
195,8847712
701,8847712
2244205,8847712
3154303,8847712
547,8851190
257917,8851190
374610,8851630
900915,8851630
817027,8851668
2319871,8851668
595110,8854384
3678876,8854384
1982597,8858104
1996829,8858104
323,8883486
1709,8883486
4936,8883486
2998321,8883486
514,8901666
34733,8901666
524528,8903840
1326732,8903840
418,8906326
3862996,8906326
114430,8912188
434854,8912188
1678610,8912188
4576260,8912188
90469,8930424
2691468,8930424
1035682,8936646
1092086,8936646
1165110,8936646
1057,8946378
262635,8946378
218,8951692
2076,8951692
1279721,8951692
2972606,8951692
160,8970448
5006,8970448
382216,8970448
176869,8972256
279545,8972256
661,8975028
440229,8975028
741378,8976608
2233462,8976608
2059,8980128
641244,8980128
4989,8998472
469823,8998472
264579,9009826
925220,9009826
4932304,9009826
1051221,9016974
1107001,9016974
1946193,9016974
1172285,9019352
1410318,9019352
284,9021234
1489978,9021234
242654,9026184
2233462,9026184
161,9032400
1401,9032400
467,9047290
474,9047290
1122,9047290
2953537,9047290
5212,9055926
193661,9055926
916073,9055926
670,9058654
973177,9058654
4700,9058902
222643,9058902
700443,9058902
559869,9059704
736622,9059704
3512758,9059704
209,9071322
4266,9071322
749263,9071322
5169,9076562
126284,9076562
136797,9076562
4496875,9076562
320762,9079080
959113,9079080
266723,9080672
629855,9080672
673391,9080672
5509403,9080672
606,9082020
511264,9082020
1408543,9082020
1725848,9082020
481,9086228
6096118,9086228
200057,9105190
447290,9105190
995,9109492
2186865,9109492
138,9114472
9414446,9114472
10323420,9114472
10764187,9114472
10767714,9114472
10767715,9114472
342,9115528
860233,9115528
913993,9115528
1567113,9115530
1940449,9115530
803889,9130508
4043618,9130508
339460,9134216
1078479,9134216
1221047,9134216
6552202,9134216
476,9134678
474520,9134678
835001,9134678
448,9135272
663,9135272
179224,9135272
293509,9136058
785227,9136058
1659547,9136058
7145,9140104
330371,9140104
601952,9140104
791231,9140104
448,9143112
1473,9143112
1557,9143112
2193120,9143112
667,9143636
5561,9143636
1160472,9143636
940362,9147456
1659221,9147456
1946193,9147456
369954,9148706
461136,9148706
1813221,9148706
2976580,9148706
197453,9149942
794896,9149942
3132,9169764
498566,9169764
504949,9169764
1829217,9169764
3634777,9169764
3725055,9169764
155588,9170528
1413739,9170528
3634777,9170528
4591912,9170528
5059729,9170528
7728060,9170528
5017,9173418
408591,9173418
1466859,9173418
7486593,9173418
1828,9178402
789976,9178402
4917921,9178402
136,9179096
631490,9179096
630,9185066
673,9185066
765597,9185066
1638321,9185066
1404239,9185316
4359664,9185316
72768,9185542
872910,9185542
252961,9198364
842770,9198364
1057,9203694
196654,9203694
447695,9203694
289098,9204204
924210,9204204
110,9206798
1132,9206798
5212,9206798
1996829,9206798
198,9207616
551,9207616
1409,9209312
1960,9209312
131974,9224288
1638321,9224288
1940449,9224288
41281,9231040
429363,9231040
790057,9231040
1249052,9239888
5077317,9239888
362,9242528
4936,9242528
765597,9242528
408591,9243804
2539953,9243804
666739,9243946
1889973,9243946
154,9244554
317,9244554
402271,9244554
1072555,9244554
1450,9248032
4884,9248032
344435,9248032
1235,9261042
1182008,9261042
261,9275046
2193120,9275046
48932,9286908
612534,9286908
860233,9286908
1376,9288726
320762,9288726
597,9308382
1084,9308382
424848,9308382
2053085,9308382
412,9310604
1102577,9310604
1592,9313424
187724,9313424
1133,9318280
2056,9318280
2186865,9318280
616,9330502
741378,9330502
3859710,9330502
126,9340860
178,9340860
429069,9352926
671721,9352926
765597,9352926
126284,9354944
3381295,9354944
725200,9356834
783468,9356834
1273148,9356834
5001580,9356834
112374,9358196
1584123,9358196
313,9358230
469,9358230
977,9358230
24188,9366994
583856,9366994
398,9382224
597,9382224
603,9383986
626259,9383986
452,9386648
5031,9386648
269419,9392248
744107,9392248
620,9392374
2254074,9392374
1132,9394856
4778,9394856
525921,9394856
148,9395794
172531,9395794
5565513,9395794
849,9411866
1674,9411866
1102577,9411866
413245,9412088
935498,9412088
5243688,9412088
9326397,9412088
647634,9419884
938950,9419884
1212722,9419884
5308,9442842
202966,9442842
608405,9442842
227,9506000
1542,9506000
1828,9506000
4743,9506000
285,9506562
4999,9506562
1469236,9522296
2934314,9522296
588,9523112
3817466,9523112
4570282,9523112
6920210,9523112
643,9525230
1118,9525230
185,9534808
1218,9534808
1530,9575438
5535,9575438
201669,9584814
1326732,9584814
342029,9585676
502425,9585676
931324,9585676
625789,9598214
803889,9598214
4534098,9598214
2201555,9601220
3571592,9601220
195,9606374
429069,9606374
2809577,9606374
3725055,9606374
729,9608818
424848,9608818
781981,9608818
3729225,9608818
644406,9613316
771414,9613316
437,9617570
10408357,9617570
85438,9617578
1101712,9617578
1894655,9617578
317,9620292
1659547,9620292
538,9621284
4051,9621284
401264,9621284
246,9625664
430,9625664
1764351,9625664
96,9652730
4141252,9652730
92,9657382
1329,9657382
38367,9657382
115415,9657382
263253,9657382
278396,9657382
294067,9657382
388092,9657382
597388,9663764
1720028,9663764
913488,9664078
2921091,9664078
732,9673140
101005,9673140
4715,9673190
148418,9673190
732,9673224
101005,9673224
404,9679930
5131,9679930
114,9686708
673,9686708
2654829,9686708
169,9689696
1173,9689696
1287,9689696
935395,9689696
620,9690830
12078,9690830
925220,9690830
95,9691482
268,9691482
993,9691482
66877,9691482
540441,9694312
549505,9694312
221,9722848
5175,9722848
356017,9731534
2797756,9731534
3057022,9731534
198,9731682
941777,9731682
1812656,9731682
2309517,9731682
463,9742794
383603,9742794
756203,9767556
9521992,9767556
310865,9777790
627245,9777790
641,9779516
1429380,9779516
193,9779560
385,9779560
426,9779560
1614,9779560
222922,9788606
1326732,9788606
924154,9789042
1256532,9789042
1534700,9789042
232,9793112
261,9793112
285,9793112
1574,9793112
1394,9795588
851113,9795588
112374,9815190
298341,9815190
889513,9815190
2703058,9815190
331577,9815714
925220,9815714
1330276,9815714
102,9833362
3497546,9833362
10500613,9833362
10500614,9833362
194136,9845012
237244,9845012
1057,9883996
507073,9883996
1848,9893250
227759,9893250
683253,9893250
2555462,9893250
2332,9894470
6669,9894470
403947,10003008
1405398,10003008
1555340,10003008
2087739,10003008
420955,10023286
2788156,10023286
3081796,10023286
374,10045260
934113,10045260
128,10059518
5145655,10059518
1159,10059530
205626,10059530
6969,10075788
429363,10075788
1242688,10075788
2225369,10075788
2955013,10075788
168,10075836
375,10075836
1745,10075836
262635,10075836
424060,10075836
719637,10075836
749263,10075836
1089991,10075836
1165110,10075836
323,10077034
372176,10077034
1357683,10077034
345,10087464
1288,10087464
112,10096842
3046705,10096842
663,10110872
1218,10110872
1250,10143498
40939,10143498
1518,10147726
522909,10147726
6196619,10147726
8361677,10147726
788335,10151054
924154,10151054
1503432,10151054
2925352,10151054
173,10161886
658,10161886
1221047,10161886
5377144,10161886
397212,10165870
442207,10165870
218,10172268
2539953,10172268
1045,10172524
4873,10172524
5405,10172524
785842,10182822
1249052,10182822
1512166,10183816
1544217,10183816
1749,10187208
401264,10187208
1325419,10187208
256599,10192406
2225369,10192406
3109964,10192406
75650,10204366
94789,10204366
182,10223460
5562,10223460
798971,10223460
295,10228134
1804,10228134
134072,10228134
2541974,10228134
2539953,10230994
2933542,10230994
285,10237902
45485,10237902
161946,10251962
473162,10251962
227,10253466
1136,10253466
836071,10253466
68187,10255320
641097,10255320
146798,10264732
583951,10264732
164,10272386
1722,10272386
1469236,10272386
1782299,10272386
275,10273784
695,10273784
1732,10273784
1412974,10274176
3614913,10274176
72768,10287954
956956,10287954
1158,10292952
1832,10292952
379,10293406
200452,10293406
1212722,10293406
477127,10295314
915989,10295314
685,10302982
1001,10302982
68187,10307856
283945,10307856
367,10307922
201669,10307922
412,10308878
1083271,10308878
1209966,10308878
1423955,10308878
154,10308928
98378,10308928
386472,10308928
953882,10308928
448,10313806
449,10313806
68187,10313806
4755,10314344
254712,10314344
1844,10316770
522909,10316770
360745,10319746
3605836,10319746
929,10328320
98372,10328320
360745,10332640
668271,10332640
3533879,10332640
3605836,10332640
161,10333426
5562,10333426
956526,10333426
5182,10334148
279545,10334148
1405398,10334148
217,10334456
2008,10334456
168,10342730
1674,10342730
1540404,10342730
4912,10342914
424819,10342914
162,10354220
5048,10354220
302,10358566
128657,10358566
761190,10358566
2034147,10358566
171,10369638
526985,10369638
2057859,10369638
304801,10370380
322513,10370380
470981,10370380
570570,10370380
366,10370644
618,10370644
1648,10370644
92,10374874
1295,10374874
347149,10374874
416893,10374874
731575,10374874
788351,10374874
870204,10374874
449,10375916
673563,10375916
1474,10376988
4867,10376988
4955,10404200
5037,10404200
97404,10404200
136760,10404200
483565,10404200
539332,10404200
2325108,10404200
6505248,10404200
635262,10417726
1553725,10417726
1722914,10417726
492,10418662
1608,10418662
4920,10418662
1752221,10418662
75710,10441958
527852,10441958
170,10447328
196654,10447328
1092086,10447328
6610,10448458
242654,10448458
510,10449052
342029,10449052
520064,10449052
355024,10451852
803889,10451852
938950,10451852
110,10466232
1354,10466232
1653,10466232
4884,10466232
564901,10466232
626362,10466232
1801240,10466232
144,10481868
1782299,10481868
35488,10498792
707476,10498792
1123750,10498792
5120390,10498792
402,10504184
1190,10504184
498278,10504184
692634,10504184
367,10505316
208426,10505316
679,10509906
1194,10509906
1289173,10509906
644022,10513698
837177,10513698
881672,10513698
205626,10514222
1569276,10514222
274,10535522
446,10535522
4920,10535522
544611,10535522
285,10536646
1475,10536646
4724,10536646
413168,10536646
367,10537660
2010,10537660
2010,10537978
856500,10537978
123,10539608
151419,10539608
428065,10539608
654648,10539608
809,10545704
500976,10545704
1629,10552624
5499,10552624
627878,10552624
929609,10552624
1794,10553210
5417,10553210
593664,10553210
138,10578490
2825079,10578490
4419278,10578490
4574198,10578490
616,10579468
741378,10579468
101005,10579768
335275,10579768
4805,10581486
6670,10581486
42006,10581486
608714,10581486
619651,10584480
2402650,10584480
2655413,10584480
3046705,10584480
513375,10587740
889513,10587740
413245,10597228
9326397,10597228
947,10612336
261724,10612336
198,10618286
1086543,10618286
2934314,10618286
1507,10619394
34976,10619394
3642811,10619394
603,10623178
1648,10623178
1852,10627548
4724,10627548
184990,10627710
796676,10627710
808917,10627710
809793,10627710
915989,10644372
1812267,10644372
204,10648342
1165110,10648342
130,10665338
1309,10665338
339460,10665338
130,10665342
339460,10665342
249,10669906
5458588,10669906
1212722,10687506
2057859,10687506
115,10690676
1393,10690676
947338,10690676
39162,10691162
2230865,10691162
1667,10715446
407296,10715446
2011629,10715446
3777101,10715446
174,10719958
191,10719958
966,10719958
571537,10731778
4487976,10731778
274508,10768194
636562,10768194
396643,10783100
741378,10783100
577329,10789216
838360,10789216
853231,10789216
956526,10789216
616,10794866
5346,10794866
793,10798004
198072,10798004
298,10808832
658,10808832
1848,10808832
285,10831086
538,10831086
1424,10832274
177639,10832274
1235530,10832274
708,10833362
1727943,10833362
206,10838180
5251,10838180
3725055,10838180
916617,10843306
1882929,10843306
7885187,10843306
2032,10846284
232942,10846284
2032,10846414
232942,10846414
112374,10847286
1569428,10847286
5300,10848174
722647,10848174
199118,10868980
400194,10868980
577329,10868980
894690,10868980
680,10880084
1272,10880084
568180,10880084
1318596,10887902
1843026,10887902
2177528,10887902
2029,10907990
316271,10907990
4591912,10907990
106319,10912082
741388,10912082
434,10920376
579,10920376
353,10923392
1072555,10923392
12078,10933680
474520,10933680
81449,10934196
467451,10934196
5286,10944276
355097,10944276
2791093,10944276
5131141,10944276
1409,10945274
2100,10945274
289856,10948718
673391,10948718
34733,10949778
256297,10949778
1148573,10949778
1974166,10949778
172,10951288
532,10951288
755308,10952012
1812267,10952012
116,10954110
206,10954110
242,10954110
932,10954110
132785,10954148
288621,10954148
360081,10954148
558556,10954148
809184,10954148
1284958,10954148
5480169,10954148
8097861,10954148
10985938,10954148
501210,10963882
2016345,10963882
604,10975288
176869,10975288
571106,10975288
5286,10985740
519043,10985740
1270009,10985740
451,10986222
1618,10986222
681,10994688
1711114,10994688
115,11003218
35060,11003218
530365,11006570
1326732,11006570
1285,11015606
1952,11015606
616,11029976
1609,11029976
449,11045566
125847,11045566
140,11052346
285,11052346
505,11057594
4898,11057594
1212071,11057594
310865,11060092
863816,11060092
1045,11074166
4873,11074166
194136,11081744
452190,11081744
1368,11082512
70115,11082512
797464,11082512
1970,11082858
41724,11082858
852,11093134
882,11093134
1376,11093134
581953,11093134
366,11093266
208426,11093266
452190,11098054
865411,11098054
337,11100856
1287,11100856
915458,11100856
1616,11107010
913460,11107010
893,11111286
462712,11111286
199006,11121664
2539953,11121664
418,11125030
799,11125030
407,11127972
616,11127972
12078,11138292
331577,11138292
